size
"2",,"","","","","arm-none-eabi-gcc (GCC) 11.1.0"
"","-Os -std=gnu89 -mcpu=cortex-m0"
bzip2-1.0.2,huffman,908
bzip2-1.0.2,decompress,6811
bzip2-1.0.2,bzip2recover,2797
bzip2-1.0.2,crctable,1024
bzip2-1.0.2,compress,6423
bzip2-1.0.2,randtable,2048
bzip2-1.0.2,bzlib,8439
bzip2-1.0.2,blocksort,4963
bzip2-1.0.2,bzip2,13677
cg_compiler_opensrc,support,18559
cg_compiler_opensrc,cgcmain,1955
cg_compiler_opensrc,constfold,3344
cg_compiler_opensrc,support_iter,1454
cg_compiler_opensrc,symbols,4813
cg_compiler_opensrc,printutils,7875
cg_compiler_opensrc,atom,2804
cg_compiler_opensrc,cpp,4926
cg_compiler_opensrc,compile,9594
cg_compiler_opensrc,cgstruct,76
cg_compiler_opensrc,tokens,2225
cg_compiler_opensrc,binding,1059
cg_compiler_opensrc,hal,1923
cg_compiler_opensrc,stdlib,3222
cg_compiler_opensrc,check,2565
cg_compiler_opensrc,generic_hal,2131
cg_compiler_opensrc,memory,350
cg_compiler_opensrc,tokenize,550
cg_compiler_opensrc,scanner,4523
cg_compiler_opensrc,parser,13439
cg_compiler_opensrc,semantic,3530
cg_compiler_opensrc,inline,2118
compiler,cg,2003
compiler,vam,3085
compiler,vas,5574
compiler,scanner,2731
compiler,parser,3695
compiler,main,1834
flex-2.5.31,regex,419
flex-2.5.31,yylex,712
flex-2.5.31,skel,94034
flex-2.5.31,filter,1753
flex-2.5.31,scanopt,2458
flex-2.5.31,ccl,740
flex-2.5.31,parse,6781
flex-2.5.31,nfa,2856
flex-2.5.31,misc,4294
flex-2.5.31,scan,36858
flex-2.5.31,dfa,5282
flex-2.5.31,tblcmp,2588
flex-2.5.31,tables,1553
flex-2.5.31,buf,711
flex-2.5.31,ecs,408
flex-2.5.31,sym,707
flex-2.5.31,libmain,12
flex-2.5.31,tables_shared,22
flex-2.5.31,options,2610
flex-2.5.31,libyywrap,4
flex-2.5.31,main,14226
flex-2.5.31,gen,19942
jikespg-1.3,src/mkstates,2202
jikespg-1.3,src/prntstat,2540
jikespg-1.3,src/resolve,8976
jikespg-1.3,src/globals,264
jikespg-1.3,src/ctabs,41344
jikespg-1.3,src/produce,8197
jikespg-1.3,src/mkred,5280
jikespg-1.3,src/ptables,2563
jikespg-1.3,src/lpgparse,36189
jikespg-1.3,src/lpgutil,3451
jikespg-1.3,src/spacetab,15196
jikespg-1.3,src/remsp,5818
jikespg-1.3,src/partset,1304
jikespg-1.3,src/mkfirst,11192
jikespg-1.3,src/main,5223
jikespg-1.3,src/tabutil,9786
jikespg-1.3,src/timetab,7436
jpeg-6b,jcmainct,304
jpeg-6b,wrtarga,688
jpeg-6b,jdmainct,1260
jpeg-6b,jdsample,1280
jpeg-6b,jdmaster,1388
jpeg-6b,jdpostct,616
jpeg-6b,jquant1,2340
jpeg-6b,wrbmp,1816
jpeg-6b,djpeg,5403
jpeg-6b,jcinit,156
jpeg-6b,rdjpgcom,1975
jpeg-6b,rdgif,81
jpeg-6b,jfdctint,532
jpeg-6b,wrppm,450
jpeg-6b,wrjpgcom,2743
jpeg-6b,jcapistd,372
jpeg-6b,jchuff,2496
jpeg-6b,jdcolor,944
jpeg-6b,jpegtran,3304
jpeg-6b,jcparam,2496
jpeg-6b,jdmerge,1084
jpeg-6b,jddctmgr,676
jpeg-6b,ansi2knr,2004
jpeg-6b,jfdctfst,348
jpeg-6b,jccolor,1212
jpeg-6b,jdphuff,2408
jpeg-6b,jmemmgr,2374
jpeg-6b,jfdctflt,748
jpeg-6b,wrrle,0
jpeg-6b,jidctfst,688
jpeg-6b,jcmaster,2000
jpeg-6b,jdatadst,204
jpeg-6b,jutils,408
jpeg-6b,rdswitch,1536
jpeg-6b,jcprepct,1024
jpeg-6b,rdcolmap,1040
jpeg-6b,jcdctmgr,1112
jpeg-6b,jdapimin,812
jpeg-6b,jcomapi,106
jpeg-6b,rdbmp,1560
jpeg-6b,jdcoefct,2664
jpeg-6b,jerror,5382
jpeg-6b,jidctred,936
jpeg-6b,jidctint,880
jpeg-6b,cjpeg,5057
jpeg-6b,rdppm,1288
jpeg-6b,jquant2,3228
jpeg-6b,jdapistd,710
jpeg-6b,cdjpeg,96
jpeg-6b,transupp,3388
jpeg-6b,rdtarga,1352
jpeg-6b,wrgif,1684
jpeg-6b,jdhuff,2096
jpeg-6b,jctrans,1124
jpeg-6b,jdmarker,4832
jpeg-6b,jcmarker,1532
jpeg-6b,jccoefct,1440
jpeg-6b,jcsample,1560
jpeg-6b,jcapimin,600
jpeg-6b,jmemnobs,64
jpeg-6b,jidctflt,1140
jpeg-6b,jdtrans,268
jpeg-6b,jdatasrc,228
jpeg-6b,jdinput,980
jpeg-6b,jcphuff,2036
jpeg-6b,rdrle,0
libmspack,test/md5,2628
libmspack,test/cabd_md5,1009
libmspack,test/cabextract_md5,17586
libmspack,test/cabrip,349
libmspack,test/chmd_md5,886
libmspack,test/cabd_test,8986
libmspack,mspack/lzxc,0
libmspack,mspack/qtmc,0
libmspack,mspack/kwajc,6
libmspack,mspack/cabc,6
libmspack,mspack/szddc,6
libmspack,mspack/cabd,4244
libmspack,mspack/hlpd,6
libmspack,mspack/litd,6
libmspack,mspack/mszipd,22
libmspack,mspack/kwajd,6
libmspack,mspack/qtmd,4048
libmspack,mspack/litc,6
libmspack,mspack/lzxd,4968
libmspack,mspack/mszipc,0
libmspack,mspack/chmd,2596
libmspack,mspack/szddd,6
libmspack,mspack/chmc,6
libmspack,mspack/system,522
libmspack,mspack/hlpc,6
libpng-1.2.5,pngtrans,1708
libpng-1.2.5,pngwrite,5145
libpng-1.2.5,pngtest,5176
libpng-1.2.5,pngerror,703
libpng-1.2.5,pngpread,5087
libpng-1.2.5,pngrutil,12883
libpng-1.2.5,pngrio,273
libpng-1.2.5,pngread,5402
libpng-1.2.5,pngrtran,14348
libpng-1.2.5,pngwio,313
libpng-1.2.5,pngwtran,1268
libpng-1.2.5,png,2293
libpng-1.2.5,png2pnm,2162
libpng-1.2.5,pngwutil,10042
libpng-1.2.5,pngmem,425
libpng-1.2.5,pnm2png,2317
libpng-1.2.5,pngget,2148
libpng-1.2.5,pngset,4969
linux-2.4.23-pre3-testplatform,net/socket,4476
linux-2.4.23-pre3-testplatform,net/8021q/vlanproc,14
linux-2.4.23-pre3-testplatform,net/8021q/vlan,540
linux-2.4.23-pre3-testplatform,net/8021q/vlan_dev,2966
linux-2.4.23-pre3-testplatform,net/802/p8023,86
linux-2.4.23-pre3-testplatform,net/netlink/af_netlink,2944
linux-2.4.23-pre3-testplatform,net/ipv4/ip_sockglue,3592
linux-2.4.23-pre3-testplatform,net/ipv4/proc,2506
linux-2.4.23-pre3-testplatform,net/ipv4/inetpeer,1426
linux-2.4.23-pre3-testplatform,net/ipv4/tcp,10117
linux-2.4.23-pre3-testplatform,net/ipv4/tcp_timer,2742
linux-2.4.23-pre3-testplatform,net/ipv4/ip_forward,336
linux-2.4.23-pre3-testplatform,net/ipv4/ip_output,3423
linux-2.4.23-pre3-testplatform,net/ipv4/ip_input,512
linux-2.4.23-pre3-testplatform,net/ipv4/tcp_input,16267
linux-2.4.23-pre3-testplatform,net/ipv4/tcp_ipv4,10145
linux-2.4.23-pre3-testplatform,net/ipv4/sysctl_net_ipv4,0
linux-2.4.23-pre3-testplatform,net/ipv4/route,7988
linux-2.4.23-pre3-testplatform,net/ipv4/protocol,362
linux-2.4.23-pre3-testplatform,net/ipv4/devinet,4015
linux-2.4.23-pre3-testplatform,net/ipv4/tcp_output,7383
linux-2.4.23-pre3-testplatform,net/ipv4/udp,4064
linux-2.4.23-pre3-testplatform,net/ipv4/ip_options,2402
linux-2.4.23-pre3-testplatform,net/ipv4/tcp_minisocks,3235
linux-2.4.23-pre3-testplatform,net/ipv4/utils,56
linux-2.4.23-pre3-testplatform,net/ipv4/igmp,7338
linux-2.4.23-pre3-testplatform,net/ipv4/arp,3580
linux-2.4.23-pre3-testplatform,net/ipv4/af_inet,3857
linux-2.4.23-pre3-testplatform,net/ipv4/ip_fragment,2297
linux-2.4.23-pre3-testplatform,net/ipv4/fib_hash,2629
linux-2.4.23-pre3-testplatform,net/ipv4/tcp_diag,2446
linux-2.4.23-pre3-testplatform,net/ipv4/raw,2644
linux-2.4.23-pre3-testplatform,net/ipv4/fib_semantics,2379
linux-2.4.23-pre3-testplatform,net/ipv4/fib_frontend,1700
linux-2.4.23-pre3-testplatform,net/ipv4/icmp,3070
linux-2.4.23-pre3-testplatform,net/sunrpc/xprt,4442
linux-2.4.23-pre3-testplatform,net/sunrpc/timer,128
linux-2.4.23-pre3-testplatform,net/sunrpc/auth_null,248
linux-2.4.23-pre3-testplatform,net/sunrpc/sched,2827
linux-2.4.23-pre3-testplatform,net/sunrpc/sunrpc_syms,0
linux-2.4.23-pre3-testplatform,net/sunrpc/svcauth,448
linux-2.4.23-pre3-testplatform,net/sunrpc/svcsock,3069
linux-2.4.23-pre3-testplatform,net/sunrpc/xdr,1376
linux-2.4.23-pre3-testplatform,net/sunrpc/auth_unix,558
linux-2.4.23-pre3-testplatform,net/sunrpc/clnt,3212
linux-2.4.23-pre3-testplatform,net/sunrpc/pmap_clnt,617
linux-2.4.23-pre3-testplatform,net/sunrpc/auth,696
linux-2.4.23-pre3-testplatform,net/sunrpc/svc,1609
linux-2.4.23-pre3-testplatform,net/ethernet/eth,489
linux-2.4.23-pre3-testplatform,net/sched/sch_generic,1930
linux-2.4.23-pre3-testplatform,net/core/skbuff,4493
linux-2.4.23-pre3-testplatform,net/core/neighbour,5753
linux-2.4.23-pre3-testplatform,net/core/iovec,660
linux-2.4.23-pre3-testplatform,net/core/dst,612
linux-2.4.23-pre3-testplatform,net/core/dev_mcast,607
linux-2.4.23-pre3-testplatform,net/core/sock,2461
linux-2.4.23-pre3-testplatform,net/core/utils,189
linux-2.4.23-pre3-testplatform,net/core/rtnetlink,2245
linux-2.4.23-pre3-testplatform,net/core/scm,602
linux-2.4.23-pre3-testplatform,net/core/dev,7080
linux-2.4.23-pre3-testplatform,net/core/ethtool,98
linux-2.4.23-pre3-testplatform,net/core/datagram,1267
linux-2.4.23-pre3-testplatform,kernel/timer,1781
linux-2.4.23-pre3-testplatform,kernel/printk,1416
linux-2.4.23-pre3-testplatform,kernel/info,188
linux-2.4.23-pre3-testplatform,kernel/sched,2162
linux-2.4.23-pre3-testplatform,kernel/ptrace,596
linux-2.4.23-pre3-testplatform,kernel/kmod,208
linux-2.4.23-pre3-testplatform,kernel/dma,12
linux-2.4.23-pre3-testplatform,kernel/fork,953
linux-2.4.23-pre3-testplatform,kernel/time,468
linux-2.4.23-pre3-testplatform,kernel/acct,6
linux-2.4.23-pre3-testplatform,kernel/context,331
linux-2.4.23-pre3-testplatform,kernel/user,164
linux-2.4.23-pre3-testplatform,kernel/exit,591
linux-2.4.23-pre3-testplatform,kernel/capability,16
linux-2.4.23-pre3-testplatform,kernel/softirq,1514
linux-2.4.23-pre3-testplatform,kernel/sysctl,72
linux-2.4.23-pre3-testplatform,kernel/itimer,284
linux-2.4.23-pre3-testplatform,kernel/resource,853
linux-2.4.23-pre3-testplatform,kernel/exec_domain,451
linux-2.4.23-pre3-testplatform,kernel/sys,1528
linux-2.4.23-pre3-testplatform,kernel/module,743
linux-2.4.23-pre3-testplatform,kernel/signal,1959
linux-2.4.23-pre3-testplatform,kernel/panic,471
linux-2.4.23-pre3-testplatform,ipc/msg,1194
linux-2.4.23-pre3-testplatform,ipc/sem,2330
linux-2.4.23-pre3-testplatform,ipc/util,615
linux-2.4.23-pre3-testplatform,ipc/shm,1439
linux-2.4.23-pre3-testplatform,arch/testplatform/kernel/init_task,9916
linux-2.4.23-pre3-testplatform,arch/testplatform/kernel/head,2
linux-2.4.23-pre3-testplatform,arch/testplatform/kernel/sys_s390,448
linux-2.4.23-pre3-testplatform,arch/testplatform/kernel/s390fpu,16
linux-2.4.23-pre3-testplatform,arch/testplatform/kernel/entry,18
linux-2.4.23-pre3-testplatform,arch/testplatform/kernel/ptrace,960
linux-2.4.23-pre3-testplatform,arch/testplatform/kernel/cpcmd,2
linux-2.4.23-pre3-testplatform,arch/testplatform/kernel/traps,3472
linux-2.4.23-pre3-testplatform,arch/testplatform/kernel/time,10
linux-2.4.23-pre3-testplatform,arch/testplatform/kernel/debug,2862
linux-2.4.23-pre3-testplatform,arch/testplatform/kernel/s390_ext,448
linux-2.4.23-pre3-testplatform,arch/testplatform/kernel/reipl,2
linux-2.4.23-pre3-testplatform,arch/testplatform/kernel/bitmap,3
linux-2.4.23-pre3-testplatform,arch/testplatform/kernel/ebcdic,1536
linux-2.4.23-pre3-testplatform,arch/testplatform/kernel/needed,16
linux-2.4.23-pre3-testplatform,arch/testplatform/kernel/signal,992
linux-2.4.23-pre3-testplatform,arch/testplatform/kernel/setup,1652
linux-2.4.23-pre3-testplatform,arch/testplatform/kernel/irq,18
linux-2.4.23-pre3-testplatform,arch/testplatform/kernel/semaphore,46
linux-2.4.23-pre3-testplatform,arch/testplatform/kernel/process,568
linux-2.4.23-pre3-testplatform,arch/testplatform/mm/fault,178
linux-2.4.23-pre3-testplatform,arch/testplatform/mm/ioremap,543
linux-2.4.23-pre3-testplatform,arch/testplatform/mm/init,1372
linux-2.4.23-pre3-testplatform,arch/testplatform/mm/extable,64
linux-2.4.23-pre3-testplatform,arch/testplatform/lib/checksum,4
linux-2.4.23-pre3-testplatform,arch/testplatform/lib/strncpy,4
linux-2.4.23-pre3-testplatform,arch/testplatform/lib/uaccess,12
linux-2.4.23-pre3-testplatform,arch/testplatform/lib/delay,4
linux-2.4.23-pre3-testplatform,arch/testplatform/lib/misaligned,132
linux-2.4.23-pre3-testplatform,arch/testplatform/lib/strcmp,4
linux-2.4.23-pre3-testplatform,arch/testplatform/lib/memset,4
linux-2.4.23-pre3-testplatform,arch/testplatform/lib/memcpy,4
linux-2.4.23-pre3-testplatform,mm/mlock,460
linux-2.4.23-pre3-testplatform,mm/slab,2750
linux-2.4.23-pre3-testplatform,mm/swap,350
linux-2.4.23-pre3-testplatform,mm/shmem,4135
linux-2.4.23-pre3-testplatform,mm/swap_state,831
linux-2.4.23-pre3-testplatform,mm/oom_kill,479
linux-2.4.23-pre3-testplatform,mm/swapfile,2407
linux-2.4.23-pre3-testplatform,mm/vmalloc,1587
linux-2.4.23-pre3-testplatform,mm/mremap,536
linux-2.4.23-pre3-testplatform,mm/vmscan,46
linux-2.4.23-pre3-testplatform,mm/filemap,6981
linux-2.4.23-pre3-testplatform,mm/mmap,1794
linux-2.4.23-pre3-testplatform,mm/page_io,451
linux-2.4.23-pre3-testplatform,mm/page_alloc,2315
linux-2.4.23-pre3-testplatform,mm/memory,2800
linux-2.4.23-pre3-testplatform,mm/numa,880
linux-2.4.23-pre3-testplatform,mm/bootmem,1267
linux-2.4.23-pre3-testplatform,mm/mprotect,568
linux-2.4.23-pre3-testplatform,lib/dec_and_lock,0
linux-2.4.23-pre3-testplatform,lib/rbtree,640
linux-2.4.23-pre3-testplatform,lib/dump_stack,70
linux-2.4.23-pre3-testplatform,lib/zlib_inflate/inffast,710
linux-2.4.23-pre3-testplatform,lib/zlib_inflate/inftrees,6177
linux-2.4.23-pre3-testplatform,lib/zlib_inflate/infblock,1962
linux-2.4.23-pre3-testplatform,lib/zlib_inflate/infutil,258
linux-2.4.23-pre3-testplatform,lib/zlib_inflate/infcodes,1314
linux-2.4.23-pre3-testplatform,lib/zlib_inflate/inflate,1714
linux-2.4.23-pre3-testplatform,lib/zlib_inflate/inflate_syms,0
linux-2.4.23-pre3-testplatform,lib/zlib_deflate/deflate_syms,0
linux-2.4.23-pre3-testplatform,lib/zlib_deflate/deflate,3780
linux-2.4.23-pre3-testplatform,lib/zlib_deflate/deftree,5880
linux-2.4.23-pre3-testplatform,lib/rwsem-spinlock,270
linux-2.4.23-pre3-testplatform,lib/bust_spinlocks,50
linux-2.4.23-pre3-testplatform,lib/vsprintf,2581
linux-2.4.23-pre3-testplatform,lib/brlock,0
linux-2.4.23-pre3-testplatform,lib/string,484
linux-2.4.23-pre3-testplatform,lib/ctype,256
linux-2.4.23-pre3-testplatform,lib/errno,0
linux-2.4.23-pre3-testplatform,lib/cmdline,172
linux-2.4.23-pre3-testplatform,init/do_mounts,3233
linux-2.4.23-pre3-testplatform,init/version,499
linux-2.4.23-pre3-testplatform,init/main,942
linux-2.4.23-pre3-testplatform,fs/seq_file,1324
linux-2.4.23-pre3-testplatform,fs/block_dev,2609
linux-2.4.23-pre3-testplatform,fs/dnotify,196
linux-2.4.23-pre3-testplatform,fs/pipe,1518
linux-2.4.23-pre3-testplatform,fs/xattr,600
linux-2.4.23-pre3-testplatform,fs/binfmt_elf,0
linux-2.4.23-pre3-testplatform,fs/attr,414
linux-2.4.23-pre3-testplatform,fs/filesystems,0
linux-2.4.23-pre3-testplatform,fs/locks,4118
linux-2.4.23-pre3-testplatform,fs/partitions/check,1171
linux-2.4.23-pre3-testplatform,fs/partitions/msdos,956
linux-2.4.23-pre3-testplatform,fs/bad_inode,236
linux-2.4.23-pre3-testplatform,fs/iobuf,647
linux-2.4.23-pre3-testplatform,fs/nfsd/export,3749
linux-2.4.23-pre3-testplatform,fs/nfsd/nfsproc,2907
linux-2.4.23-pre3-testplatform,fs/nfsd/stats,40
linux-2.4.23-pre3-testplatform,fs/nfsd/nfsctl,10
linux-2.4.23-pre3-testplatform,fs/nfsd/nfsxdr,1556
linux-2.4.23-pre3-testplatform,fs/nfsd/nfsfh,3430
linux-2.4.23-pre3-testplatform,fs/nfsd/nfs3proc,2594
linux-2.4.23-pre3-testplatform,fs/nfsd/lockd,184
linux-2.4.23-pre3-testplatform,fs/nfsd/nfs3xdr,3344
linux-2.4.23-pre3-testplatform,fs/nfsd/nfssvc,613
linux-2.4.23-pre3-testplatform,fs/nfsd/auth,116
linux-2.4.23-pre3-testplatform,fs/nfsd/nfscache,1335
linux-2.4.23-pre3-testplatform,fs/nfsd/vfs,5064
linux-2.4.23-pre3-testplatform,fs/fifo,384
linux-2.4.23-pre3-testplatform,fs/exec,1579
linux-2.4.23-pre3-testplatform,fs/file_table,579
linux-2.4.23-pre3-testplatform,fs/buffer,7297
linux-2.4.23-pre3-testplatform,fs/open,2093
linux-2.4.23-pre3-testplatform,fs/devices,730
linux-2.4.23-pre3-testplatform,fs/select,374
linux-2.4.23-pre3-testplatform,fs/super,2254
linux-2.4.23-pre3-testplatform,fs/fcntl,994
linux-2.4.23-pre3-testplatform,fs/dcache,2926
linux-2.4.23-pre3-testplatform,fs/char_dev,295
linux-2.4.23-pre3-testplatform,fs/read_write,1464
linux-2.4.23-pre3-testplatform,fs/namespace,1519
linux-2.4.23-pre3-testplatform,fs/ext3/balloc,3988
linux-2.4.23-pre3-testplatform,fs/ext3/symlink,112
linux-2.4.23-pre3-testplatform,fs/ext3/ialloc,2523
linux-2.4.23-pre3-testplatform,fs/ext3/super,10900
linux-2.4.23-pre3-testplatform,fs/ext3/bitmap,116
linux-2.4.23-pre3-testplatform,fs/ext3/ioctl,255
linux-2.4.23-pre3-testplatform,fs/ext3/fsync,8
linux-2.4.23-pre3-testplatform,fs/ext3/inode,7712
linux-2.4.23-pre3-testplatform,fs/ext3/namei,5183
linux-2.4.23-pre3-testplatform,fs/ext3/dir,1068
linux-2.4.23-pre3-testplatform,fs/ext3/file,302
linux-2.4.23-pre3-testplatform,fs/lockd/host,1228
linux-2.4.23-pre3-testplatform,fs/lockd/svcsubs,935
linux-2.4.23-pre3-testplatform,fs/lockd/clntlock,559
linux-2.4.23-pre3-testplatform,fs/lockd/svc4proc,2216
linux-2.4.23-pre3-testplatform,fs/lockd/svclock,1699
linux-2.4.23-pre3-testplatform,fs/lockd/lockd_syms,0
linux-2.4.23-pre3-testplatform,fs/lockd/xdr4,2796
linux-2.4.23-pre3-testplatform,fs/lockd/xdr,2963
linux-2.4.23-pre3-testplatform,fs/lockd/clntproc,1401
linux-2.4.23-pre3-testplatform,fs/lockd/svcproc,2264
linux-2.4.23-pre3-testplatform,fs/lockd/svcshare,280
linux-2.4.23-pre3-testplatform,fs/lockd/mon,858
linux-2.4.23-pre3-testplatform,fs/lockd/svc,659
linux-2.4.23-pre3-testplatform,fs/ioctl,300
linux-2.4.23-pre3-testplatform,fs/readdir,1129
linux-2.4.23-pre3-testplatform,fs/nfs/proc,1240
linux-2.4.23-pre3-testplatform,fs/nfs/unlink,552
linux-2.4.23-pre3-testplatform,fs/nfs/symlink,308
linux-2.4.23-pre3-testplatform,fs/nfs/nfs2xdr,2904
linux-2.4.23-pre3-testplatform,fs/nfs/read,1636
linux-2.4.23-pre3-testplatform,fs/nfs/flushd,348
linux-2.4.23-pre3-testplatform,fs/nfs/nfs3proc,1980
linux-2.4.23-pre3-testplatform,fs/nfs/pagelist,1483
linux-2.4.23-pre3-testplatform,fs/nfs/write,4142
linux-2.4.23-pre3-testplatform,fs/nfs/nfs3xdr,3936
linux-2.4.23-pre3-testplatform,fs/nfs/inode,5125
linux-2.4.23-pre3-testplatform,fs/nfs/dir,3228
linux-2.4.23-pre3-testplatform,fs/nfs/file,784
linux-2.4.23-pre3-testplatform,fs/ramfs/inode,743
linux-2.4.23-pre3-testplatform,fs/stat,432
linux-2.4.23-pre3-testplatform,fs/jbd/commit,3342
linux-2.4.23-pre3-testplatform,fs/jbd/checkpoint,2654
linux-2.4.23-pre3-testplatform,fs/jbd/journal,5804
linux-2.4.23-pre3-testplatform,fs/jbd/transaction,6501
linux-2.4.23-pre3-testplatform,fs/jbd/revoke,1647
linux-2.4.23-pre3-testplatform,fs/jbd/recovery,1662
linux-2.4.23-pre3-testplatform,fs/binfmt_script,300
linux-2.4.23-pre3-testplatform,fs/inode,3405
linux-2.4.23-pre3-testplatform,fs/namei,3200
linux-2.4.23-pre3-testplatform,fs/quota,1970
linux-2.4.23-pre3-testplatform,fs/file,573
linux-2.4.23-pre3-testplatform,drivers/net/net_init,575
linux-2.4.23-pre3-testplatform,drivers/net/auto_irq,48
linux-2.4.23-pre3-testplatform,drivers/net/setup,32
linux-2.4.23-pre3-testplatform,drivers/net/loopback,268
linux-2.4.23-pre3-testplatform,drivers/net/Space,3352
linux-2.4.23-pre3-testplatform,drivers/char/n_tty,3975
linux-2.4.23-pre3-testplatform,drivers/char/misc,692
linux-2.4.23-pre3-testplatform,drivers/char/pty,1335
linux-2.4.23-pre3-testplatform,drivers/char/mem,1816
linux-2.4.23-pre3-testplatform,drivers/char/random,3464
linux-2.4.23-pre3-testplatform,drivers/char/raw,952
linux-2.4.23-pre3-testplatform,drivers/char/tty_io,7320
linux-2.4.23-pre3-testplatform,drivers/char/tty_ioctl,1231
linux-2.4.23-pre3-testplatform,drivers/block/blkpg,652
linux-2.4.23-pre3-testplatform,drivers/block/elevator,480
linux-2.4.23-pre3-testplatform,drivers/block/genhd,182
linux-2.4.23-pre3-testplatform,drivers/block/ll_rw_blk,4017
lwip-0.5.3.preproc,src/core/ipv4/ip_addr,4
lwip-0.5.3.preproc,src/core/ipv4/ip,1216
lwip-0.5.3.preproc,src/core/ipv4/icmp,640
lwip-0.5.3.preproc,src/core/tcp,2047
lwip-0.5.3.preproc,src/core/pbuf,1016
lwip-0.5.3.preproc,src/core/inet,312
lwip-0.5.3.preproc,src/core/stats,20
lwip-0.5.3.preproc,src/core/tcp_input,3768
lwip-0.5.3.preproc,src/core/tcp_output,2008
lwip-0.5.3.preproc,src/core/mem,808
lwip-0.5.3.preproc,src/core/udp,896
lwip-0.5.3.preproc,src/core/sys,260
lwip-0.5.3.preproc,src/core/memp,580
lwip-0.5.3.preproc,src/core/netif,380
lwip-0.5.3.preproc,src/api/err,0
lwip-0.5.3.preproc,src/api/api_msg,1248
lwip-0.5.3.preproc,src/api/api_lib,1504
lwip-0.5.3.preproc,src/api/tcpip,244
lwip-0.5.3.preproc,src/api/sockets,820
lwip-0.5.3.preproc,src/netif/loopif,80
lwip-0.5.3.preproc,src/netif/arp,1100
lwip-0.5.3.preproc,src/netif/tcpdump,1267
lwip-0.5.3.preproc,proj/unixsim/simnode,322
lwip-0.5.3.preproc,proj/unixsim/apps/httpd,567
lwip-0.5.3.preproc,proj/unixsim/apps/shell,7773
lwip-0.5.3.preproc,proj/unixsim/apps/fs,39808
lwip-0.5.3.preproc,proj/unixsim/apps/tcpecho,112
lwip-0.5.3.preproc,proj/unixsim/apps/udpecho,128
lwip-0.5.3.preproc,proj/unixsim/simrouter,466
lwip-0.5.3.preproc,proj/unixsim/simhost,338
mpeg2dec-0.3.1,src/getopt,2220
mpeg2dec-0.3.1,src/extract_mpeg2,2576
mpeg2dec-0.3.1,src/gettimeofday,0
mpeg2dec-0.3.1,src/mpeg2dec,3482
mpeg2dec-0.3.1,libvo/video_out,146
mpeg2dec-0.3.1,libvo/yuv2rgb,3208
mpeg2dec-0.3.1,libvo/yuv2rgb_mlib,0
mpeg2dec-0.3.1,libvo/yuv2rgb_mmx,0
mpeg2dec-0.3.1,libvo/video_out_pgm,405
mpeg2dec-0.3.1,libvo/video_out_null,184
mpeg2dec-0.3.1,libvo/video_out_dx,0
mpeg2dec-0.3.1,libvo/video_out_x11,0
mpeg2dec-0.3.1,libvo/video_out_sdl,633
mpeg2dec-0.3.1,libmpeg2/cpu_accel,4
mpeg2dec-0.3.1,libmpeg2/cpu_state,2
mpeg2dec-0.3.1,libmpeg2/motion_comp_altivec,0
mpeg2dec-0.3.1,libmpeg2/idct,1112
mpeg2dec-0.3.1,libmpeg2/idct_alpha,0
mpeg2dec-0.3.1,libmpeg2/alloc,92
mpeg2dec-0.3.1,libmpeg2/idct_mlib,0
mpeg2dec-0.3.1,libmpeg2/idct_altivec,0
mpeg2dec-0.3.1,libmpeg2/decode,1852
mpeg2dec-0.3.1,libmpeg2/motion_comp_mlib,0
mpeg2dec-0.3.1,libmpeg2/motion_comp_alpha,0
mpeg2dec-0.3.1,libmpeg2/header,3436
mpeg2dec-0.3.1,libmpeg2/motion_comp,3424
mpeg2dec-0.3.1,libmpeg2/motion_comp_mmx,0
mpeg2dec-0.3.1,libmpeg2/slice,14476
mpeg2dec-0.3.1,libmpeg2/idct_mmx,0
mpgcut-1.1,mpgcut,8091
OpenTCP-1.0.4,tcp,4066
OpenTCP-1.0.4,dns/dns,920
OpenTCP-1.0.4,timers,172
OpenTCP-1.0.4,ip,1340
OpenTCP-1.0.4,http/http_server,960
OpenTCP-1.0.4,http/https_callbacks,588
OpenTCP-1.0.4,smtp/smtpc_callbacks,22
OpenTCP-1.0.4,smtp/smtp_client,1472
OpenTCP-1.0.4,tftp/tftps,576
OpenTCP-1.0.4,udp,1118
OpenTCP-1.0.4,pop3/pop3c_callbacks,20
OpenTCP-1.0.4,pop3/pop3_client,2559
OpenTCP-1.0.4,dhcp/dhcpc,1604
OpenTCP-1.0.4,arp,1657
OpenTCP-1.0.4,bootp/bootp,976
OpenTCP-1.0.4,system,732
OpenTCP-1.0.4,icmp,264
OpenTCP-1.0.4,ethernet,1456
OpenTCP-1.0.4,demo/udp_demo,188
OpenTCP-1.0.4,demo/main_demo,196
OpenTCP-1.0.4,demo/tcp_client_demo,264
OpenTCP-1.0.4,demo/tcp_server_demo,244
replaypc-0.4.0.preproc,headend,1502
replaypc-0.4.0.preproc,program,4346
replaypc-0.4.0.preproc,cg,1579
replaypc-0.4.0.preproc,bigfile,136
replaypc-0.4.0.preproc,ndx,349
replaypc-0.4.0.preproc,ReplayPC,3480
replaypc-0.4.0.preproc,dump-replayshows,218
replaypc-0.4.0.preproc,addressbook,491
replaypc-0.4.0.preproc,dump-addressbook,353
replaypc-0.4.0.preproc,un-protect,1054
replaypc-0.4.0.preproc,find-GOPs,156
replaypc-0.4.0.preproc,rtvguide,1398
replaypc-0.4.0.preproc,crypt,672
replaypc-0.4.0.preproc,dump,1214
replaypc-0.4.0.preproc,mark-commercial,1774
replaypc-0.4.0.preproc,rddns,441
replaypc-0.4.0.preproc,httpfs,5022
replaypc-0.4.0.preproc,filedarray,182
replaypc-0.4.0.preproc,rddnsclient,930
replaypc-0.4.0.preproc,dump-channelset,252
replaypc-0.4.0.preproc,httpclient,1712
replaypc-0.4.0.preproc,guide,6118
replaypc-0.4.0.preproc,dump-guide,338
replaypc-0.4.0.preproc,dump-filedarray,360
replaypc-0.4.0.preproc,guideclient,529
replaypc-0.4.0.preproc,version-test,110
replaypc-0.4.0.preproc,zipcode,343
replaypc-0.4.0.preproc,build-ndx,340
replaypc-0.4.0.preproc,dump-programset,461
replaypc-0.4.0.preproc,channelset,155
replaypc-0.4.0.preproc,rtv,500
replaypc-0.4.0.preproc,httpfsclient,1602
replaypc-0.4.0.preproc,ndx-dump,3376
replaypc-0.4.0.preproc,sleep,14
replaypc-0.4.0.preproc,dump-headend,226
replaypc-0.4.0.preproc,dump-replaychannels,226
replaypc-0.4.0.preproc,dump-cg2,355
replaypc-0.4.0.preproc,dump-zipcode2,196
replaypc-0.4.0.preproc,crypt-test,880
teem-1.6.0-src,src/echo/matter,336
teem-1.6.0-src,src/echo/color,7340
teem-1.6.0-src,src/echo/lightEcho,617
teem-1.6.0-src,src/echo/list,1176
teem-1.6.0-src,src/echo/enumsEcho,13165
teem-1.6.0-src,src/echo/renderEcho,4294
teem-1.6.0-src,src/echo/model,1036
teem-1.6.0-src,src/echo/test/test,866
teem-1.6.0-src,src/echo/test/trend,6517
teem-1.6.0-src,src/echo/sqd,6817
teem-1.6.0-src,src/echo/intx,12590
teem-1.6.0-src,src/echo/methodsEcho,453
teem-1.6.0-src,src/echo/objmethods,1064
teem-1.6.0-src,src/echo/bounds,5891
teem-1.6.0-src,src/echo/set,856
teem-1.6.0-src,src/dye/methodsDye,1853
teem-1.6.0-src,src/dye/convertDye,3148
teem-1.6.0-src,src/dye/test/bow,530
teem-1.6.0-src,src/dye/test/conv,352
teem-1.6.0-src,src/hex/enhex,705
teem-1.6.0-src,src/hex/dehex,1223
teem-1.6.0-src,src/mite/renderMite,1009
teem-1.6.0-src,src/mite/txf,6959
teem-1.6.0-src,src/mite/user,771
teem-1.6.0-src,src/mite/thread,238
teem-1.6.0-src,src/mite/defaultsMite,33
teem-1.6.0-src,src/mite/ray,3794
teem-1.6.0-src,src/biff/test/test,212
teem-1.6.0-src,src/biff/biff,2107
teem-1.6.0-src,src/air/mop,1347
teem-1.6.0-src,src/air/threadAir,849
teem-1.6.0-src,src/air/sane,3158
teem-1.6.0-src,src/air/dio,1852
teem-1.6.0-src,src/air/754,1291
teem-1.6.0-src,src/air/test/floatprint,564
teem-1.6.0-src,src/air/test/tline,377
teem-1.6.0-src,src/air/test/fp,1510
teem-1.6.0-src,src/air/test/tok,254
teem-1.6.0-src,src/air/test/tmop,543
teem-1.6.0-src,src/air/test/doubleprint,566
teem-1.6.0-src,src/air/parseAir,4570
teem-1.6.0-src,src/air/enum,608
teem-1.6.0-src,src/air/string,844
teem-1.6.0-src,src/air/endianAir,1338
teem-1.6.0-src,src/air/miscAir,3520
teem-1.6.0-src,src/air/array,390
teem-1.6.0-src,src/unrrdu/inset,1289
teem-1.6.0-src,src/unrrdu/crop,1340
teem-1.6.0-src,src/unrrdu/head,1334
teem-1.6.0-src,src/unrrdu/convert,1108
teem-1.6.0-src,src/unrrdu/reshape,946
teem-1.6.0-src,src/unrrdu/about,2707
teem-1.6.0-src,src/unrrdu/axinfo,1321
teem-1.6.0-src,src/unrrdu/swap,813
teem-1.6.0-src,src/unrrdu/jhisto,2493
teem-1.6.0-src,src/unrrdu/axmerge,1279
teem-1.6.0-src,src/unrrdu/histax,1251
teem-1.6.0-src,src/unrrdu/data,1240
teem-1.6.0-src,src/unrrdu/3op,2208
teem-1.6.0-src,src/unrrdu/permute,965
teem-1.6.0-src,src/unrrdu/quantize,1554
teem-1.6.0-src,src/unrrdu/lut,1993
teem-1.6.0-src,src/unrrdu/axinsert,1037
teem-1.6.0-src,src/unrrdu/ccsettle,1006
teem-1.6.0-src,src/unrrdu/axdelete,1330
teem-1.6.0-src,src/unrrdu/imap,2366
teem-1.6.0-src,src/unrrdu/rmap,2433
teem-1.6.0-src,src/unrrdu/project,1829
teem-1.6.0-src,src/unrrdu/flip,774
teem-1.6.0-src,src/unrrdu/histo,1430
teem-1.6.0-src,src/unrrdu/save,2638
teem-1.6.0-src,src/unrrdu/gamma,1278
teem-1.6.0-src,src/unrrdu/splice,1321
teem-1.6.0-src,src/unrrdu/1op,1591
teem-1.6.0-src,src/unrrdu/ccfind,1661
teem-1.6.0-src,src/unrrdu/block,1086
teem-1.6.0-src,src/unrrdu/ccadj,1121
teem-1.6.0-src,src/unrrdu/dhisto,1278
teem-1.6.0-src,src/unrrdu/axsplit,1076
teem-1.6.0-src,src/unrrdu/resample,3250
teem-1.6.0-src,src/unrrdu/cmedian,2396
teem-1.6.0-src,src/unrrdu/join,1424
teem-1.6.0-src,src/unrrdu/unquantize,1111
teem-1.6.0-src,src/unrrdu/ccmerge,2543
teem-1.6.0-src,src/unrrdu/unblock,1098
teem-1.6.0-src,src/unrrdu/flotsam,2454
teem-1.6.0-src,src/unrrdu/shuffle,1568
teem-1.6.0-src,src/unrrdu/dice,1666
teem-1.6.0-src,src/unrrdu/minmax,1062
teem-1.6.0-src,src/unrrdu/heq,1993
teem-1.6.0-src,src/unrrdu/pad,1692
teem-1.6.0-src,src/unrrdu/make,6098
teem-1.6.0-src,src/unrrdu/slice,1193
teem-1.6.0-src,src/unrrdu/2op,2098
teem-1.6.0-src,src/moss/hestMoss,1002
teem-1.6.0-src,src/moss/methodsMoss,872
teem-1.6.0-src,src/moss/sampler,1933
teem-1.6.0-src,src/moss/test/invert,288
teem-1.6.0-src,src/moss/xform,2770
teem-1.6.0-src,src/moss/defaultsMoss,17
teem-1.6.0-src,src/gage/miscGage,5211
teem-1.6.0-src,src/gage/vecprint,56
teem-1.6.0-src,src/gage/sclfilter,9029
teem-1.6.0-src,src/gage/ctx,3920
teem-1.6.0-src,src/gage/filter,2955
teem-1.6.0-src,src/gage/sclprint,857
teem-1.6.0-src,src/gage/shape,2896
teem-1.6.0-src,src/gage/st,2827
teem-1.6.0-src,src/gage/print,5469
teem-1.6.0-src,src/gage/scl,19232
teem-1.6.0-src,src/gage/vecGage,13416
teem-1.6.0-src,src/gage/pvl,1255
teem-1.6.0-src,src/gage/defaultsGage,53
teem-1.6.0-src,src/gage/sclanswer,6449
teem-1.6.0-src,src/gage/update,4096
teem-1.6.0-src,src/bane/valid,2118
teem-1.6.0-src,src/bane/inc,3621
teem-1.6.0-src,src/bane/gkmsTxf,2876
teem-1.6.0-src,src/bane/rangeBane,1565
teem-1.6.0-src,src/bane/gkmsInfo,1233
teem-1.6.0-src,src/bane/clip,1363
teem-1.6.0-src,src/bane/measr,1670
teem-1.6.0-src,src/bane/trnsf,3955
teem-1.6.0-src,src/bane/gkmsMite,1104
teem-1.6.0-src,src/bane/gkmsOpac,2993
teem-1.6.0-src,src/bane/gkmsFlotsam,2822
teem-1.6.0-src,src/bane/gkmsScat,1444
teem-1.6.0-src,src/bane/hvol,6305
teem-1.6.0-src,src/bane/defaultsBane,29
teem-1.6.0-src,src/bane/gkmsHvol,2706
teem-1.6.0-src,src/bane/test/sigma,141
teem-1.6.0-src,src/bane/test/tinfo,469
teem-1.6.0-src,src/bane/test/tblah,933
teem-1.6.0-src,src/bane/test/pos,525
teem-1.6.0-src,src/bane/test/opac,430
teem-1.6.0-src,src/bane/gkmsPvg,2778
teem-1.6.0-src,src/bane/trex,318
teem-1.6.0-src,src/bane/methodsBane,531
teem-1.6.0-src,src/bane/scat,657
teem-1.6.0-src,src/hest/usage,2314
teem-1.6.0-src,src/hest/defaultsHest,12
teem-1.6.0-src,src/hest/parseHest,10386
teem-1.6.0-src,src/hest/methodsHest,1885
teem-1.6.0-src,src/hest/test/ex2,924
teem-1.6.0-src,src/hest/test/ex5,729
teem-1.6.0-src,src/hest/test/ex1,1059
teem-1.6.0-src,src/hest/test/ex0,401
teem-1.6.0-src,src/hest/test/bday,962
teem-1.6.0-src,src/hest/test/strings,1103
teem-1.6.0-src,src/hest/test/ex3,1422
teem-1.6.0-src,src/hest/test/ex4,1036
teem-1.6.0-src,src/hoover/stub,44
teem-1.6.0-src,src/hoover/methodsHoover,1550
teem-1.6.0-src,src/hoover/rays,3267
teem-1.6.0-src,src/hoover/defaultsHoover,19
teem-1.6.0-src,src/ell/vecEll,1468
teem-1.6.0-src,src/ell/cubicEll,1964
teem-1.6.0-src,src/ell/eigen,4400
teem-1.6.0-src,src/ell/miscEll,979
teem-1.6.0-src,src/ell/mat,24428
teem-1.6.0-src,src/ell/test/tq,5147
teem-1.6.0-src,src/ell/test/sort3,642
teem-1.6.0-src,src/ell/test/invert,609
teem-1.6.0-src,src/ell/quat,14694
teem-1.6.0-src,src/ell/genmat,2771
teem-1.6.0-src,src/nrrd/defaultsNrrd,659
teem-1.6.0-src,src/nrrd/encodingHex,1448
teem-1.6.0-src,src/nrrd/encoding,584
teem-1.6.0-src,src/nrrd/superset,4062
teem-1.6.0-src,src/nrrd/range,512
teem-1.6.0-src,src/nrrd/reorder,7620
teem-1.6.0-src,src/nrrd/encodingRaw,1736
teem-1.6.0-src,src/nrrd/encodingGzip,561
teem-1.6.0-src,src/nrrd/formatText,2430
teem-1.6.0-src,src/nrrd/hestNrrd,971
teem-1.6.0-src,src/nrrd/read,2419
teem-1.6.0-src,src/nrrd/ccmethods,988
teem-1.6.0-src,src/nrrd/formatNRRD,3240
teem-1.6.0-src,src/nrrd/apply1D,6982
teem-1.6.0-src,src/nrrd/formatVTK,4963
teem-1.6.0-src,src/nrrd/subset,2200
teem-1.6.0-src,src/nrrd/parseNrrd,5226
teem-1.6.0-src,src/nrrd/endianNrrd,315
teem-1.6.0-src,src/nrrd/keyvalue,649
teem-1.6.0-src,src/nrrd/encodingAscii,1365
teem-1.6.0-src,src/nrrd/gzio,0
teem-1.6.0-src,src/nrrd/measure,7736
teem-1.6.0-src,src/nrrd/test/genvol,1483
teem-1.6.0-src,src/nrrd/test/convo,1665
teem-1.6.0-src,src/nrrd/test/tkernel,1707
teem-1.6.0-src,src/nrrd/test/quadvol,1529
teem-1.6.0-src,src/nrrd/test/io,341
teem-1.6.0-src,src/nrrd/test/tread,252
teem-1.6.0-src,src/nrrd/test/tline,318
teem-1.6.0-src,src/nrrd/test/trand,141
teem-1.6.0-src,src/nrrd/test/ax,2895
teem-1.6.0-src,src/nrrd/test/kv,335
teem-1.6.0-src,src/nrrd/test/minmax,272
teem-1.6.0-src,src/nrrd/test/typestest,364
teem-1.6.0-src,src/nrrd/histogram,5349
teem-1.6.0-src,src/nrrd/arith,4823
teem-1.6.0-src,src/nrrd/accessors,5755
teem-1.6.0-src,src/nrrd/enumsNrrd,86275
teem-1.6.0-src,src/nrrd/formatPNM,2571
teem-1.6.0-src,src/nrrd/filt,4982
teem-1.6.0-src,src/nrrd/cc,9114
teem-1.6.0-src,src/nrrd/formatPNG,630
teem-1.6.0-src,src/nrrd/winKernel,17852
teem-1.6.0-src,src/nrrd/comment,387
teem-1.6.0-src,src/nrrd/write,3590
teem-1.6.0-src,src/nrrd/simple,4019
teem-1.6.0-src,src/nrrd/arraysNrrd,2364
teem-1.6.0-src,src/nrrd/kernel,22098
teem-1.6.0-src,src/nrrd/methodsNrrd,3469
teem-1.6.0-src,src/nrrd/axis,2416
teem-1.6.0-src,src/nrrd/map,4599
teem-1.6.0-src,src/nrrd/resampleNrrd,5580
teem-1.6.0-src,src/nrrd/convertNrrd,2498
teem-1.6.0-src,src/nrrd/tmfKernel,111393
teem-1.6.0-src,src/nrrd/format,592
teem-1.6.0-src,src/nrrd/encodingBzip2,494
teem-1.6.0-src,src/nrrd/iter,523
teem-1.6.0-src,src/nrrd/formatEPS,2189
teem-1.6.0-src,src/ten/tendSlice,937
teem-1.6.0-src,src/ten/tendEvecrgb,1823
teem-1.6.0-src,src/ten/tendEstim,3713
teem-1.6.0-src,src/ten/tensor,5734
teem-1.6.0-src,src/ten/tendEllipse,2257
teem-1.6.0-src,src/ten/epireg,11923
teem-1.6.0-src,src/ten/tendFlotsam,1234
teem-1.6.0-src,src/ten/tendNorm,1221
teem-1.6.0-src,src/ten/tendSten,1274
teem-1.6.0-src,src/ten/aniso,3175
teem-1.6.0-src,src/ten/fiberMethods,2361
teem-1.6.0-src,src/ten/fiber,4050
teem-1.6.0-src,src/ten/tendShrink,892
teem-1.6.0-src,src/ten/bimod,5405
teem-1.6.0-src,src/ten/tendPoint,1476
teem-1.6.0-src,src/ten/test/tt,2514
teem-1.6.0-src,src/ten/test/tg,2235
teem-1.6.0-src,src/ten/test/tem,992
teem-1.6.0-src,src/ten/tendAnhist,1103
teem-1.6.0-src,src/ten/enumsTen,26181
teem-1.6.0-src,src/ten/tendEvq,2109
teem-1.6.0-src,src/ten/tendMake,913
teem-1.6.0-src,src/ten/tendEvalpow,827
teem-1.6.0-src,src/ten/tendAnvol,1429
teem-1.6.0-src,src/ten/tendSim,1288
teem-1.6.0-src,src/ten/tendBmat,1281
teem-1.6.0-src,src/ten/chan,7509
teem-1.6.0-src,src/ten/tendGlyph,6324
teem-1.6.0-src,src/ten/tendEval,1500
teem-1.6.0-src,src/ten/miscTen,3103
teem-1.6.0-src,src/ten/mod,2485
teem-1.6.0-src,src/ten/glyph,4291
teem-1.6.0-src,src/ten/tendAnscale,1315
teem-1.6.0-src,src/ten/tendExpand,1384
teem-1.6.0-src,src/ten/tendEvaladd,916
teem-1.6.0-src,src/ten/tendEpireg,4344
teem-1.6.0-src,src/ten/defaultsTen,60
teem-1.6.0-src,src/ten/tendEvec,1546
teem-1.6.0-src,src/ten/tenGage,3185
teem-1.6.0-src,src/ten/tendSatin,4912
teem-1.6.0-src,src/ten/tendFiber,2456
teem-1.6.0-src,src/ten/tendEvalclamp,1204
teem-1.6.0-src,src/ten/tendAnplot,1585
teem-1.6.0-src,src/alan/enumsAlan,2480
teem-1.6.0-src,src/alan/methodsAlan,1884
teem-1.6.0-src,src/alan/test/tspot,871
teem-1.6.0-src,src/alan/coreAlan,3607
teem-1.6.0-src,src/limn/cam,4678
teem-1.6.0-src,src/limn/defaultsLimn,13
teem-1.6.0-src,src/limn/obj,652
teem-1.6.0-src,src/limn/io,653
teem-1.6.0-src,src/limn/splineMisc,14193
teem-1.6.0-src,src/limn/qn,2445
teem-1.6.0-src,src/limn/splineMethods,4251
teem-1.6.0-src,src/limn/test/tbc,1608
teem-1.6.0-src,src/limn/test/soid,3121
teem-1.6.0-src,src/limn/test/tspline,1853
teem-1.6.0-src,src/limn/test/tcam,1148
teem-1.6.0-src,src/limn/test/tcamanim,3071
teem-1.6.0-src,src/limn/test/light,440
teem-1.6.0-src,src/limn/test/tps,2284
teem-1.6.0-src,src/limn/test/map,260
teem-1.6.0-src,src/limn/methodsLimn,192
teem-1.6.0-src,src/limn/transform,2609
teem-1.6.0-src,src/limn/shapes,2920
teem-1.6.0-src,src/limn/renderLimn,2727
teem-1.6.0-src,src/limn/env,1052
teem-1.6.0-src,src/limn/splineEval,5489
teem-1.6.0-src,src/limn/light,750
teem-1.6.0-src,src/limn/hestLimn,958
ttt-0.10.1.preproc,src/ttt,4257
ttt-0.10.1.preproc,src/engine,1548
ttt-0.10.1.preproc,src/parse,1015
ttt-0.10.1.preproc,src/util,1688
ttt-0.10.1.preproc,src/connect4,2773
ttt-0.10.1.preproc,src/main,921
unrarlib-0.4.0,unrarlib/unrarlib,8822
unrarlib-0.4.0,samples/unix/listarchive/listarchive,906
unrarlib-0.4.0,samples/unix/getfile/getfile,729
zlib-1.1.4,inffast,790
zlib-1.1.4,inftrees,6288
zlib-1.1.4,adler32,196
zlib-1.1.4,infblock,2190
zlib-1.1.4,infutil,258
zlib-1.1.4,infcodes,1338
zlib-1.1.4,inflate,1327
zlib-1.1.4,gzio,2503
zlib-1.1.4,compress,114
zlib-1.1.4,zutil,211
zlib-1.1.4,trees,7356
zlib-1.1.4,deflate,4181
zlib-1.1.4,uncompr,94
zlib-1.1.4,crc32,1220
