size
"2",,"","","","","arm-none-eabi-gcc (GCC) 7.2.0"
"","-Os -std=gnu89 -marm -mcpu=arm966e-s -mno-thumb-interwork"
bzip2-1.0.2,huffman,1304
bzip2-1.0.2,decompress,9775
bzip2-1.0.2,bzip2recover,3769
bzip2-1.0.2,crctable,1024
bzip2-1.0.2,compress,8679
bzip2-1.0.2,randtable,2048
bzip2-1.0.2,bzlib,11387
bzip2-1.0.2,blocksort,6871
bzip2-1.0.2,bzip2,18445
cg_compiler_opensrc,support,26363
cg_compiler_opensrc,cgcmain,2527
cg_compiler_opensrc,constfold,4788
cg_compiler_opensrc,support_iter,2378
cg_compiler_opensrc,symbols,7129
cg_compiler_opensrc,printutils,11011
cg_compiler_opensrc,atom,3716
cg_compiler_opensrc,cpp,7298
cg_compiler_opensrc,compile,14490
cg_compiler_opensrc,cgstruct,136
cg_compiler_opensrc,tokens,3221
cg_compiler_opensrc,binding,1715
cg_compiler_opensrc,hal,2991
cg_compiler_opensrc,stdlib,3222
cg_compiler_opensrc,check,3709
cg_compiler_opensrc,generic_hal,2607
cg_compiler_opensrc,memory,632
cg_compiler_opensrc,tokenize,678
cg_compiler_opensrc,scanner,6775
cg_compiler_opensrc,parser,16127
cg_compiler_opensrc,semantic,4818
cg_compiler_opensrc,inline,3002
compiler,cg,3027
compiler,vam,4307
compiler,vas,6630
compiler,scanner,3639
compiler,parser,4836
compiler,main,2698
flex-2.5.31,regex,631
flex-2.5.31,yylex,1180
flex-2.5.31,skel,94034
flex-2.5.31,filter,2425
flex-2.5.31,scanopt,3810
flex-2.5.31,ccl,1192
flex-2.5.31,parse,9402
flex-2.5.31,nfa,4052
flex-2.5.31,misc,6146
flex-2.5.31,scan,46112
flex-2.5.31,dfa,7622
flex-2.5.31,tblcmp,3852
flex-2.5.31,tables,2229
flex-2.5.31,buf,1127
flex-2.5.31,ecs,560
flex-2.5.31,sym,987
flex-2.5.31,libmain,20
flex-2.5.31,tables_shared,36
flex-2.5.31,options,2610
flex-2.5.31,libyywrap,8
flex-2.5.31,main,20306
flex-2.5.31,gen,24462
jikespg-1.3,src/mkstates,3270
jikespg-1.3,src/prntstat,3700
jikespg-1.3,src/resolve,13336
jikespg-1.3,src/globals,264
jikespg-1.3,src/ctabs,49484
jikespg-1.3,src/produce,12029
jikespg-1.3,src/mkred,7452
jikespg-1.3,src/ptables,3647
jikespg-1.3,src/lpgparse,48201
jikespg-1.3,src/lpgutil,5251
jikespg-1.3,src/spacetab,21776
jikespg-1.3,src/remsp,8510
jikespg-1.3,src/partset,1804
jikespg-1.3,src/mkfirst,15884
jikespg-1.3,src/main,6295
jikespg-1.3,src/tabutil,14298
jikespg-1.3,src/timetab,10532
jpeg-6b,jcmainct,472
jpeg-6b,wrtarga,1204
jpeg-6b,jdmainct,1780
jpeg-6b,jdsample,1796
jpeg-6b,jdmaster,2212
jpeg-6b,jdpostct,1028
jpeg-6b,jquant1,3280
jpeg-6b,wrbmp,3248
jpeg-6b,djpeg,6583
jpeg-6b,jcinit,224
jpeg-6b,rdjpgcom,2623
jpeg-6b,rdgif,93
jpeg-6b,jfdctint,816
jpeg-6b,wrppm,758
jpeg-6b,wrjpgcom,3771
jpeg-6b,jcapistd,644
jpeg-6b,jchuff,3984
jpeg-6b,jdcolor,1412
jpeg-6b,jpegtran,4168
jpeg-6b,jcparam,3588
jpeg-6b,jdmerge,1620
jpeg-6b,jddctmgr,920
jpeg-6b,ansi2knr,3048
jpeg-6b,jfdctfst,528
jpeg-6b,jccolor,1656
jpeg-6b,jdphuff,3384
jpeg-6b,jmemmgr,3830
jpeg-6b,jfdctflt,1160
jpeg-6b,wrrle,0
jpeg-6b,jidctfst,980
jpeg-6b,jcmaster,3192
jpeg-6b,jdatadst,356
jpeg-6b,jutils,448
jpeg-6b,rdswitch,2336
jpeg-6b,jcprepct,1560
jpeg-6b,rdcolmap,1744
jpeg-6b,jcdctmgr,1592
jpeg-6b,jdapimin,1368
jpeg-6b,jcomapi,184
jpeg-6b,rdbmp,2468
jpeg-6b,jdcoefct,3880
jpeg-6b,jerror,5642
jpeg-6b,jidctred,1392
jpeg-6b,jidctint,1376
jpeg-6b,cjpeg,6073
jpeg-6b,rdppm,2128
jpeg-6b,jquant2,5064
jpeg-6b,jdapistd,1196
jpeg-6b,cdjpeg,140
jpeg-6b,transupp,5308
jpeg-6b,rdtarga,2208
jpeg-6b,wrgif,2884
jpeg-6b,jdhuff,3076
jpeg-6b,jctrans,1596
jpeg-6b,jdmarker,7372
jpeg-6b,jcmarker,2248
jpeg-6b,jccoefct,2136
jpeg-6b,jcsample,2324
jpeg-6b,jcapimin,984
jpeg-6b,jmemnobs,72
jpeg-6b,jidctflt,1628
jpeg-6b,jdtrans,436
jpeg-6b,jdatasrc,416
jpeg-6b,jdinput,1524
jpeg-6b,jcphuff,3288
jpeg-6b,rdrle,0
libmspack,test/md5,3632
libmspack,test/cabd_md5,1345
libmspack,test/cabextract_md5,25150
libmspack,test/cabrip,535
libmspack,test/chmd_md5,1262
libmspack,test/cabd_test,10418
libmspack,mspack/lzxc,0
libmspack,mspack/qtmc,0
libmspack,mspack/kwajc,12
libmspack,mspack/cabc,12
libmspack,mspack/szddc,12
libmspack,mspack/cabd,7144
libmspack,mspack/hlpd,12
libmspack,mspack/litd,12
libmspack,mspack/mszipd,36
libmspack,mspack/kwajd,12
libmspack,mspack/qtmd,5924
libmspack,mspack/litc,12
libmspack,mspack/lzxd,7300
libmspack,mspack/mszipc,0
libmspack,mspack/chmd,4132
libmspack,mspack/szddd,12
libmspack,mspack/chmc,12
libmspack,mspack/system,858
libmspack,mspack/hlpc,12
libpng-1.2.5,pngtrans,2312
libpng-1.2.5,pngwrite,6937
libpng-1.2.5,pngtest,7032
libpng-1.2.5,pngerror,1031
libpng-1.2.5,pngpread,6559
libpng-1.2.5,pngrutil,16763
libpng-1.2.5,pngrio,329
libpng-1.2.5,pngread,7518
libpng-1.2.5,pngrtran,20576
libpng-1.2.5,pngwio,361
libpng-1.2.5,pngwtran,1996
libpng-1.2.5,png,2920
libpng-1.2.5,png2pnm,2913
libpng-1.2.5,pngwutil,13497
libpng-1.2.5,pngmem,513
libpng-1.2.5,pnm2png,3313
libpng-1.2.5,pngget,3444
libpng-1.2.5,pngset,6969
linux-2.4.23-pre3-testplatform,net/socket,7184
linux-2.4.23-pre3-testplatform,net/8021q/vlanproc,28
linux-2.4.23-pre3-testplatform,net/8021q/vlan,2674
linux-2.4.23-pre3-testplatform,net/8021q/vlan_dev,4078
linux-2.4.23-pre3-testplatform,net/802/p8023,134
linux-2.4.23-pre3-testplatform,net/netlink/af_netlink,4792
linux-2.4.23-pre3-testplatform,net/ipv4/ip_sockglue,5712
linux-2.4.23-pre3-testplatform,net/ipv4/proc,2854
linux-2.4.23-pre3-testplatform,net/ipv4/inetpeer,2130
linux-2.4.23-pre3-testplatform,net/ipv4/tcp,17393
linux-2.4.23-pre3-testplatform,net/ipv4/tcp_timer,3766
linux-2.4.23-pre3-testplatform,net/ipv4/ip_forward,516
linux-2.4.23-pre3-testplatform,net/ipv4/ip_output,4799
linux-2.4.23-pre3-testplatform,net/ipv4/ip_input,947
linux-2.4.23-pre3-testplatform,net/ipv4/tcp_input,21927
linux-2.4.23-pre3-testplatform,net/ipv4/tcp_ipv4,14509
linux-2.4.23-pre3-testplatform,net/ipv4/sysctl_net_ipv4,0
linux-2.4.23-pre3-testplatform,net/ipv4/route,12044
linux-2.4.23-pre3-testplatform,net/ipv4/protocol,546
linux-2.4.23-pre3-testplatform,net/ipv4/devinet,6235
linux-2.4.23-pre3-testplatform,net/ipv4/tcp_output,9803
linux-2.4.23-pre3-testplatform,net/ipv4/udp,5768
linux-2.4.23-pre3-testplatform,net/ipv4/ip_options,3730
linux-2.4.23-pre3-testplatform,net/ipv4/tcp_minisocks,4791
linux-2.4.23-pre3-testplatform,net/ipv4/utils,104
linux-2.4.23-pre3-testplatform,net/ipv4/igmp,11546
linux-2.4.23-pre3-testplatform,net/ipv4/arp,5132
linux-2.4.23-pre3-testplatform,net/ipv4/af_inet,6057
linux-2.4.23-pre3-testplatform,net/ipv4/ip_fragment,3301
linux-2.4.23-pre3-testplatform,net/ipv4/fib_hash,4125
linux-2.4.23-pre3-testplatform,net/ipv4/tcp_diag,3694
linux-2.4.23-pre3-testplatform,net/ipv4/raw,3732
linux-2.4.23-pre3-testplatform,net/ipv4/fib_semantics,3566
linux-2.4.23-pre3-testplatform,net/ipv4/fib_frontend,2912
linux-2.4.23-pre3-testplatform,net/ipv4/icmp,4270
linux-2.4.23-pre3-testplatform,net/sunrpc/xprt,7157
linux-2.4.23-pre3-testplatform,net/sunrpc/timer,200
linux-2.4.23-pre3-testplatform,net/sunrpc/auth_null,372
linux-2.4.23-pre3-testplatform,net/sunrpc/sched,4884
linux-2.4.23-pre3-testplatform,net/sunrpc/sunrpc_syms,0
linux-2.4.23-pre3-testplatform,net/sunrpc/svcauth,708
linux-2.4.23-pre3-testplatform,net/sunrpc/svcsock,5988
linux-2.4.23-pre3-testplatform,net/sunrpc/xdr,1996
linux-2.4.23-pre3-testplatform,net/sunrpc/auth_unix,1042
linux-2.4.23-pre3-testplatform,net/sunrpc/clnt,4712
linux-2.4.23-pre3-testplatform,net/sunrpc/pmap_clnt,849
linux-2.4.23-pre3-testplatform,net/sunrpc/auth,1124
linux-2.4.23-pre3-testplatform,net/sunrpc/svc,2361
linux-2.4.23-pre3-testplatform,net/ethernet/eth,697
linux-2.4.23-pre3-testplatform,net/sched/sch_generic,2622
linux-2.4.23-pre3-testplatform,net/core/skbuff,6273
linux-2.4.23-pre3-testplatform,net/core/neighbour,8769
linux-2.4.23-pre3-testplatform,net/core/iovec,1076
linux-2.4.23-pre3-testplatform,net/core/dst,988
linux-2.4.23-pre3-testplatform,net/core/dev_mcast,937
linux-2.4.23-pre3-testplatform,net/core/sock,4149
linux-2.4.23-pre3-testplatform,net/core/utils,269
linux-2.4.23-pre3-testplatform,net/core/rtnetlink,3257
linux-2.4.23-pre3-testplatform,net/core/scm,1100
linux-2.4.23-pre3-testplatform,net/core/dev,10246
linux-2.4.23-pre3-testplatform,net/core/ethtool,2680
linux-2.4.23-pre3-testplatform,net/core/datagram,2075
linux-2.4.23-pre3-testplatform,kernel/timer,3057
linux-2.4.23-pre3-testplatform,kernel/printk,2428
linux-2.4.23-pre3-testplatform,kernel/info,332
linux-2.4.23-pre3-testplatform,kernel/sched,4589
linux-2.4.23-pre3-testplatform,kernel/ptrace,1280
linux-2.4.23-pre3-testplatform,kernel/kmod,788
linux-2.4.23-pre3-testplatform,kernel/dma,20
linux-2.4.23-pre3-testplatform,kernel/fork,3545
linux-2.4.23-pre3-testplatform,kernel/time,1676
linux-2.4.23-pre3-testplatform,kernel/acct,8
linux-2.4.23-pre3-testplatform,kernel/context,747
linux-2.4.23-pre3-testplatform,kernel/user,248
linux-2.4.23-pre3-testplatform,kernel/exit,2587
linux-2.4.23-pre3-testplatform,kernel/capability,96
linux-2.4.23-pre3-testplatform,kernel/softirq,1886
linux-2.4.23-pre3-testplatform,kernel/sysctl,100
linux-2.4.23-pre3-testplatform,kernel/itimer,728
linux-2.4.23-pre3-testplatform,kernel/resource,1321
linux-2.4.23-pre3-testplatform,kernel/exec_domain,859
linux-2.4.23-pre3-testplatform,kernel/sys,4567
linux-2.4.23-pre3-testplatform,kernel/module,991
linux-2.4.23-pre3-testplatform,kernel/signal,4095
linux-2.4.23-pre3-testplatform,kernel/panic,646
linux-2.4.23-pre3-testplatform,ipc/msg,2886
linux-2.4.23-pre3-testplatform,ipc/sem,5203
linux-2.4.23-pre3-testplatform,ipc/util,1111
linux-2.4.23-pre3-testplatform,ipc/shm,3303
linux-2.4.23-pre3-testplatform,arch/testplatform/kernel/init_task,9916
linux-2.4.23-pre3-testplatform,arch/testplatform/kernel/head,4
linux-2.4.23-pre3-testplatform,arch/testplatform/kernel/sys_s390,997
linux-2.4.23-pre3-testplatform,arch/testplatform/kernel/s390fpu,28
linux-2.4.23-pre3-testplatform,arch/testplatform/kernel/entry,36
linux-2.4.23-pre3-testplatform,arch/testplatform/kernel/ptrace,1564
linux-2.4.23-pre3-testplatform,arch/testplatform/kernel/cpcmd,4
linux-2.4.23-pre3-testplatform,arch/testplatform/kernel/traps,4174
linux-2.4.23-pre3-testplatform,arch/testplatform/kernel/time,20
linux-2.4.23-pre3-testplatform,arch/testplatform/kernel/debug,4074
linux-2.4.23-pre3-testplatform,arch/testplatform/kernel/s390_ext,708
linux-2.4.23-pre3-testplatform,arch/testplatform/kernel/reipl,4
linux-2.4.23-pre3-testplatform,arch/testplatform/kernel/bitmap,3
linux-2.4.23-pre3-testplatform,arch/testplatform/kernel/ebcdic,1536
linux-2.4.23-pre3-testplatform,arch/testplatform/kernel/needed,32
linux-2.4.23-pre3-testplatform,arch/testplatform/kernel/signal,4052
linux-2.4.23-pre3-testplatform,arch/testplatform/kernel/setup,2276
linux-2.4.23-pre3-testplatform,arch/testplatform/kernel/irq,36
linux-2.4.23-pre3-testplatform,arch/testplatform/kernel/semaphore,304
linux-2.4.23-pre3-testplatform,arch/testplatform/kernel/process,1151
linux-2.4.23-pre3-testplatform,arch/testplatform/mm/fault,450
linux-2.4.23-pre3-testplatform,arch/testplatform/mm/ioremap,755
linux-2.4.23-pre3-testplatform,arch/testplatform/mm/init,1872
linux-2.4.23-pre3-testplatform,arch/testplatform/mm/extable,88
linux-2.4.23-pre3-testplatform,arch/testplatform/lib/checksum,8
linux-2.4.23-pre3-testplatform,arch/testplatform/lib/strncpy,8
linux-2.4.23-pre3-testplatform,arch/testplatform/lib/uaccess,24
linux-2.4.23-pre3-testplatform,arch/testplatform/lib/delay,8
linux-2.4.23-pre3-testplatform,arch/testplatform/lib/misaligned,144
linux-2.4.23-pre3-testplatform,arch/testplatform/lib/strcmp,8
linux-2.4.23-pre3-testplatform,arch/testplatform/lib/memset,8
linux-2.4.23-pre3-testplatform,arch/testplatform/lib/memcpy,8
linux-2.4.23-pre3-testplatform,mm/mlock,1476
linux-2.4.23-pre3-testplatform,mm/slab,3958
linux-2.4.23-pre3-testplatform,mm/swap,422
linux-2.4.23-pre3-testplatform,mm/shmem,6739
linux-2.4.23-pre3-testplatform,mm/swap_state,1159
linux-2.4.23-pre3-testplatform,mm/oom_kill,679
linux-2.4.23-pre3-testplatform,mm/swapfile,7156
linux-2.4.23-pre3-testplatform,mm/vmalloc,2263
linux-2.4.23-pre3-testplatform,mm/mremap,2230
linux-2.4.23-pre3-testplatform,mm/vmscan,2546
linux-2.4.23-pre3-testplatform,mm/filemap,13765
linux-2.4.23-pre3-testplatform,mm/mmap,5051
linux-2.4.23-pre3-testplatform,mm/page_io,667
linux-2.4.23-pre3-testplatform,mm/page_alloc,4183
linux-2.4.23-pre3-testplatform,mm/memory,6654
linux-2.4.23-pre3-testplatform,mm/numa,908
linux-2.4.23-pre3-testplatform,mm/bootmem,1699
linux-2.4.23-pre3-testplatform,mm/mprotect,1966
linux-2.4.23-pre3-testplatform,lib/dec_and_lock,0
linux-2.4.23-pre3-testplatform,lib/rbtree,1116
linux-2.4.23-pre3-testplatform,lib/dump_stack,66
linux-2.4.23-pre3-testplatform,lib/zlib_inflate/inffast,946
linux-2.4.23-pre3-testplatform,lib/zlib_inflate/inftrees,6813
linux-2.4.23-pre3-testplatform,lib/zlib_inflate/infblock,2526
linux-2.4.23-pre3-testplatform,lib/zlib_inflate/infutil,400
linux-2.4.23-pre3-testplatform,lib/zlib_inflate/infcodes,1638
linux-2.4.23-pre3-testplatform,lib/zlib_inflate/inflate,2918
linux-2.4.23-pre3-testplatform,lib/zlib_inflate/inflate_syms,0
linux-2.4.23-pre3-testplatform,lib/zlib_deflate/deflate_syms,0
linux-2.4.23-pre3-testplatform,lib/zlib_deflate/deflate,6184
linux-2.4.23-pre3-testplatform,lib/zlib_deflate/deftree,8368
linux-2.4.23-pre3-testplatform,lib/rwsem-spinlock,624
linux-2.4.23-pre3-testplatform,lib/bust_spinlocks,78
linux-2.4.23-pre3-testplatform,lib/vsprintf,3709
linux-2.4.23-pre3-testplatform,lib/brlock,0
linux-2.4.23-pre3-testplatform,lib/string,916
linux-2.4.23-pre3-testplatform,lib/ctype,256
linux-2.4.23-pre3-testplatform,lib/errno,0
linux-2.4.23-pre3-testplatform,lib/cmdline,316
linux-2.4.23-pre3-testplatform,init/do_mounts,3686
linux-2.4.23-pre3-testplatform,init/version,497
linux-2.4.23-pre3-testplatform,init/main,1655
linux-2.4.23-pre3-testplatform,fs/seq_file,2324
linux-2.4.23-pre3-testplatform,fs/block_dev,3833
linux-2.4.23-pre3-testplatform,fs/dnotify,628
linux-2.4.23-pre3-testplatform,fs/pipe,2426
linux-2.4.23-pre3-testplatform,fs/xattr,936
linux-2.4.23-pre3-testplatform,fs/binfmt_elf,0
linux-2.4.23-pre3-testplatform,fs/attr,826
linux-2.4.23-pre3-testplatform,fs/filesystems,0
linux-2.4.23-pre3-testplatform,fs/locks,8120
linux-2.4.23-pre3-testplatform,fs/partitions/check,1719
linux-2.4.23-pre3-testplatform,fs/partitions/msdos,404
linux-2.4.23-pre3-testplatform,fs/bad_inode,256
linux-2.4.23-pre3-testplatform,fs/iobuf,1083
linux-2.4.23-pre3-testplatform,fs/nfsd/export,5237
linux-2.4.23-pre3-testplatform,fs/nfsd/nfsproc,3583
linux-2.4.23-pre3-testplatform,fs/nfsd/stats,44
linux-2.4.23-pre3-testplatform,fs/nfsd/nfsctl,883
linux-2.4.23-pre3-testplatform,fs/nfsd/nfsxdr,2300
linux-2.4.23-pre3-testplatform,fs/nfsd/nfsfh,5058
linux-2.4.23-pre3-testplatform,fs/nfsd/nfs3proc,3230
linux-2.4.23-pre3-testplatform,fs/nfsd/lockd,280
linux-2.4.23-pre3-testplatform,fs/nfsd/nfs3xdr,5068
linux-2.4.23-pre3-testplatform,fs/nfsd/nfssvc,1474
linux-2.4.23-pre3-testplatform,fs/nfsd/auth,140
linux-2.4.23-pre3-testplatform,fs/nfsd/nfscache,1887
linux-2.4.23-pre3-testplatform,fs/nfsd/vfs,8164
linux-2.4.23-pre3-testplatform,fs/fifo,756
linux-2.4.23-pre3-testplatform,fs/exec,4692
linux-2.4.23-pre3-testplatform,fs/file_table,999
linux-2.4.23-pre3-testplatform,fs/buffer,12237
linux-2.4.23-pre3-testplatform,fs/open,4008
linux-2.4.23-pre3-testplatform,fs/devices,990
linux-2.4.23-pre3-testplatform,fs/select,2316
linux-2.4.23-pre3-testplatform,fs/super,3534
linux-2.4.23-pre3-testplatform,fs/fcntl,1718
linux-2.4.23-pre3-testplatform,fs/dcache,4662
linux-2.4.23-pre3-testplatform,fs/char_dev,443
linux-2.4.23-pre3-testplatform,fs/read_write,2312
linux-2.4.23-pre3-testplatform,fs/namespace,4971
linux-2.4.23-pre3-testplatform,fs/ext3/balloc,4232
linux-2.4.23-pre3-testplatform,fs/ext3/symlink,112
linux-2.4.23-pre3-testplatform,fs/ext3/ialloc,2627
linux-2.4.23-pre3-testplatform,fs/ext3/super,9596
linux-2.4.23-pre3-testplatform,fs/ext3/bitmap,148
linux-2.4.23-pre3-testplatform,fs/ext3/ioctl,807
linux-2.4.23-pre3-testplatform,fs/ext3/fsync,277
linux-2.4.23-pre3-testplatform,fs/ext3/inode,10553
linux-2.4.23-pre3-testplatform,fs/ext3/namei,6627
linux-2.4.23-pre3-testplatform,fs/ext3/dir,1088
linux-2.4.23-pre3-testplatform,fs/ext3/file,372
linux-2.4.23-pre3-testplatform,fs/lockd/host,1704
linux-2.4.23-pre3-testplatform,fs/lockd/svcsubs,1223
linux-2.4.23-pre3-testplatform,fs/lockd/clntlock,988
linux-2.4.23-pre3-testplatform,fs/lockd/svc4proc,2884
linux-2.4.23-pre3-testplatform,fs/lockd/svclock,2399
linux-2.4.23-pre3-testplatform,fs/lockd/lockd_syms,0
linux-2.4.23-pre3-testplatform,fs/lockd/xdr4,3924
linux-2.4.23-pre3-testplatform,fs/lockd/xdr,3979
linux-2.4.23-pre3-testplatform,fs/lockd/clntproc,2995
linux-2.4.23-pre3-testplatform,fs/lockd/svcproc,2944
linux-2.4.23-pre3-testplatform,fs/lockd/svcshare,440
linux-2.4.23-pre3-testplatform,fs/lockd/mon,1074
linux-2.4.23-pre3-testplatform,fs/lockd/svc,1632
linux-2.4.23-pre3-testplatform,fs/ioctl,500
linux-2.4.23-pre3-testplatform,fs/readdir,1681
linux-2.4.23-pre3-testplatform,fs/nfs/proc,1748
linux-2.4.23-pre3-testplatform,fs/nfs/unlink,812
linux-2.4.23-pre3-testplatform,fs/nfs/symlink,440
linux-2.4.23-pre3-testplatform,fs/nfs/nfs2xdr,3856
linux-2.4.23-pre3-testplatform,fs/nfs/read,2152
linux-2.4.23-pre3-testplatform,fs/nfs/flushd,572
linux-2.4.23-pre3-testplatform,fs/nfs/nfs3proc,3040
linux-2.4.23-pre3-testplatform,fs/nfs/pagelist,2447
linux-2.4.23-pre3-testplatform,fs/nfs/write,5814
linux-2.4.23-pre3-testplatform,fs/nfs/nfs3xdr,5660
linux-2.4.23-pre3-testplatform,fs/nfs/inode,6724
linux-2.4.23-pre3-testplatform,fs/nfs/dir,4856
linux-2.4.23-pre3-testplatform,fs/nfs/file,1072
linux-2.4.23-pre3-testplatform,fs/ramfs/inode,1407
linux-2.4.23-pre3-testplatform,fs/stat,704
linux-2.4.23-pre3-testplatform,fs/jbd/commit,4658
linux-2.4.23-pre3-testplatform,fs/jbd/checkpoint,3462
linux-2.4.23-pre3-testplatform,fs/jbd/journal,8231
linux-2.4.23-pre3-testplatform,fs/jbd/transaction,10308
linux-2.4.23-pre3-testplatform,fs/jbd/revoke,2339
linux-2.4.23-pre3-testplatform,fs/jbd/recovery,2202
linux-2.4.23-pre3-testplatform,fs/binfmt_script,484
linux-2.4.23-pre3-testplatform,fs/inode,5077
linux-2.4.23-pre3-testplatform,fs/namei,9585
linux-2.4.23-pre3-testplatform,fs/quota,3006
linux-2.4.23-pre3-testplatform,fs/file,737
linux-2.4.23-pre3-testplatform,drivers/net/net_init,787
linux-2.4.23-pre3-testplatform,drivers/net/auto_irq,72
linux-2.4.23-pre3-testplatform,drivers/net/setup,48
linux-2.4.23-pre3-testplatform,drivers/net/loopback,408
linux-2.4.23-pre3-testplatform,drivers/net/Space,3500
linux-2.4.23-pre3-testplatform,drivers/char/n_tty,5175
linux-2.4.23-pre3-testplatform,drivers/char/misc,1036
linux-2.4.23-pre3-testplatform,drivers/char/pty,1807
linux-2.4.23-pre3-testplatform,drivers/char/mem,2844
linux-2.4.23-pre3-testplatform,drivers/char/random,5492
linux-2.4.23-pre3-testplatform,drivers/char/raw,1620
linux-2.4.23-pre3-testplatform,drivers/char/tty_io,11507
linux-2.4.23-pre3-testplatform,drivers/char/tty_ioctl,2063
linux-2.4.23-pre3-testplatform,drivers/block/blkpg,1248
linux-2.4.23-pre3-testplatform,drivers/block/elevator,844
linux-2.4.23-pre3-testplatform,drivers/block/genhd,276
linux-2.4.23-pre3-testplatform,drivers/block/ll_rw_blk,6021
lwip-0.5.3.preproc,src/core/ipv4/ip_addr,4
lwip-0.5.3.preproc,src/core/ipv4/ip,1820
lwip-0.5.3.preproc,src/core/ipv4/icmp,944
lwip-0.5.3.preproc,src/core/tcp,3483
lwip-0.5.3.preproc,src/core/pbuf,1764
lwip-0.5.3.preproc,src/core/inet,536
lwip-0.5.3.preproc,src/core/stats,24
lwip-0.5.3.preproc,src/core/tcp_input,5668
lwip-0.5.3.preproc,src/core/tcp_output,3200
lwip-0.5.3.preproc,src/core/mem,1240
lwip-0.5.3.preproc,src/core/udp,1376
lwip-0.5.3.preproc,src/core/sys,456
lwip-0.5.3.preproc,src/core/memp,908
lwip-0.5.3.preproc,src/core/netif,632
lwip-0.5.3.preproc,src/api/err,0
lwip-0.5.3.preproc,src/api/api_msg,2040
lwip-0.5.3.preproc,src/api/api_lib,2520
lwip-0.5.3.preproc,src/api/tcpip,368
lwip-0.5.3.preproc,src/api/sockets,1372
lwip-0.5.3.preproc,src/netif/loopif,136
lwip-0.5.3.preproc,src/netif/arp,1620
lwip-0.5.3.preproc,src/netif/tcpdump,1747
lwip-0.5.3.preproc,proj/unixsim/simnode,382
lwip-0.5.3.preproc,proj/unixsim/apps/httpd,859
lwip-0.5.3.preproc,proj/unixsim/apps/shell,9765
lwip-0.5.3.preproc,proj/unixsim/apps/fs,39844
lwip-0.5.3.preproc,proj/unixsim/apps/tcpecho,160
lwip-0.5.3.preproc,proj/unixsim/apps/udpecho,168
lwip-0.5.3.preproc,proj/unixsim/simrouter,554
lwip-0.5.3.preproc,proj/unixsim/simhost,414
mpeg2dec-0.3.1,src/getopt,3372
mpeg2dec-0.3.1,src/extract_mpeg2,3628
mpeg2dec-0.3.1,src/gettimeofday,0
mpeg2dec-0.3.1,src/mpeg2dec,4954
mpeg2dec-0.3.1,libvo/video_out,150
mpeg2dec-0.3.1,libvo/yuv2rgb,4552
mpeg2dec-0.3.1,libvo/yuv2rgb_mlib,0
mpeg2dec-0.3.1,libvo/yuv2rgb_mmx,0
mpeg2dec-0.3.1,libvo/video_out_pgm,549
mpeg2dec-0.3.1,libvo/video_out_null,248
mpeg2dec-0.3.1,libvo/video_out_dx,0
mpeg2dec-0.3.1,libvo/video_out_x11,0
mpeg2dec-0.3.1,libvo/video_out_sdl,837
mpeg2dec-0.3.1,libmpeg2/cpu_accel,8
mpeg2dec-0.3.1,libmpeg2/cpu_state,4
mpeg2dec-0.3.1,libmpeg2/motion_comp_altivec,0
mpeg2dec-0.3.1,libmpeg2/idct,1712
mpeg2dec-0.3.1,libmpeg2/idct_alpha,0
mpeg2dec-0.3.1,libmpeg2/alloc,140
mpeg2dec-0.3.1,libmpeg2/idct_mlib,0
mpeg2dec-0.3.1,libmpeg2/idct_altivec,0
mpeg2dec-0.3.1,libmpeg2/decode,2232
mpeg2dec-0.3.1,libmpeg2/motion_comp_mlib,0
mpeg2dec-0.3.1,libmpeg2/motion_comp_alpha,0
mpeg2dec-0.3.1,libmpeg2/header,4324
mpeg2dec-0.3.1,libmpeg2/motion_comp,6384
mpeg2dec-0.3.1,libmpeg2/motion_comp_mmx,0
mpeg2dec-0.3.1,libmpeg2/slice,18092
mpeg2dec-0.3.1,libmpeg2/idct_mmx,0
mpgcut-1.1,mpgcut,11599
OpenTCP-1.0.4,tcp,6162
OpenTCP-1.0.4,dns/dns,1664
OpenTCP-1.0.4,timers,272
OpenTCP-1.0.4,ip,2052
OpenTCP-1.0.4,http/http_server,1568
OpenTCP-1.0.4,http/https_callbacks,708
OpenTCP-1.0.4,smtp/smtpc_callbacks,44
OpenTCP-1.0.4,smtp/smtp_client,2392
OpenTCP-1.0.4,tftp/tftps,952
OpenTCP-1.0.4,udp,1718
OpenTCP-1.0.4,pop3/pop3c_callbacks,36
OpenTCP-1.0.4,pop3/pop3_client,4023
OpenTCP-1.0.4,dhcp/dhcpc,2756
OpenTCP-1.0.4,arp,2561
OpenTCP-1.0.4,bootp/bootp,1600
OpenTCP-1.0.4,system,1292
OpenTCP-1.0.4,icmp,424
OpenTCP-1.0.4,ethernet,2196
OpenTCP-1.0.4,demo/udp_demo,292
OpenTCP-1.0.4,demo/main_demo,276
OpenTCP-1.0.4,demo/tcp_client_demo,448
OpenTCP-1.0.4,demo/tcp_server_demo,396
replaypc-0.4.0.preproc,headend,1670
replaypc-0.4.0.preproc,program,4490
replaypc-0.4.0.preproc,cg,2223
replaypc-0.4.0.preproc,bigfile,188
replaypc-0.4.0.preproc,ndx,533
replaypc-0.4.0.preproc,ReplayPC,4320
replaypc-0.4.0.preproc,dump-replayshows,306
replaypc-0.4.0.preproc,addressbook,727
replaypc-0.4.0.preproc,dump-addressbook,497
replaypc-0.4.0.preproc,un-protect,1286
replaypc-0.4.0.preproc,find-GOPs,200
replaypc-0.4.0.preproc,rtvguide,1662
replaypc-0.4.0.preproc,crypt,948
replaypc-0.4.0.preproc,dump,1618
replaypc-0.4.0.preproc,mark-commercial,2150
replaypc-0.4.0.preproc,rddns,541
replaypc-0.4.0.preproc,httpfs,6594
replaypc-0.4.0.preproc,filedarray,246
replaypc-0.4.0.preproc,rddnsclient,1222
replaypc-0.4.0.preproc,dump-channelset,368
replaypc-0.4.0.preproc,httpclient,2416
replaypc-0.4.0.preproc,guide,7438
replaypc-0.4.0.preproc,dump-guide,494
replaypc-0.4.0.preproc,dump-filedarray,508
replaypc-0.4.0.preproc,guideclient,741
replaypc-0.4.0.preproc,version-test,170
replaypc-0.4.0.preproc,zipcode,399
replaypc-0.4.0.preproc,build-ndx,464
replaypc-0.4.0.preproc,dump-programset,653
replaypc-0.4.0.preproc,channelset,211
replaypc-0.4.0.preproc,rtv,912
replaypc-0.4.0.preproc,httpfsclient,2158
replaypc-0.4.0.preproc,ndx-dump,4104
replaypc-0.4.0.preproc,sleep,12
replaypc-0.4.0.preproc,dump-headend,342
replaypc-0.4.0.preproc,dump-replaychannels,318
replaypc-0.4.0.preproc,dump-cg2,507
replaypc-0.4.0.preproc,dump-zipcode2,298
replaypc-0.4.0.preproc,crypt-test,1107
teem-1.6.0-src,src/echo/matter,488
teem-1.6.0-src,src/echo/color,10428
teem-1.6.0-src,src/echo/lightEcho,897
teem-1.6.0-src,src/echo/list,1584
teem-1.6.0-src,src/echo/enumsEcho,13165
teem-1.6.0-src,src/echo/renderEcho,5882
teem-1.6.0-src,src/echo/model,1488
teem-1.6.0-src,src/echo/test/test,1182
teem-1.6.0-src,src/echo/test/trend,9041
teem-1.6.0-src,src/echo/sqd,8945
teem-1.6.0-src,src/echo/intx,16606
teem-1.6.0-src,src/echo/methodsEcho,765
teem-1.6.0-src,src/echo/objmethods,1460
teem-1.6.0-src,src/echo/bounds,6875
teem-1.6.0-src,src/echo/set,1032
teem-1.6.0-src,src/dye/methodsDye,2286
teem-1.6.0-src,src/dye/convertDye,4452
teem-1.6.0-src,src/dye/test/bow,710
teem-1.6.0-src,src/dye/test/conv,476
teem-1.6.0-src,src/hex/enhex,901
teem-1.6.0-src,src/hex/dehex,1431
teem-1.6.0-src,src/mite/renderMite,1341
teem-1.6.0-src,src/mite/txf,7971
teem-1.6.0-src,src/mite/user,1007
teem-1.6.0-src,src/mite/thread,346
teem-1.6.0-src,src/mite/defaultsMite,33
teem-1.6.0-src,src/mite/ray,4722
teem-1.6.0-src,src/biff/test/test,244
teem-1.6.0-src,src/biff/biff,2799
teem-1.6.0-src,src/air/mop,1727
teem-1.6.0-src,src/air/threadAir,1209
teem-1.6.0-src,src/air/sane,3290
teem-1.6.0-src,src/air/dio,1876
teem-1.6.0-src,src/air/754,2019
teem-1.6.0-src,src/air/test/floatprint,708
teem-1.6.0-src,src/air/test/tline,505
teem-1.6.0-src,src/air/test/fp,1874
teem-1.6.0-src,src/air/test/tok,338
teem-1.6.0-src,src/air/test/tmop,755
teem-1.6.0-src,src/air/test/doubleprint,698
teem-1.6.0-src,src/air/parseAir,5370
teem-1.6.0-src,src/air/enum,872
teem-1.6.0-src,src/air/string,1424
teem-1.6.0-src,src/air/endianAir,1338
teem-1.6.0-src,src/air/miscAir,4748
teem-1.6.0-src,src/air/array,792
teem-1.6.0-src,src/unrrdu/inset,1693
teem-1.6.0-src,src/unrrdu/crop,1744
teem-1.6.0-src,src/unrrdu/head,1782
teem-1.6.0-src,src/unrrdu/convert,1424
teem-1.6.0-src,src/unrrdu/reshape,1258
teem-1.6.0-src,src/unrrdu/about,2887
teem-1.6.0-src,src/unrrdu/axinfo,1809
teem-1.6.0-src,src/unrrdu/swap,1121
teem-1.6.0-src,src/unrrdu/jhisto,3093
teem-1.6.0-src,src/unrrdu/axmerge,1647
teem-1.6.0-src,src/unrrdu/histax,1679
teem-1.6.0-src,src/unrrdu/data,1508
teem-1.6.0-src,src/unrrdu/3op,2752
teem-1.6.0-src,src/unrrdu/permute,1297
teem-1.6.0-src,src/unrrdu/quantize,1930
teem-1.6.0-src,src/unrrdu/lut,2469
teem-1.6.0-src,src/unrrdu/axinsert,1397
teem-1.6.0-src,src/unrrdu/ccsettle,1362
teem-1.6.0-src,src/unrrdu/axdelete,1778
teem-1.6.0-src,src/unrrdu/imap,2890
teem-1.6.0-src,src/unrrdu/rmap,2909
teem-1.6.0-src,src/unrrdu/project,2201
teem-1.6.0-src,src/unrrdu/flip,1082
teem-1.6.0-src,src/unrrdu/histo,1858
teem-1.6.0-src,src/unrrdu/save,3130
teem-1.6.0-src,src/unrrdu/gamma,1642
teem-1.6.0-src,src/unrrdu/splice,1745
teem-1.6.0-src,src/unrrdu/1op,1999
teem-1.6.0-src,src/unrrdu/ccfind,2077
teem-1.6.0-src,src/unrrdu/block,1370
teem-1.6.0-src,src/unrrdu/ccadj,1429
teem-1.6.0-src,src/unrrdu/dhisto,1638
teem-1.6.0-src,src/unrrdu/axsplit,1408
teem-1.6.0-src,src/unrrdu/resample,3870
teem-1.6.0-src,src/unrrdu/cmedian,2924
teem-1.6.0-src,src/unrrdu/join,1760
teem-1.6.0-src,src/unrrdu/unquantize,1483
teem-1.6.0-src,src/unrrdu/ccmerge,3047
teem-1.6.0-src,src/unrrdu/unblock,1434
teem-1.6.0-src,src/unrrdu/flotsam,3302
teem-1.6.0-src,src/unrrdu/shuffle,2032
teem-1.6.0-src,src/unrrdu/dice,2154
teem-1.6.0-src,src/unrrdu/minmax,1418
teem-1.6.0-src,src/unrrdu/heq,2421
teem-1.6.0-src,src/unrrdu/pad,2156
teem-1.6.0-src,src/unrrdu/make,7454
teem-1.6.0-src,src/unrrdu/slice,1593
teem-1.6.0-src,src/unrrdu/2op,2570
teem-1.6.0-src,src/moss/hestMoss,1306
teem-1.6.0-src,src/moss/methodsMoss,1280
teem-1.6.0-src,src/moss/sampler,2789
teem-1.6.0-src,src/moss/test/invert,392
teem-1.6.0-src,src/moss/xform,3702
teem-1.6.0-src,src/moss/defaultsMoss,17
teem-1.6.0-src,src/gage/miscGage,5443
teem-1.6.0-src,src/gage/vecprint,52
teem-1.6.0-src,src/gage/sclfilter,12857
teem-1.6.0-src,src/gage/ctx,5420
teem-1.6.0-src,src/gage/filter,3831
teem-1.6.0-src,src/gage/sclprint,1053
teem-1.6.0-src,src/gage/shape,3852
teem-1.6.0-src,src/gage/st,4203
teem-1.6.0-src,src/gage/print,7093
teem-1.6.0-src,src/gage/scl,19232
teem-1.6.0-src,src/gage/vecGage,14636
teem-1.6.0-src,src/gage/pvl,1795
teem-1.6.0-src,src/gage/defaultsGage,53
teem-1.6.0-src,src/gage/sclanswer,9465
teem-1.6.0-src,src/gage/update,5720
teem-1.6.0-src,src/bane/valid,2906
teem-1.6.0-src,src/bane/inc,4417
teem-1.6.0-src,src/bane/gkmsTxf,3716
teem-1.6.0-src,src/bane/rangeBane,1985
teem-1.6.0-src,src/bane/gkmsInfo,1545
teem-1.6.0-src,src/bane/clip,1571
teem-1.6.0-src,src/bane/measr,1742
teem-1.6.0-src,src/bane/trnsf,5507
teem-1.6.0-src,src/bane/gkmsMite,1416
teem-1.6.0-src,src/bane/gkmsOpac,3705
teem-1.6.0-src,src/bane/gkmsFlotsam,3546
teem-1.6.0-src,src/bane/gkmsScat,1832
teem-1.6.0-src,src/bane/hvol,8389
teem-1.6.0-src,src/bane/defaultsBane,29
teem-1.6.0-src,src/bane/gkmsHvol,3286
teem-1.6.0-src,src/bane/test/sigma,213
teem-1.6.0-src,src/bane/test/tinfo,629
teem-1.6.0-src,src/bane/test/tblah,1245
teem-1.6.0-src,src/bane/test/pos,697
teem-1.6.0-src,src/bane/test/opac,590
teem-1.6.0-src,src/bane/gkmsPvg,3606
teem-1.6.0-src,src/bane/trex,418
teem-1.6.0-src,src/bane/methodsBane,683
teem-1.6.0-src,src/bane/scat,921
teem-1.6.0-src,src/hest/usage,3398
teem-1.6.0-src,src/hest/defaultsHest,12
teem-1.6.0-src,src/hest/parseHest,14034
teem-1.6.0-src,src/hest/methodsHest,2833
teem-1.6.0-src,src/hest/test/ex2,1196
teem-1.6.0-src,src/hest/test/ex5,993
teem-1.6.0-src,src/hest/test/ex1,1335
teem-1.6.0-src,src/hest/test/ex0,537
teem-1.6.0-src,src/hest/test/bday,1282
teem-1.6.0-src,src/hest/test/strings,1211
teem-1.6.0-src,src/hest/test/ex3,1778
teem-1.6.0-src,src/hest/test/ex4,1308
teem-1.6.0-src,src/hoover/stub,80
teem-1.6.0-src,src/hoover/methodsHoover,1958
teem-1.6.0-src,src/hoover/rays,4283
teem-1.6.0-src,src/hoover/defaultsHoover,19
teem-1.6.0-src,src/ell/vecEll,2088
teem-1.6.0-src,src/ell/cubicEll,2780
teem-1.6.0-src,src/ell/eigen,5828
teem-1.6.0-src,src/ell/miscEll,1251
teem-1.6.0-src,src/ell/mat,34260
teem-1.6.0-src,src/ell/test/tq,7531
teem-1.6.0-src,src/ell/test/sort3,882
teem-1.6.0-src,src/ell/test/invert,857
teem-1.6.0-src,src/ell/quat,21114
teem-1.6.0-src,src/ell/genmat,3899
teem-1.6.0-src,src/nrrd/defaultsNrrd,807
teem-1.6.0-src,src/nrrd/encodingHex,1624
teem-1.6.0-src,src/nrrd/encoding,660
teem-1.6.0-src,src/nrrd/superset,5424
teem-1.6.0-src,src/nrrd/range,772
teem-1.6.0-src,src/nrrd/reorder,10684
teem-1.6.0-src,src/nrrd/encodingRaw,2244
teem-1.6.0-src,src/nrrd/encodingGzip,621
teem-1.6.0-src,src/nrrd/formatText,3198
teem-1.6.0-src,src/nrrd/hestNrrd,1351
teem-1.6.0-src,src/nrrd/read,3371
teem-1.6.0-src,src/nrrd/ccmethods,1424
teem-1.6.0-src,src/nrrd/formatNRRD,4256
teem-1.6.0-src,src/nrrd/apply1D,9426
teem-1.6.0-src,src/nrrd/formatVTK,6475
teem-1.6.0-src,src/nrrd/subset,3040
teem-1.6.0-src,src/nrrd/parseNrrd,7194
teem-1.6.0-src,src/nrrd/endianNrrd,683
teem-1.6.0-src,src/nrrd/keyvalue,985
teem-1.6.0-src,src/nrrd/encodingAscii,1709
teem-1.6.0-src,src/nrrd/gzio,0
teem-1.6.0-src,src/nrrd/measure,11780
teem-1.6.0-src,src/nrrd/test/genvol,2019
teem-1.6.0-src,src/nrrd/test/convo,2361
teem-1.6.0-src,src/nrrd/test/tkernel,2191
teem-1.6.0-src,src/nrrd/test/quadvol,2173
teem-1.6.0-src,src/nrrd/test/io,489
teem-1.6.0-src,src/nrrd/test/tread,348
teem-1.6.0-src,src/nrrd/test/tline,446
teem-1.6.0-src,src/nrrd/test/trand,201
teem-1.6.0-src,src/nrrd/test/ax,3441
teem-1.6.0-src,src/nrrd/test/kv,439
teem-1.6.0-src,src/nrrd/test/minmax,356
teem-1.6.0-src,src/nrrd/test/typestest,420
teem-1.6.0-src,src/nrrd/histogram,7421
teem-1.6.0-src,src/nrrd/arith,6779
teem-1.6.0-src,src/nrrd/accessors,7891
teem-1.6.0-src,src/nrrd/enumsNrrd,86275
teem-1.6.0-src,src/nrrd/formatPNM,3483
teem-1.6.0-src,src/nrrd/filt,7110
teem-1.6.0-src,src/nrrd/cc,12890
teem-1.6.0-src,src/nrrd/formatPNG,742
teem-1.6.0-src,src/nrrd/winKernel,25468
teem-1.6.0-src,src/nrrd/comment,587
teem-1.6.0-src,src/nrrd/write,5014
teem-1.6.0-src,src/nrrd/simple,5347
teem-1.6.0-src,src/nrrd/arraysNrrd,2364
teem-1.6.0-src,src/nrrd/kernel,30198
teem-1.6.0-src,src/nrrd/methodsNrrd,4881
teem-1.6.0-src,src/nrrd/axis,3528
teem-1.6.0-src,src/nrrd/map,6207
teem-1.6.0-src,src/nrrd/resampleNrrd,7632
teem-1.6.0-src,src/nrrd/convertNrrd,3444
teem-1.6.0-src,src/nrrd/tmfKernel,156681
teem-1.6.0-src,src/nrrd/format,704
teem-1.6.0-src,src/nrrd/encodingBzip2,554
teem-1.6.0-src,src/nrrd/iter,871
teem-1.6.0-src,src/nrrd/formatEPS,2769
teem-1.6.0-src,src/ten/tendSlice,1289
teem-1.6.0-src,src/ten/tendEvecrgb,2235
teem-1.6.0-src,src/ten/tendEstim,4393
teem-1.6.0-src,src/ten/tensor,7726
teem-1.6.0-src,src/ten/tendEllipse,2873
teem-1.6.0-src,src/ten/epireg,16511
teem-1.6.0-src,src/ten/tendFlotsam,1606
teem-1.6.0-src,src/ten/tendNorm,1573
teem-1.6.0-src,src/ten/tendSten,1626
teem-1.6.0-src,src/ten/aniso,4563
teem-1.6.0-src,src/ten/fiberMethods,3209
teem-1.6.0-src,src/ten/fiber,5418
teem-1.6.0-src,src/ten/tendShrink,1172
teem-1.6.0-src,src/ten/bimod,7065
teem-1.6.0-src,src/ten/tendPoint,1944
teem-1.6.0-src,src/ten/test/tt,3498
teem-1.6.0-src,src/ten/test/tg,3127
teem-1.6.0-src,src/ten/test/tem,1224
teem-1.6.0-src,src/ten/tendAnhist,1431
teem-1.6.0-src,src/ten/enumsTen,26181
teem-1.6.0-src,src/ten/tendEvq,2473
teem-1.6.0-src,src/ten/tendMake,1193
teem-1.6.0-src,src/ten/tendEvalpow,1131
teem-1.6.0-src,src/ten/tendAnvol,1765
teem-1.6.0-src,src/ten/tendSim,1648
teem-1.6.0-src,src/ten/tendBmat,1561
teem-1.6.0-src,src/ten/chan,10193
teem-1.6.0-src,src/ten/tendGlyph,7644
teem-1.6.0-src,src/ten/tendEval,2084
teem-1.6.0-src,src/ten/miscTen,4389
teem-1.6.0-src,src/ten/mod,3765
teem-1.6.0-src,src/ten/glyph,6015
teem-1.6.0-src,src/ten/tendAnscale,1667
teem-1.6.0-src,src/ten/tendExpand,1716
teem-1.6.0-src,src/ten/tendEvaladd,1220
teem-1.6.0-src,src/ten/tendEpireg,5112
teem-1.6.0-src,src/ten/defaultsTen,60
teem-1.6.0-src,src/ten/tendEvec,2114
teem-1.6.0-src,src/ten/tenGage,4581
teem-1.6.0-src,src/ten/tendSatin,6672
teem-1.6.0-src,src/ten/tendFiber,3060
teem-1.6.0-src,src/ten/tendEvalclamp,1532
teem-1.6.0-src,src/ten/tendAnplot,1913
teem-1.6.0-src,src/alan/enumsAlan,2480
teem-1.6.0-src,src/alan/methodsAlan,2768
teem-1.6.0-src,src/alan/test/tspot,1207
teem-1.6.0-src,src/alan/coreAlan,5303
teem-1.6.0-src,src/limn/cam,5994
teem-1.6.0-src,src/limn/defaultsLimn,13
teem-1.6.0-src,src/limn/obj,1104
teem-1.6.0-src,src/limn/io,913
teem-1.6.0-src,src/limn/splineMisc,14841
teem-1.6.0-src,src/limn/qn,3365
teem-1.6.0-src,src/limn/splineMethods,5599
teem-1.6.0-src,src/limn/test/tbc,2064
teem-1.6.0-src,src/limn/test/soid,4641
teem-1.6.0-src,src/limn/test/tspline,2469
teem-1.6.0-src,src/limn/test/tcam,1400
teem-1.6.0-src,src/limn/test/tcamanim,3947
teem-1.6.0-src,src/limn/test/light,620
teem-1.6.0-src,src/limn/test/tps,3492
teem-1.6.0-src,src/limn/test/map,388
teem-1.6.0-src,src/limn/methodsLimn,340
teem-1.6.0-src,src/limn/transform,3885
teem-1.6.0-src,src/limn/shapes,4328
teem-1.6.0-src,src/limn/renderLimn,3803
teem-1.6.0-src,src/limn/env,1440
teem-1.6.0-src,src/limn/splineEval,7401
teem-1.6.0-src,src/limn/light,1042
teem-1.6.0-src,src/limn/hestLimn,1218
ttt-0.10.1.preproc,src/ttt,5961
ttt-0.10.1.preproc,src/engine,2280
ttt-0.10.1.preproc,src/parse,1411
ttt-0.10.1.preproc,src/util,1952
ttt-0.10.1.preproc,src/connect4,4093
ttt-0.10.1.preproc,src/main,1353
unrarlib-0.4.0,unrarlib/unrarlib,12924
unrarlib-0.4.0,samples/unix/listarchive/listarchive,1034
unrarlib-0.4.0,samples/unix/getfile/getfile,837
zlib-1.1.4,inffast,1042
zlib-1.1.4,inftrees,6976
zlib-1.1.4,adler32,372
zlib-1.1.4,infblock,2910
zlib-1.1.4,infutil,400
zlib-1.1.4,infcodes,1698
zlib-1.1.4,inflate,2243
zlib-1.1.4,gzio,4003
zlib-1.1.4,compress,182
zlib-1.1.4,zutil,215
zlib-1.1.4,trees,9484
zlib-1.1.4,deflate,6681
zlib-1.1.4,uncompr,150
zlib-1.1.4,crc32,1328
