time
"2",,"","","","","arm-none-eabi-gcc (GCC) 4.6.4"
"","-Os -std=gnu89 -mcpu=cortex-m3"
bzip2-1.0.2,bzip2,0.27,0.28,0.32
bzip2-1.0.2,compress,0.29,0.34,0.38
bzip2-1.0.2,blocksort,0.28,0.28,0.29
bzip2-1.0.2,decompress,0.38,0.40,0.40
bzip2-1.0.2,bzip2recover,0.11,0.13,0.15
bzip2-1.0.2,randtable,0.01,0.02,0.02
bzip2-1.0.2,crctable,0.00,0.02,0.02
bzip2-1.0.2,bzlib,0.31,0.32,0.32
bzip2-1.0.2,huffman,0.06,0.06,0.09
cg_compiler_opensrc,tokenize,0.04,0.04,0.05
cg_compiler_opensrc,support_iter,0.05,0.07,0.08
cg_compiler_opensrc,check,0.08,0.13,0.14
cg_compiler_opensrc,hal,0.08,0.08,0.14
cg_compiler_opensrc,constfold,0.12,0.12,0.15
cg_compiler_opensrc,cpp,0.18,0.20,0.24
cg_compiler_opensrc,symbols,0.20,0.21,0.21
cg_compiler_opensrc,compile,0.30,0.33,0.33
cg_compiler_opensrc,atom,0.07,0.08,0.10
cg_compiler_opensrc,scanner,0.18,0.23,0.24
cg_compiler_opensrc,semantic,0.12,0.14,0.15
cg_compiler_opensrc,support,0.47,0.53,0.54
cg_compiler_opensrc,cgcmain,0.08,0.09,0.10
cg_compiler_opensrc,printutils,0.22,0.25,0.25
cg_compiler_opensrc,binding,0.06,0.08,0.09
cg_compiler_opensrc,memory,0.03,0.04,0.06
cg_compiler_opensrc,tokens,0.10,0.10,0.15
cg_compiler_opensrc,inline,0.07,0.11,0.11
cg_compiler_opensrc,cgstruct,0.02,0.02,0.03
cg_compiler_opensrc,stdlib,0.02,0.03,0.03
cg_compiler_opensrc,parser,0.18,0.20,0.20
cg_compiler_opensrc,generic_hal,0.07,0.08,0.09
compiler,main,0.06,0.06,0.08
compiler,scanner,0.09,0.10,0.13
compiler,vas,0.08,0.09,0.15
compiler,vam,0.14,0.14,0.15
compiler,parser,0.08,0.08,0.09
compiler,cg,0.08,0.12,0.14
flex-2.5.31,yylex,0.05,0.05,0.07
flex-2.5.31,skel,0.06,0.06,0.07
flex-2.5.31,dfa,0.16,0.18,0.24
flex-2.5.31,libmain,0.00,0.00,0.00
flex-2.5.31,main,0.27,0.32,0.32
flex-2.5.31,gen,0.34,0.35,0.35
flex-2.5.31,ccl,0.04,0.06,0.06
flex-2.5.31,buf,0.07,0.08,0.08
flex-2.5.31,regex,0.02,0.03,0.04
flex-2.5.31,ecs,0.05,0.06,0.07
flex-2.5.31,options,0.02,0.02,0.03
flex-2.5.31,nfa,0.08,0.10,0.12
flex-2.5.31,tables_shared,0.01,0.02,0.02
flex-2.5.31,scanopt,0.16,0.18,0.19
flex-2.5.31,parse,0.18,0.18,0.23
flex-2.5.31,scan,0.61,0.64,0.66
flex-2.5.31,filter,0.08,0.09,0.09
flex-2.5.31,sym,0.05,0.05,0.06
flex-2.5.31,tables,0.12,0.13,0.13
flex-2.5.31,misc,0.21,0.21,0.22
flex-2.5.31,libyywrap,0.00,0.00,0.00
flex-2.5.31,tblcmp,0.12,0.16,0.16
jikespg-1.3,src/resolve,0.34,0.40,0.42
jikespg-1.3,src/spacetab,0.48,0.53,0.54
jikespg-1.3,src/ptables,0.08,0.14,0.14
jikespg-1.3,src/produce,0.39,0.39,0.45
jikespg-1.3,src/timetab,0.26,0.28,0.30
jikespg-1.3,src/remsp,0.30,0.31,0.33
jikespg-1.3,src/lpgutil,0.14,0.16,0.21
jikespg-1.3,src/main,0.07,0.07,0.10
jikespg-1.3,src/prntstat,0.10,0.14,0.14
jikespg-1.3,src/tabutil,0.30,0.34,0.36
jikespg-1.3,src/ctabs,0.58,0.62,0.63
jikespg-1.3,src/mkred,0.19,0.20,0.24
jikespg-1.3,src/mkfirst,0.37,0.40,0.46
jikespg-1.3,src/partset,0.10,0.10,0.11
jikespg-1.3,src/lpgparse,0.87,0.88,0.89
jikespg-1.3,src/globals,0.01,0.02,0.02
jikespg-1.3,src/mkstates,0.13,0.13,0.14
jpeg-6b,wrbmp,0.12,0.13,0.15
jpeg-6b,rdbmp,0.10,0.11,0.12
jpeg-6b,jquant1,0.09,0.10,0.13
jpeg-6b,wrppm,0.03,0.04,0.05
jpeg-6b,jdmarker,0.23,0.26,0.27
jpeg-6b,rdgif,0.00,0.00,0.02
jpeg-6b,jddctmgr,0.04,0.04,0.04
jpeg-6b,jdapistd,0.05,0.07,0.08
jpeg-6b,jcparam,0.08,0.10,0.13
jpeg-6b,jdsample,0.07,0.07,0.08
jpeg-6b,jccoefct,0.06,0.06,0.06
jpeg-6b,jdapimin,0.05,0.08,0.09
jpeg-6b,jcmaster,0.08,0.09,0.09
jpeg-6b,jdmaster,0.09,0.10,0.11
jpeg-6b,jfdctint,0.02,0.03,0.03
jpeg-6b,jcapistd,0.04,0.05,0.06
jpeg-6b,jcmainct,0.03,0.03,0.05
jpeg-6b,jfdctflt,0.03,0.03,0.03
jpeg-6b,rdppm,0.07,0.10,0.11
jpeg-6b,jdinput,0.08,0.09,0.09
jpeg-6b,ansi2knr,0.08,0.09,0.09
jpeg-6b,transupp,0.19,0.20,0.26
jpeg-6b,jcprepct,0.05,0.06,0.07
jpeg-6b,wrgif,0.10,0.11,0.17
jpeg-6b,jcmarker,0.08,0.08,0.12
jpeg-6b,jdphuff,0.09,0.10,0.11
jpeg-6b,cjpeg,0.08,0.12,0.13
jpeg-6b,jmemnobs,0.02,0.03,0.03
jpeg-6b,jdcolor,0.04,0.05,0.09
jpeg-6b,jdatasrc,0.04,0.04,0.05
jpeg-6b,wrtarga,0.07,0.08,0.09
jpeg-6b,jcinit,0.01,0.01,0.01
jpeg-6b,jcomapi,0.01,0.01,0.01
jpeg-6b,jdatadst,0.02,0.02,0.02
jpeg-6b,jquant2,0.13,0.16,0.20
jpeg-6b,jcapimin,0.06,0.07,0.07
jpeg-6b,rdtarga,0.06,0.06,0.06
jpeg-6b,jdcoefct,0.14,0.16,0.18
jpeg-6b,jidctint,0.05,0.08,0.08
jpeg-6b,rdrle,0.01,0.01,0.02
jpeg-6b,jctrans,0.08,0.08,0.10
jpeg-6b,jidctred,0.06,0.09,0.09
jpeg-6b,jchuff,0.10,0.12,0.18
jpeg-6b,jcdctmgr,0.06,0.08,0.10
jpeg-6b,rdjpgcom,0.05,0.06,0.06
jpeg-6b,wrjpgcom,0.09,0.09,0.13
jpeg-6b,djpeg,0.08,0.08,0.09
jpeg-6b,jerror,0.03,0.05,0.06
jpeg-6b,rdcolmap,0.06,0.07,0.10
jpeg-6b,jpegtran,0.06,0.06,0.12
jpeg-6b,jcsample,0.07,0.07,0.10
jpeg-6b,jmemmgr,0.09,0.10,0.13
jpeg-6b,jdmainct,0.05,0.05,0.06
jpeg-6b,jccolor,0.06,0.06,0.07
jpeg-6b,jcphuff,0.13,0.14,0.16
jpeg-6b,jdmerge,0.05,0.06,0.08
jpeg-6b,rdswitch,0.07,0.09,0.10
jpeg-6b,jdhuff,0.09,0.09,0.11
jpeg-6b,wrrle,0.01,0.01,0.01
jpeg-6b,cdjpeg,0.01,0.02,0.02
jpeg-6b,jidctflt,0.05,0.05,0.06
jpeg-6b,jfdctfst,0.02,0.03,0.04
jpeg-6b,jutils,0.01,0.02,0.02
jpeg-6b,jdtrans,0.03,0.04,0.05
jpeg-6b,jdpostct,0.04,0.06,0.07
jpeg-6b,jidctfst,0.03,0.03,0.04
libmspack,mspack/kwajc,0.00,0.00,0.00
libmspack,mspack/mszipd,0.00,0.00,0.01
libmspack,mspack/cabd,0.16,0.18,0.24
libmspack,mspack/lzxc,0.00,0.00,0.01
libmspack,mspack/litc,0.00,0.01,0.01
libmspack,mspack/qtmc,0.00,0.00,0.00
libmspack,mspack/chmc,0.00,0.00,0.01
libmspack,mspack/kwajd,0.00,0.00,0.01
libmspack,mspack/litd,0.00,0.01,0.01
libmspack,mspack/system,0.04,0.06,0.08
libmspack,mspack/cabc,0.00,0.01,0.01
libmspack,mspack/hlpc,0.00,0.00,0.00
libmspack,mspack/lzxd,0.23,0.25,0.25
libmspack,mspack/szddd,0.00,0.01,0.01
libmspack,mspack/qtmd,0.16,0.19,0.22
libmspack,mspack/hlpd,0.00,0.00,0.00
libmspack,mspack/chmd,0.12,0.13,0.17
libmspack,mspack/mszipc,0.00,0.00,0.00
libmspack,mspack/szddc,0.00,0.00,0.01
libmspack,test/md5,0.07,0.11,0.12
libmspack,test/cabextract_md5,0.64,0.70,0.71
libmspack,test/cabd_test,0.14,0.15,0.16
libmspack,test/cabd_md5,0.02,0.02,0.02
libmspack,test/cabrip,0.03,0.04,0.05
libmspack,test/chmd_md5,0.02,0.02,0.03
libpng-1.2.5,pngwrite,0.16,0.22,0.24
libpng-1.2.5,pngrutil,0.30,0.31,0.35
libpng-1.2.5,pngpread,0.18,0.21,0.23
libpng-1.2.5,pngget,0.13,0.14,0.16
libpng-1.2.5,pngwio,0.03,0.04,0.04
libpng-1.2.5,pngwutil,0.31,0.33,0.36
libpng-1.2.5,png,0.07,0.08,0.10
libpng-1.2.5,pngtest,0.12,0.12,0.13
libpng-1.2.5,pngrtran,0.53,0.58,0.61
libpng-1.2.5,pngerror,0.06,0.09,0.09
libpng-1.2.5,pngset,0.20,0.21,0.22
libpng-1.2.5,pngmem,0.07,0.07,0.07
libpng-1.2.5,pngtrans,0.06,0.08,0.12
libpng-1.2.5,png2pnm,0.06,0.08,0.12
libpng-1.2.5,pnm2png,0.10,0.12,0.14
libpng-1.2.5,pngwtran,0.08,0.12,0.12
libpng-1.2.5,pngread,0.14,0.15,0.22
libpng-1.2.5,pngrio,0.02,0.02,0.04
linux-2.4.23-pre3-testplatform,arch/testplatform/mm/fault,0.10,0.11,0.13
linux-2.4.23-pre3-testplatform,arch/testplatform/mm/ioremap,0.04,0.05,0.06
linux-2.4.23-pre3-testplatform,arch/testplatform/mm/extable,0.03,0.04,0.05
linux-2.4.23-pre3-testplatform,arch/testplatform/mm/init,0.09,0.09,0.09
linux-2.4.23-pre3-testplatform,arch/testplatform/lib/delay,0.02,0.02,0.02
linux-2.4.23-pre3-testplatform,arch/testplatform/lib/strcmp,0.00,0.00,0.00
linux-2.4.23-pre3-testplatform,arch/testplatform/lib/uaccess,0.00,0.00,0.00
linux-2.4.23-pre3-testplatform,arch/testplatform/lib/strncpy,0.00,0.00,0.00
linux-2.4.23-pre3-testplatform,arch/testplatform/lib/memcpy,0.00,0.00,0.00
linux-2.4.23-pre3-testplatform,arch/testplatform/lib/misaligned,0.00,0.00,0.00
linux-2.4.23-pre3-testplatform,arch/testplatform/lib/memset,0.00,0.00,0.00
linux-2.4.23-pre3-testplatform,arch/testplatform/lib/checksum,0.02,0.03,0.04
linux-2.4.23-pre3-testplatform,arch/testplatform/kernel/irq,0.04,0.06,0.07
linux-2.4.23-pre3-testplatform,arch/testplatform/kernel/s390fpu,0.02,0.02,0.03
linux-2.4.23-pre3-testplatform,arch/testplatform/kernel/init_task,0.04,0.04,0.06
linux-2.4.23-pre3-testplatform,arch/testplatform/kernel/ptrace,0.06,0.07,0.07
linux-2.4.23-pre3-testplatform,arch/testplatform/kernel/head,0.00,0.00,0.01
linux-2.4.23-pre3-testplatform,arch/testplatform/kernel/sys_s390,0.06,0.06,0.08
linux-2.4.23-pre3-testplatform,arch/testplatform/kernel/bitmap,0.00,0.00,0.00
linux-2.4.23-pre3-testplatform,arch/testplatform/kernel/ebcdic,0.00,0.01,0.01
linux-2.4.23-pre3-testplatform,arch/testplatform/kernel/cpcmd,0.00,0.00,0.00
linux-2.4.23-pre3-testplatform,arch/testplatform/kernel/time,0.02,0.02,0.03
linux-2.4.23-pre3-testplatform,arch/testplatform/kernel/entry,0.01,0.02,0.02
linux-2.4.23-pre3-testplatform,arch/testplatform/kernel/s390_ext,0.05,0.07,0.08
linux-2.4.23-pre3-testplatform,arch/testplatform/kernel/traps,0.13,0.19,0.20
linux-2.4.23-pre3-testplatform,arch/testplatform/kernel/setup,0.10,0.11,0.12
linux-2.4.23-pre3-testplatform,arch/testplatform/kernel/debug,0.16,0.18,0.19
linux-2.4.23-pre3-testplatform,arch/testplatform/kernel/semaphore,0.03,0.04,0.05
linux-2.4.23-pre3-testplatform,arch/testplatform/kernel/needed,0.00,0.01,0.01
linux-2.4.23-pre3-testplatform,arch/testplatform/kernel/reipl,0.00,0.00,0.00
linux-2.4.23-pre3-testplatform,arch/testplatform/kernel/process,0.06,0.07,0.07
linux-2.4.23-pre3-testplatform,arch/testplatform/kernel/signal,0.12,0.14,0.18
linux-2.4.23-pre3-testplatform,fs/read_write,0.08,0.09,0.10
linux-2.4.23-pre3-testplatform,fs/pipe,0.10,0.10,0.14
linux-2.4.23-pre3-testplatform,fs/char_dev,0.04,0.05,0.07
linux-2.4.23-pre3-testplatform,fs/partitions/msdos,0.06,0.06,0.06
linux-2.4.23-pre3-testplatform,fs/partitions/check,0.09,0.09,0.10
linux-2.4.23-pre3-testplatform,fs/readdir,0.07,0.10,0.10
linux-2.4.23-pre3-testplatform,fs/dcache,0.16,0.18,0.21
linux-2.4.23-pre3-testplatform,fs/attr,0.04,0.05,0.07
linux-2.4.23-pre3-testplatform,fs/filesystems,0.02,0.02,0.02
linux-2.4.23-pre3-testplatform,fs/quota,0.10,0.10,0.15
linux-2.4.23-pre3-testplatform,fs/ioctl,0.05,0.06,0.06
linux-2.4.23-pre3-testplatform,fs/dnotify,0.04,0.04,0.06
linux-2.4.23-pre3-testplatform,fs/nfsd/stats,0.04,0.05,0.06
linux-2.4.23-pre3-testplatform,fs/nfsd/nfs3xdr,0.16,0.18,0.20
linux-2.4.23-pre3-testplatform,fs/nfsd/nfs3proc,0.09,0.11,0.12
linux-2.4.23-pre3-testplatform,fs/nfsd/nfsctl,0.04,0.04,0.05
linux-2.4.23-pre3-testplatform,fs/nfsd/export,0.17,0.22,0.23
linux-2.4.23-pre3-testplatform,fs/nfsd/nfscache,0.06,0.08,0.08
linux-2.4.23-pre3-testplatform,fs/nfsd/nfssvc,0.06,0.06,0.06
linux-2.4.23-pre3-testplatform,fs/nfsd/nfsproc,0.09,0.13,0.15
linux-2.4.23-pre3-testplatform,fs/nfsd/nfsxdr,0.14,0.16,0.16
linux-2.4.23-pre3-testplatform,fs/nfsd/auth,0.02,0.04,0.04
linux-2.4.23-pre3-testplatform,fs/nfsd/nfsfh,0.14,0.18,0.21
linux-2.4.23-pre3-testplatform,fs/nfsd/lockd,0.03,0.03,0.03
linux-2.4.23-pre3-testplatform,fs/nfsd/vfs,0.20,0.26,0.27
linux-2.4.23-pre3-testplatform,fs/xattr,0.08,0.09,0.09
linux-2.4.23-pre3-testplatform,fs/ramfs/inode,0.07,0.07,0.07
linux-2.4.23-pre3-testplatform,fs/file_table,0.04,0.05,0.05
linux-2.4.23-pre3-testplatform,fs/namei,0.29,0.34,0.34
linux-2.4.23-pre3-testplatform,fs/exec,0.16,0.18,0.22
linux-2.4.23-pre3-testplatform,fs/fcntl,0.08,0.08,0.11
linux-2.4.23-pre3-testplatform,fs/open,0.13,0.13,0.14
linux-2.4.23-pre3-testplatform,fs/locks,0.21,0.21,0.23
linux-2.4.23-pre3-testplatform,fs/bad_inode,0.02,0.03,0.04
linux-2.4.23-pre3-testplatform,fs/stat,0.04,0.05,0.05
linux-2.4.23-pre3-testplatform,fs/nfs/nfs2xdr,0.10,0.14,0.17
linux-2.4.23-pre3-testplatform,fs/nfs/nfs3xdr,0.16,0.21,0.21
linux-2.4.23-pre3-testplatform,fs/nfs/nfs3proc,0.10,0.14,0.18
linux-2.4.23-pre3-testplatform,fs/nfs/read,0.10,0.14,0.14
linux-2.4.23-pre3-testplatform,fs/nfs/flushd,0.06,0.08,0.09
linux-2.4.23-pre3-testplatform,fs/nfs/pagelist,0.08,0.10,0.15
linux-2.4.23-pre3-testplatform,fs/nfs/proc,0.08,0.09,0.14
linux-2.4.23-pre3-testplatform,fs/nfs/dir,0.16,0.18,0.21
linux-2.4.23-pre3-testplatform,fs/nfs/symlink,0.04,0.07,0.08
linux-2.4.23-pre3-testplatform,fs/nfs/unlink,0.06,0.07,0.09
linux-2.4.23-pre3-testplatform,fs/nfs/inode,0.18,0.23,0.24
linux-2.4.23-pre3-testplatform,fs/nfs/file,0.07,0.08,0.11
linux-2.4.23-pre3-testplatform,fs/nfs/write,0.18,0.23,0.26
linux-2.4.23-pre3-testplatform,fs/lockd/xdr4,0.14,0.15,0.19
linux-2.4.23-pre3-testplatform,fs/lockd/svc,0.06,0.07,0.11
linux-2.4.23-pre3-testplatform,fs/lockd/clntproc,0.10,0.13,0.16
linux-2.4.23-pre3-testplatform,fs/lockd/svcsubs,0.07,0.07,0.12
linux-2.4.23-pre3-testplatform,fs/lockd/svclock,0.14,0.15,0.17
linux-2.4.23-pre3-testplatform,fs/lockd/lockd_syms,0.00,0.00,0.01
linux-2.4.23-pre3-testplatform,fs/lockd/mon,0.04,0.05,0.05
linux-2.4.23-pre3-testplatform,fs/lockd/xdr,0.10,0.11,0.12
linux-2.4.23-pre3-testplatform,fs/lockd/clntlock,0.05,0.06,0.08
linux-2.4.23-pre3-testplatform,fs/lockd/svc4proc,0.08,0.12,0.15
linux-2.4.23-pre3-testplatform,fs/lockd/host,0.07,0.07,0.07
linux-2.4.23-pre3-testplatform,fs/lockd/svcproc,0.12,0.13,0.15
linux-2.4.23-pre3-testplatform,fs/lockd/svcshare,0.04,0.08,0.09
linux-2.4.23-pre3-testplatform,fs/devices,0.04,0.08,0.08
linux-2.4.23-pre3-testplatform,fs/jbd/revoke,0.07,0.08,0.09
linux-2.4.23-pre3-testplatform,fs/jbd/commit,0.09,0.14,0.15
linux-2.4.23-pre3-testplatform,fs/jbd/transaction,0.23,0.26,0.28
linux-2.4.23-pre3-testplatform,fs/jbd/journal,0.16,0.18,0.24
linux-2.4.23-pre3-testplatform,fs/jbd/checkpoint,0.15,0.15,0.15
linux-2.4.23-pre3-testplatform,fs/jbd/recovery,0.11,0.12,0.14
linux-2.4.23-pre3-testplatform,fs/binfmt_script,0.03,0.04,0.04
linux-2.4.23-pre3-testplatform,fs/iobuf,0.06,0.06,0.06
linux-2.4.23-pre3-testplatform,fs/buffer,0.36,0.39,0.40
linux-2.4.23-pre3-testplatform,fs/binfmt_elf,0.02,0.02,0.03
linux-2.4.23-pre3-testplatform,fs/fifo,0.04,0.06,0.09
linux-2.4.23-pre3-testplatform,fs/select,0.09,0.10,0.11
linux-2.4.23-pre3-testplatform,fs/inode,0.16,0.16,0.17
linux-2.4.23-pre3-testplatform,fs/super,0.12,0.14,0.17
linux-2.4.23-pre3-testplatform,fs/block_dev,0.13,0.16,0.17
linux-2.4.23-pre3-testplatform,fs/file,0.05,0.05,0.05
linux-2.4.23-pre3-testplatform,fs/namespace,0.17,0.18,0.18
linux-2.4.23-pre3-testplatform,fs/seq_file,0.10,0.11,0.13
linux-2.4.23-pre3-testplatform,fs/ext3/ialloc,0.09,0.16,0.16
linux-2.4.23-pre3-testplatform,fs/ext3/ioctl,0.07,0.09,0.09
linux-2.4.23-pre3-testplatform,fs/ext3/bitmap,0.01,0.02,0.04
linux-2.4.23-pre3-testplatform,fs/ext3/balloc,0.14,0.21,0.21
linux-2.4.23-pre3-testplatform,fs/ext3/namei,0.20,0.26,0.26
linux-2.4.23-pre3-testplatform,fs/ext3/dir,0.05,0.05,0.05
linux-2.4.23-pre3-testplatform,fs/ext3/symlink,0.02,0.02,0.03
linux-2.4.23-pre3-testplatform,fs/ext3/inode,0.31,0.32,0.35
linux-2.4.23-pre3-testplatform,fs/ext3/super,0.22,0.26,0.29
linux-2.4.23-pre3-testplatform,fs/ext3/fsync,0.03,0.03,0.03
linux-2.4.23-pre3-testplatform,fs/ext3/file,0.03,0.06,0.07
linux-2.4.23-pre3-testplatform,mm/page_alloc,0.13,0.16,0.18
linux-2.4.23-pre3-testplatform,mm/slab,0.14,0.14,0.17
linux-2.4.23-pre3-testplatform,mm/numa,0.02,0.04,0.04
linux-2.4.23-pre3-testplatform,mm/filemap,0.38,0.38,0.39
linux-2.4.23-pre3-testplatform,mm/swapfile,0.19,0.26,0.26
linux-2.4.23-pre3-testplatform,mm/mprotect,0.07,0.12,0.13
linux-2.4.23-pre3-testplatform,mm/mremap,0.06,0.08,0.08
linux-2.4.23-pre3-testplatform,mm/mmap,0.15,0.20,0.20
linux-2.4.23-pre3-testplatform,mm/swap_state,0.05,0.06,0.08
linux-2.4.23-pre3-testplatform,mm/mlock,0.07,0.07,0.09
linux-2.4.23-pre3-testplatform,mm/vmalloc,0.10,0.11,0.14
linux-2.4.23-pre3-testplatform,mm/vmscan,0.12,0.13,0.18
linux-2.4.23-pre3-testplatform,mm/memory,0.27,0.27,0.28
linux-2.4.23-pre3-testplatform,mm/oom_kill,0.05,0.08,0.08
linux-2.4.23-pre3-testplatform,mm/shmem,0.20,0.23,0.29
linux-2.4.23-pre3-testplatform,mm/page_io,0.05,0.05,0.07
linux-2.4.23-pre3-testplatform,mm/bootmem,0.07,0.08,0.12
linux-2.4.23-pre3-testplatform,mm/swap,0.04,0.04,0.04
linux-2.4.23-pre3-testplatform,lib/zlib_inflate/infutil,0.01,0.02,0.02
linux-2.4.23-pre3-testplatform,lib/zlib_inflate/inffast,0.05,0.06,0.06
linux-2.4.23-pre3-testplatform,lib/zlib_inflate/inflate_syms,0.00,0.00,0.01
linux-2.4.23-pre3-testplatform,lib/zlib_inflate/inflate,0.08,0.11,0.12
linux-2.4.23-pre3-testplatform,lib/zlib_inflate/infcodes,0.07,0.08,0.10
linux-2.4.23-pre3-testplatform,lib/zlib_inflate/inftrees,0.05,0.06,0.08
linux-2.4.23-pre3-testplatform,lib/zlib_inflate/infblock,0.09,0.11,0.12
linux-2.4.23-pre3-testplatform,lib/rwsem-spinlock,0.04,0.04,0.06
linux-2.4.23-pre3-testplatform,lib/cmdline,0.01,0.02,0.02
linux-2.4.23-pre3-testplatform,lib/string,0.04,0.04,0.04
linux-2.4.23-pre3-testplatform,lib/dec_and_lock,0.00,0.00,0.00
linux-2.4.23-pre3-testplatform,lib/zlib_deflate/deftree,0.20,0.22,0.24
linux-2.4.23-pre3-testplatform,lib/zlib_deflate/deflate,0.15,0.16,0.19
linux-2.4.23-pre3-testplatform,lib/zlib_deflate/deflate_syms,0.00,0.01,0.01
linux-2.4.23-pre3-testplatform,lib/rbtree,0.03,0.04,0.04
linux-2.4.23-pre3-testplatform,lib/bust_spinlocks,0.02,0.02,0.02
linux-2.4.23-pre3-testplatform,lib/ctype,0.00,0.00,0.00
linux-2.4.23-pre3-testplatform,lib/errno,0.00,0.00,0.00
linux-2.4.23-pre3-testplatform,lib/brlock,0.00,0.00,0.00
linux-2.4.23-pre3-testplatform,lib/vsprintf,0.11,0.12,0.18
linux-2.4.23-pre3-testplatform,lib/dump_stack,0.00,0.00,0.01
linux-2.4.23-pre3-testplatform,net/core/datagram,0.14,0.14,0.15
linux-2.4.23-pre3-testplatform,net/core/ethtool,0.14,0.17,0.18
linux-2.4.23-pre3-testplatform,net/core/neighbour,0.27,0.34,0.34
linux-2.4.23-pre3-testplatform,net/core/dst,0.08,0.08,0.08
linux-2.4.23-pre3-testplatform,net/core/rtnetlink,0.11,0.17,0.18
linux-2.4.23-pre3-testplatform,net/core/dev_mcast,0.06,0.07,0.07
linux-2.4.23-pre3-testplatform,net/core/skbuff,0.18,0.19,0.26
linux-2.4.23-pre3-testplatform,net/core/iovec,0.07,0.11,0.11
linux-2.4.23-pre3-testplatform,net/core/utils,0.03,0.04,0.06
linux-2.4.23-pre3-testplatform,net/core/scm,0.07,0.12,0.13
linux-2.4.23-pre3-testplatform,net/core/dev,0.29,0.32,0.34
linux-2.4.23-pre3-testplatform,net/core/sock,0.18,0.21,0.21
linux-2.4.23-pre3-testplatform,net/802/p8023,0.05,0.06,0.07
linux-2.4.23-pre3-testplatform,net/ethernet/eth,0.08,0.09,0.11
linux-2.4.23-pre3-testplatform,net/socket,0.21,0.23,0.24
linux-2.4.23-pre3-testplatform,net/8021q/vlan_dev,0.11,0.14,0.14
linux-2.4.23-pre3-testplatform,net/8021q/vlan,0.10,0.10,0.12
linux-2.4.23-pre3-testplatform,net/8021q/vlanproc,0.03,0.04,0.04
linux-2.4.23-pre3-testplatform,net/sunrpc/auth_unix,0.06,0.10,0.10
linux-2.4.23-pre3-testplatform,net/sunrpc/svcsock,0.19,0.20,0.26
linux-2.4.23-pre3-testplatform,net/sunrpc/svc,0.10,0.13,0.13
linux-2.4.23-pre3-testplatform,net/sunrpc/svcauth,0.05,0.06,0.07
linux-2.4.23-pre3-testplatform,net/sunrpc/sched,0.15,0.21,0.22
linux-2.4.23-pre3-testplatform,net/sunrpc/xprt,0.21,0.22,0.27
linux-2.4.23-pre3-testplatform,net/sunrpc/pmap_clnt,0.08,0.08,0.08
linux-2.4.23-pre3-testplatform,net/sunrpc/clnt,0.14,0.18,0.18
linux-2.4.23-pre3-testplatform,net/sunrpc/timer,0.03,0.06,0.06
linux-2.4.23-pre3-testplatform,net/sunrpc/sunrpc_syms,0.02,0.02,0.03
linux-2.4.23-pre3-testplatform,net/sunrpc/xdr,0.09,0.09,0.09
linux-2.4.23-pre3-testplatform,net/sunrpc/auth,0.06,0.10,0.12
linux-2.4.23-pre3-testplatform,net/sunrpc/auth_null,0.04,0.08,0.09
linux-2.4.23-pre3-testplatform,net/sched/sch_generic,0.09,0.09,0.11
linux-2.4.23-pre3-testplatform,net/netlink/af_netlink,0.15,0.23,0.24
linux-2.4.23-pre3-testplatform,net/ipv4/ip_output,0.15,0.17,0.19
linux-2.4.23-pre3-testplatform,net/ipv4/tcp_ipv4,0.35,0.36,0.41
linux-2.4.23-pre3-testplatform,net/ipv4/igmp,0.32,0.38,0.42
linux-2.4.23-pre3-testplatform,net/ipv4/tcp,0.44,0.48,0.52
linux-2.4.23-pre3-testplatform,net/ipv4/route,0.32,0.37,0.44
linux-2.4.23-pre3-testplatform,net/ipv4/ip_fragment,0.12,0.14,0.17
linux-2.4.23-pre3-testplatform,net/ipv4/ip_forward,0.06,0.09,0.10
linux-2.4.23-pre3-testplatform,net/ipv4/fib_frontend,0.10,0.11,0.12
linux-2.4.23-pre3-testplatform,net/ipv4/tcp_minisocks,0.17,0.20,0.23
linux-2.4.23-pre3-testplatform,net/ipv4/raw,0.12,0.14,0.20
linux-2.4.23-pre3-testplatform,net/ipv4/tcp_input,0.55,0.64,0.66
linux-2.4.23-pre3-testplatform,net/ipv4/protocol,0.06,0.06,0.06
linux-2.4.23-pre3-testplatform,net/ipv4/devinet,0.16,0.16,0.18
linux-2.4.23-pre3-testplatform,net/ipv4/ip_sockglue,0.18,0.18,0.27
linux-2.4.23-pre3-testplatform,net/ipv4/proc,0.06,0.07,0.09
linux-2.4.23-pre3-testplatform,net/ipv4/ip_input,0.06,0.06,0.07
linux-2.4.23-pre3-testplatform,net/ipv4/arp,0.16,0.16,0.18
linux-2.4.23-pre3-testplatform,net/ipv4/ip_options,0.14,0.18,0.20
linux-2.4.23-pre3-testplatform,net/ipv4/tcp_diag,0.12,0.18,0.19
linux-2.4.23-pre3-testplatform,net/ipv4/udp,0.18,0.18,0.22
linux-2.4.23-pre3-testplatform,net/ipv4/tcp_timer,0.14,0.20,0.21
linux-2.4.23-pre3-testplatform,net/ipv4/utils,0.01,0.01,0.01
linux-2.4.23-pre3-testplatform,net/ipv4/af_inet,0.16,0.18,0.22
linux-2.4.23-pre3-testplatform,net/ipv4/inetpeer,0.09,0.09,0.09
linux-2.4.23-pre3-testplatform,net/ipv4/icmp,0.12,0.15,0.18
linux-2.4.23-pre3-testplatform,net/ipv4/fib_hash,0.18,0.18,0.22
linux-2.4.23-pre3-testplatform,net/ipv4/tcp_output,0.27,0.30,0.32
linux-2.4.23-pre3-testplatform,net/ipv4/fib_semantics,0.18,0.19,0.20
linux-2.4.23-pre3-testplatform,net/ipv4/sysctl_net_ipv4,0.03,0.04,0.05
linux-2.4.23-pre3-testplatform,init/main,0.08,0.10,0.14
linux-2.4.23-pre3-testplatform,init/do_mounts,0.05,0.07,0.09
linux-2.4.23-pre3-testplatform,init/version,0.00,0.00,0.00
linux-2.4.23-pre3-testplatform,drivers/block/blkpg,0.10,0.12,0.13
linux-2.4.23-pre3-testplatform,drivers/block/ll_rw_blk,0.18,0.22,0.22
linux-2.4.23-pre3-testplatform,drivers/block/elevator,0.06,0.08,0.10
linux-2.4.23-pre3-testplatform,drivers/block/genhd,0.04,0.07,0.08
linux-2.4.23-pre3-testplatform,drivers/net/Space,0.03,0.04,0.05
linux-2.4.23-pre3-testplatform,drivers/net/net_init,0.05,0.06,0.06
linux-2.4.23-pre3-testplatform,drivers/net/loopback,0.04,0.05,0.05
linux-2.4.23-pre3-testplatform,drivers/net/setup,0.03,0.04,0.05
linux-2.4.23-pre3-testplatform,drivers/net/auto_irq,0.04,0.04,0.04
linux-2.4.23-pre3-testplatform,drivers/char/pty,0.08,0.08,0.08
linux-2.4.23-pre3-testplatform,drivers/char/tty_io,0.27,0.29,0.36
linux-2.4.23-pre3-testplatform,drivers/char/tty_ioctl,0.08,0.08,0.09
linux-2.4.23-pre3-testplatform,drivers/char/raw,0.07,0.07,0.08
linux-2.4.23-pre3-testplatform,drivers/char/mem,0.14,0.15,0.17
linux-2.4.23-pre3-testplatform,drivers/char/random,0.15,0.16,0.16
linux-2.4.23-pre3-testplatform,drivers/char/misc,0.06,0.06,0.07
linux-2.4.23-pre3-testplatform,drivers/char/n_tty,0.22,0.23,0.25
linux-2.4.23-pre3-testplatform,kernel/softirq,0.05,0.06,0.07
linux-2.4.23-pre3-testplatform,kernel/info,0.04,0.05,0.05
linux-2.4.23-pre3-testplatform,kernel/module,0.06,0.07,0.09
linux-2.4.23-pre3-testplatform,kernel/sys,0.15,0.15,0.23
linux-2.4.23-pre3-testplatform,kernel/fork,0.17,0.17,0.18
linux-2.4.23-pre3-testplatform,kernel/sysctl,0.06,0.06,0.07
linux-2.4.23-pre3-testplatform,kernel/ptrace,0.07,0.10,0.11
linux-2.4.23-pre3-testplatform,kernel/printk,0.09,0.09,0.09
linux-2.4.23-pre3-testplatform,kernel/context,0.04,0.08,0.10
linux-2.4.23-pre3-testplatform,kernel/capability,0.07,0.08,0.09
linux-2.4.23-pre3-testplatform,kernel/resource,0.06,0.06,0.10
linux-2.4.23-pre3-testplatform,kernel/sched,0.15,0.21,0.21
linux-2.4.23-pre3-testplatform,kernel/time,0.08,0.12,0.12
linux-2.4.23-pre3-testplatform,kernel/timer,0.13,0.16,0.18
linux-2.4.23-pre3-testplatform,kernel/exit,0.11,0.17,0.17
linux-2.4.23-pre3-testplatform,kernel/exec_domain,0.04,0.04,0.05
linux-2.4.23-pre3-testplatform,kernel/user,0.03,0.03,0.04
linux-2.4.23-pre3-testplatform,kernel/kmod,0.08,0.10,0.10
linux-2.4.23-pre3-testplatform,kernel/dma,0.03,0.04,0.06
linux-2.4.23-pre3-testplatform,kernel/acct,0.00,0.01,0.01
linux-2.4.23-pre3-testplatform,kernel/panic,0.03,0.03,0.04
linux-2.4.23-pre3-testplatform,kernel/itimer,0.07,0.08,0.08
linux-2.4.23-pre3-testplatform,kernel/signal,0.14,0.17,0.22
linux-2.4.23-pre3-testplatform,ipc/shm,0.10,0.13,0.14
linux-2.4.23-pre3-testplatform,ipc/sem,0.15,0.18,0.20
linux-2.4.23-pre3-testplatform,ipc/util,0.06,0.08,0.11
linux-2.4.23-pre3-testplatform,ipc/msg,0.11,0.12,0.18
lwip-0.5.3.preproc,proj/unixsim/simhost,0.01,0.01,0.02
lwip-0.5.3.preproc,proj/unixsim/simrouter,0.01,0.01,0.02
lwip-0.5.3.preproc,proj/unixsim/simnode,0.01,0.02,0.02
lwip-0.5.3.preproc,proj/unixsim/apps/fs,0.06,0.06,0.07
lwip-0.5.3.preproc,proj/unixsim/apps/udpecho,0.00,0.00,0.01
lwip-0.5.3.preproc,proj/unixsim/apps/tcpecho,0.00,0.01,0.01
lwip-0.5.3.preproc,proj/unixsim/apps/httpd,0.02,0.02,0.03
lwip-0.5.3.preproc,proj/unixsim/apps/shell,0.14,0.15,0.16
lwip-0.5.3.preproc,src/netif/arp,0.06,0.07,0.10
lwip-0.5.3.preproc,src/netif/tcpdump,0.04,0.06,0.06
lwip-0.5.3.preproc,src/netif/loopif,0.00,0.00,0.00
lwip-0.5.3.preproc,src/core/memp,0.03,0.03,0.03
lwip-0.5.3.preproc,src/core/stats,0.00,0.00,0.00
lwip-0.5.3.preproc,src/core/sys,0.01,0.01,0.02
lwip-0.5.3.preproc,src/core/tcp,0.10,0.12,0.13
lwip-0.5.3.preproc,src/core/inet,0.02,0.03,0.04
lwip-0.5.3.preproc,src/core/netif,0.01,0.02,0.03
lwip-0.5.3.preproc,src/core/tcp_input,0.14,0.20,0.20
lwip-0.5.3.preproc,src/core/mem,0.06,0.07,0.07
lwip-0.5.3.preproc,src/core/ipv4/ip,0.05,0.07,0.10
lwip-0.5.3.preproc,src/core/ipv4/ip_addr,0.00,0.00,0.00
lwip-0.5.3.preproc,src/core/ipv4/icmp,0.02,0.02,0.03
lwip-0.5.3.preproc,src/core/udp,0.04,0.04,0.04
lwip-0.5.3.preproc,src/core/pbuf,0.07,0.08,0.09
lwip-0.5.3.preproc,src/core/tcp_output,0.08,0.11,0.12
lwip-0.5.3.preproc,src/api/api_msg,0.08,0.11,0.12
lwip-0.5.3.preproc,src/api/api_lib,0.13,0.14,0.14
lwip-0.5.3.preproc,src/api/tcpip,0.01,0.02,0.02
lwip-0.5.3.preproc,src/api/err,0.00,0.00,0.00
lwip-0.5.3.preproc,src/api/sockets,0.04,0.05,0.06
mpeg2dec-0.3.1,libvo/video_out_dx,0.00,0.00,0.00
mpeg2dec-0.3.1,libvo/video_out_pgm,0.02,0.02,0.02
mpeg2dec-0.3.1,libvo/video_out,0.00,0.00,0.01
mpeg2dec-0.3.1,libvo/video_out_null,0.02,0.02,0.03
mpeg2dec-0.3.1,libvo/video_out_sdl,0.02,0.02,0.03
mpeg2dec-0.3.1,libvo/yuv2rgb_mmx,0.00,0.00,0.00
mpeg2dec-0.3.1,libvo/yuv2rgb_mlib,0.00,0.00,0.00
mpeg2dec-0.3.1,libvo/yuv2rgb,0.14,0.14,0.14
mpeg2dec-0.3.1,libvo/video_out_x11,0.00,0.00,0.00
mpeg2dec-0.3.1,src/gettimeofday,0.00,0.00,0.00
mpeg2dec-0.3.1,src/getopt,0.08,0.08,0.08
mpeg2dec-0.3.1,src/mpeg2dec,0.13,0.14,0.16
mpeg2dec-0.3.1,src/extract_mpeg2,0.11,0.11,0.14
mpeg2dec-0.3.1,libmpeg2/idct_altivec,0.00,0.00,0.00
mpeg2dec-0.3.1,libmpeg2/motion_comp_altivec,0.00,0.00,0.00
mpeg2dec-0.3.1,libmpeg2/alloc,0.01,0.01,0.01
mpeg2dec-0.3.1,libmpeg2/cpu_accel,0.00,0.00,0.00
mpeg2dec-0.3.1,libmpeg2/slice,0.36,0.38,0.42
mpeg2dec-0.3.1,libmpeg2/cpu_state,0.01,0.02,0.02
mpeg2dec-0.3.1,libmpeg2/motion_comp_mlib,0.00,0.00,0.00
mpeg2dec-0.3.1,libmpeg2/idct_mmx,0.00,0.00,0.00
mpeg2dec-0.3.1,libmpeg2/idct_mlib,0.00,0.00,0.00
mpeg2dec-0.3.1,libmpeg2/idct_alpha,0.00,0.00,0.01
mpeg2dec-0.3.1,libmpeg2/motion_comp,0.19,0.22,0.24
mpeg2dec-0.3.1,libmpeg2/decode,0.08,0.11,0.12
mpeg2dec-0.3.1,libmpeg2/motion_comp_mmx,0.00,0.00,0.00
mpeg2dec-0.3.1,libmpeg2/header,0.11,0.11,0.12
mpeg2dec-0.3.1,libmpeg2/motion_comp_alpha,0.00,0.00,0.01
mpeg2dec-0.3.1,libmpeg2/idct,0.05,0.06,0.07
mpgcut-1.1,mpgcut,0.19,0.20,0.22
OpenTCP-1.0.4,bootp/bootp,0.04,0.05,0.06
OpenTCP-1.0.4,smtp/smtpc_callbacks,0.01,0.02,0.02
OpenTCP-1.0.4,smtp/smtp_client,0.08,0.10,0.12
OpenTCP-1.0.4,tcp,0.16,0.21,0.24
OpenTCP-1.0.4,dns/dns,0.04,0.04,0.05
OpenTCP-1.0.4,ip,0.06,0.08,0.09
OpenTCP-1.0.4,pop3/pop3c_callbacks,0.01,0.01,0.02
OpenTCP-1.0.4,pop3/pop3_client,0.12,0.15,0.15
OpenTCP-1.0.4,timers,0.02,0.03,0.04
OpenTCP-1.0.4,ethernet,0.10,0.10,0.11
OpenTCP-1.0.4,dhcp/dhcpc,0.06,0.07,0.07
OpenTCP-1.0.4,system,0.05,0.06,0.07
OpenTCP-1.0.4,demo/tcp_server_demo,0.02,0.02,0.02
OpenTCP-1.0.4,demo/main_demo,0.01,0.01,0.03
OpenTCP-1.0.4,demo/tcp_client_demo,0.03,0.04,0.04
OpenTCP-1.0.4,demo/udp_demo,0.01,0.01,0.01
OpenTCP-1.0.4,arp,0.08,0.08,0.12
OpenTCP-1.0.4,tftp/tftps,0.03,0.03,0.03
OpenTCP-1.0.4,http/https_callbacks,0.02,0.02,0.03
OpenTCP-1.0.4,http/http_server,0.07,0.09,0.10
OpenTCP-1.0.4,udp,0.09,0.10,0.10
OpenTCP-1.0.4,icmp,0.01,0.02,0.02
replaypc-0.4.0.preproc,ReplayPC,0.08,0.09,0.11
replaypc-0.4.0.preproc,program,0.01,0.02,0.02
replaypc-0.4.0.preproc,dump-cg2,0.01,0.02,0.03
replaypc-0.4.0.preproc,dump-replayshows,0.02,0.02,0.02
replaypc-0.4.0.preproc,ndx-dump,0.07,0.07,0.09
replaypc-0.4.0.preproc,addressbook,0.02,0.04,0.04
replaypc-0.4.0.preproc,dump-headend,0.02,0.02,0.02
replaypc-0.4.0.preproc,httpclient,0.07,0.10,0.10
replaypc-0.4.0.preproc,build-ndx,0.02,0.02,0.03
replaypc-0.4.0.preproc,rtv,0.02,0.02,0.03
replaypc-0.4.0.preproc,dump-filedarray,0.01,0.02,0.02
replaypc-0.4.0.preproc,rtvguide,0.04,0.05,0.05
replaypc-0.4.0.preproc,dump-channelset,0.01,0.01,0.01
replaypc-0.4.0.preproc,channelset,0.00,0.01,0.02
replaypc-0.4.0.preproc,guideclient,0.01,0.02,0.04
replaypc-0.4.0.preproc,dump-guide,0.03,0.03,0.04
replaypc-0.4.0.preproc,crypt-test,0.02,0.02,0.02
replaypc-0.4.0.preproc,httpfsclient,0.04,0.05,0.06
replaypc-0.4.0.preproc,version-test,0.01,0.02,0.02
replaypc-0.4.0.preproc,mark-commercial,0.04,0.06,0.07
replaypc-0.4.0.preproc,rddns,0.02,0.02,0.02
replaypc-0.4.0.preproc,dump-addressbook,0.01,0.01,0.02
replaypc-0.4.0.preproc,find-GOPs,0.02,0.02,0.02
replaypc-0.4.0.preproc,httpfs,0.12,0.16,0.17
replaypc-0.4.0.preproc,bigfile,0.01,0.02,0.03
replaypc-0.4.0.preproc,rddnsclient,0.04,0.05,0.05
replaypc-0.4.0.preproc,dump-zipcode2,0.01,0.01,0.02
replaypc-0.4.0.preproc,zipcode,0.02,0.02,0.02
replaypc-0.4.0.preproc,crypt,0.01,0.02,0.03
replaypc-0.4.0.preproc,dump,0.04,0.04,0.06
replaypc-0.4.0.preproc,sleep,0.00,0.00,0.01
replaypc-0.4.0.preproc,un-protect,0.02,0.02,0.02
replaypc-0.4.0.preproc,filedarray,0.01,0.02,0.02
replaypc-0.4.0.preproc,dump-replaychannels,0.01,0.01,0.01
replaypc-0.4.0.preproc,ndx,0.01,0.01,0.01
replaypc-0.4.0.preproc,dump-programset,0.01,0.01,0.01
replaypc-0.4.0.preproc,headend,0.03,0.04,0.04
replaypc-0.4.0.preproc,guide,0.10,0.12,0.17
replaypc-0.4.0.preproc,cg,0.04,0.05,0.05
teem-1.6.0-src,src/air/sane,0.03,0.05,0.05
teem-1.6.0-src,src/air/miscAir,0.11,0.15,0.15
teem-1.6.0-src,src/air/endianAir,0.00,0.00,0.01
teem-1.6.0-src,src/air/string,0.06,0.08,0.11
teem-1.6.0-src,src/air/threadAir,0.05,0.08,0.08
teem-1.6.0-src,src/air/754,0.05,0.06,0.07
teem-1.6.0-src,src/air/mop,0.04,0.04,0.06
teem-1.6.0-src,src/air/array,0.03,0.03,0.05
teem-1.6.0-src,src/air/parseAir,0.07,0.10,0.12
teem-1.6.0-src,src/air/dio,0.01,0.01,0.01
teem-1.6.0-src,src/air/enum,0.04,0.04,0.06
teem-1.6.0-src,src/air/test/fp,0.03,0.04,0.04
teem-1.6.0-src,src/air/test/tline,0.03,0.03,0.05
teem-1.6.0-src,src/air/test/tmop,0.04,0.04,0.05
teem-1.6.0-src,src/air/test/doubleprint,0.03,0.04,0.04
teem-1.6.0-src,src/air/test/tok,0.02,0.03,0.03
teem-1.6.0-src,src/air/test/floatprint,0.03,0.04,0.04
teem-1.6.0-src,src/limn/renderLimn,0.09,0.09,0.09
teem-1.6.0-src,src/limn/hestLimn,0.03,0.04,0.04
teem-1.6.0-src,src/limn/shapes,0.12,0.12,0.13
teem-1.6.0-src,src/limn/methodsLimn,0.02,0.02,0.04
teem-1.6.0-src,src/limn/io,0.02,0.03,0.04
teem-1.6.0-src,src/limn/env,0.04,0.04,0.06
teem-1.6.0-src,src/limn/splineMethods,0.10,0.10,0.13
teem-1.6.0-src,src/limn/transform,0.10,0.11,0.14
teem-1.6.0-src,src/limn/defaultsLimn,0.01,0.01,0.01
teem-1.6.0-src,src/limn/qn,0.08,0.09,0.12
teem-1.6.0-src,src/limn/splineEval,0.13,0.15,0.19
teem-1.6.0-src,src/limn/obj,0.03,0.04,0.04
teem-1.6.0-src,src/limn/splineMisc,0.06,0.06,0.09
teem-1.6.0-src,src/limn/cam,0.12,0.14,0.16
teem-1.6.0-src,src/limn/light,0.05,0.06,0.06
teem-1.6.0-src,src/limn/test/map,0.04,0.04,0.04
teem-1.6.0-src,src/limn/test/tbc,0.05,0.06,0.09
teem-1.6.0-src,src/limn/test/soid,0.08,0.08,0.09
teem-1.6.0-src,src/limn/test/tspline,0.04,0.04,0.04
teem-1.6.0-src,src/limn/test/tps,0.05,0.06,0.06
teem-1.6.0-src,src/limn/test/light,0.02,0.02,0.02
teem-1.6.0-src,src/limn/test/tcam,0.03,0.03,0.04
teem-1.6.0-src,src/limn/test/tcamanim,0.06,0.07,0.08
teem-1.6.0-src,src/bane/rangeBane,0.03,0.04,0.04
teem-1.6.0-src,src/bane/gkmsInfo,0.02,0.03,0.03
teem-1.6.0-src,src/bane/gkmsMite,0.02,0.04,0.04
teem-1.6.0-src,src/bane/defaultsBane,0.01,0.01,0.02
teem-1.6.0-src,src/bane/gkmsHvol,0.05,0.06,0.09
teem-1.6.0-src,src/bane/measr,0.03,0.03,0.03
teem-1.6.0-src,src/bane/gkmsOpac,0.04,0.05,0.08
teem-1.6.0-src,src/bane/scat,0.05,0.06,0.06
teem-1.6.0-src,src/bane/methodsBane,0.03,0.04,0.04
teem-1.6.0-src,src/bane/hvol,0.15,0.18,0.20
teem-1.6.0-src,src/bane/clip,0.03,0.03,0.04
teem-1.6.0-src,src/bane/gkmsFlotsam,0.05,0.05,0.05
teem-1.6.0-src,src/bane/gkmsPvg,0.06,0.08,0.11
teem-1.6.0-src,src/bane/valid,0.07,0.07,0.07
teem-1.6.0-src,src/bane/trnsf,0.14,0.18,0.20
teem-1.6.0-src,src/bane/trex,0.03,0.03,0.04
teem-1.6.0-src,src/bane/inc,0.08,0.08,0.08
teem-1.6.0-src,src/bane/gkmsScat,0.03,0.03,0.04
teem-1.6.0-src,src/bane/test/opac,0.03,0.04,0.05
teem-1.6.0-src,src/bane/test/tblah,0.04,0.06,0.07
teem-1.6.0-src,src/bane/test/sigma,0.02,0.02,0.02
teem-1.6.0-src,src/bane/test/pos,0.02,0.04,0.06
teem-1.6.0-src,src/bane/test/tinfo,0.03,0.04,0.05
teem-1.6.0-src,src/bane/gkmsTxf,0.05,0.06,0.07
teem-1.6.0-src,src/alan/coreAlan,0.17,0.18,0.19
teem-1.6.0-src,src/alan/methodsAlan,0.05,0.08,0.11
teem-1.6.0-src,src/alan/enumsAlan,0.01,0.02,0.03
teem-1.6.0-src,src/alan/test/tspot,0.03,0.03,0.04
teem-1.6.0-src,src/echo/matter,0.04,0.05,0.07
teem-1.6.0-src,src/echo/enumsEcho,0.01,0.02,0.02
teem-1.6.0-src,src/echo/objmethods,0.05,0.06,0.08
teem-1.6.0-src,src/echo/methodsEcho,0.04,0.06,0.07
teem-1.6.0-src,src/echo/lightEcho,0.03,0.03,0.03
teem-1.6.0-src,src/echo/list,0.09,0.10,0.11
teem-1.6.0-src,src/echo/bounds,0.14,0.18,0.20
teem-1.6.0-src,src/echo/color,0.20,0.20,0.23
teem-1.6.0-src,src/echo/model,0.05,0.06,0.08
teem-1.6.0-src,src/echo/renderEcho,0.11,0.14,0.18
teem-1.6.0-src,src/echo/set,0.03,0.04,0.04
teem-1.6.0-src,src/echo/test/test,0.04,0.04,0.06
teem-1.6.0-src,src/echo/test/trend,0.20,0.22,0.23
teem-1.6.0-src,src/echo/sqd,0.17,0.17,0.23
teem-1.6.0-src,src/echo/intx,0.28,0.32,0.36
teem-1.6.0-src,src/nrrd/cc,0.29,0.29,0.32
teem-1.6.0-src,src/nrrd/map,0.14,0.14,0.16
teem-1.6.0-src,src/nrrd/arraysNrrd,0.02,0.02,0.03
teem-1.6.0-src,src/nrrd/arith,0.16,0.19,0.21
teem-1.6.0-src,src/nrrd/encodingGzip,0.03,0.03,0.04
teem-1.6.0-src,src/nrrd/tmfKernel,3.59,3.72,3.97
teem-1.6.0-src,src/nrrd/reorder,0.25,0.25,0.26
teem-1.6.0-src,src/nrrd/parseNrrd,0.12,0.12,0.16
teem-1.6.0-src,src/nrrd/iter,0.03,0.03,0.04
teem-1.6.0-src,src/nrrd/range,0.05,0.07,0.07
teem-1.6.0-src,src/nrrd/encodingAscii,0.03,0.04,0.04
teem-1.6.0-src,src/nrrd/formatNRRD,0.13,0.14,0.15
teem-1.6.0-src,src/nrrd/resampleNrrd,0.17,0.18,0.21
teem-1.6.0-src,src/nrrd/filt,0.15,0.19,0.21
teem-1.6.0-src,src/nrrd/formatPNM,0.12,0.13,0.13
teem-1.6.0-src,src/nrrd/encoding,0.01,0.02,0.02
teem-1.6.0-src,src/nrrd/read,0.06,0.07,0.08
teem-1.6.0-src,src/nrrd/encodingBzip2,0.02,0.02,0.02
teem-1.6.0-src,src/nrrd/encodingRaw,0.04,0.05,0.06
teem-1.6.0-src,src/nrrd/superset,0.12,0.13,0.19
teem-1.6.0-src,src/nrrd/kernel,0.53,0.59,0.62
teem-1.6.0-src,src/nrrd/encodingHex,0.03,0.04,0.06
teem-1.6.0-src,src/nrrd/simple,0.10,0.10,0.13
teem-1.6.0-src,src/nrrd/histogram,0.17,0.18,0.22
teem-1.6.0-src,src/nrrd/formatPNG,0.03,0.04,0.05
teem-1.6.0-src,src/nrrd/convertNrrd,0.28,0.29,0.30
teem-1.6.0-src,src/nrrd/comment,0.05,0.06,0.06
teem-1.6.0-src,src/nrrd/formatEPS,0.04,0.06,0.07
teem-1.6.0-src,src/nrrd/keyvalue,0.04,0.04,0.05
teem-1.6.0-src,src/nrrd/formatVTK,0.10,0.10,0.10
teem-1.6.0-src,src/nrrd/axis,0.09,0.11,0.15
teem-1.6.0-src,src/nrrd/measure,0.24,0.25,0.28
teem-1.6.0-src,src/nrrd/winKernel,0.39,0.42,0.49
teem-1.6.0-src,src/nrrd/ccmethods,0.05,0.05,0.07
teem-1.6.0-src,src/nrrd/formatText,0.06,0.07,0.07
teem-1.6.0-src,src/nrrd/defaultsNrrd,0.04,0.04,0.04
teem-1.6.0-src,src/nrrd/format,0.02,0.02,0.03
teem-1.6.0-src,src/nrrd/methodsNrrd,0.12,0.14,0.16
teem-1.6.0-src,src/nrrd/apply1D,0.18,0.22,0.23
teem-1.6.0-src,src/nrrd/gzio,0.00,0.00,0.00
teem-1.6.0-src,src/nrrd/endianNrrd,0.03,0.05,0.07
teem-1.6.0-src,src/nrrd/enumsNrrd,0.01,0.02,0.02
teem-1.6.0-src,src/nrrd/accessors,0.28,0.31,0.35
teem-1.6.0-src,src/nrrd/test/kv,0.01,0.02,0.02
teem-1.6.0-src,src/nrrd/test/genvol,0.04,0.04,0.07
teem-1.6.0-src,src/nrrd/test/io,0.04,0.04,0.05
teem-1.6.0-src,src/nrrd/test/tline,0.02,0.02,0.02
teem-1.6.0-src,src/nrrd/test/tread,0.01,0.02,0.03
teem-1.6.0-src,src/nrrd/test/tkernel,0.05,0.05,0.06
teem-1.6.0-src,src/nrrd/test/typestest,0.01,0.02,0.02
teem-1.6.0-src,src/nrrd/test/quadvol,0.04,0.04,0.06
teem-1.6.0-src,src/nrrd/test/convo,0.06,0.06,0.06
teem-1.6.0-src,src/nrrd/test/minmax,0.02,0.02,0.03
teem-1.6.0-src,src/nrrd/test/ax,0.05,0.06,0.07
teem-1.6.0-src,src/nrrd/test/trand,0.00,0.02,0.02
teem-1.6.0-src,src/nrrd/subset,0.10,0.10,0.13
teem-1.6.0-src,src/nrrd/hestNrrd,0.04,0.05,0.05
teem-1.6.0-src,src/nrrd/write,0.11,0.16,0.16
teem-1.6.0-src,src/hoover/methodsHoover,0.05,0.06,0.06
teem-1.6.0-src,src/hoover/rays,0.10,0.13,0.17
teem-1.6.0-src,src/hoover/stub,0.02,0.03,0.05
teem-1.6.0-src,src/hoover/defaultsHoover,0.01,0.02,0.02
teem-1.6.0-src,src/hest/parseHest,0.27,0.32,0.34
teem-1.6.0-src,src/hest/defaultsHest,0.01,0.02,0.02
teem-1.6.0-src,src/hest/methodsHest,0.09,0.12,0.13
teem-1.6.0-src,src/hest/usage,0.08,0.08,0.09
teem-1.6.0-src,src/hest/test/ex1,0.04,0.05,0.06
teem-1.6.0-src,src/hest/test/bday,0.02,0.03,0.03
teem-1.6.0-src,src/hest/test/ex4,0.04,0.04,0.05
teem-1.6.0-src,src/hest/test/strings,0.00,0.02,0.02
teem-1.6.0-src,src/hest/test/ex5,0.04,0.04,0.04
teem-1.6.0-src,src/hest/test/ex0,0.01,0.02,0.02
teem-1.6.0-src,src/hest/test/ex3,0.04,0.06,0.06
teem-1.6.0-src,src/hest/test/ex2,0.03,0.04,0.06
teem-1.6.0-src,src/biff/biff,0.08,0.09,0.13
teem-1.6.0-src,src/biff/test/test,0.01,0.01,0.02
teem-1.6.0-src,src/ten/tendAnplot,0.03,0.06,0.06
teem-1.6.0-src,src/ten/enumsTen,0.03,0.04,0.04
teem-1.6.0-src,src/ten/tendShrink,0.03,0.03,0.03
teem-1.6.0-src,src/ten/tendSim,0.04,0.06,0.06
teem-1.6.0-src,src/ten/tendEval,0.04,0.04,0.05
teem-1.6.0-src,src/ten/tendEvecrgb,0.02,0.03,0.05
teem-1.6.0-src,src/ten/tendMake,0.05,0.05,0.06
teem-1.6.0-src,src/ten/tendEllipse,0.05,0.06,0.06
teem-1.6.0-src,src/ten/tendEstim,0.06,0.09,0.09
teem-1.6.0-src,src/ten/tendNorm,0.04,0.05,0.06
teem-1.6.0-src,src/ten/chan,0.22,0.22,0.25
teem-1.6.0-src,src/ten/tendExpand,0.04,0.04,0.05
teem-1.6.0-src,src/ten/fiberMethods,0.08,0.09,0.10
teem-1.6.0-src,src/ten/epireg,0.31,0.32,0.36
teem-1.6.0-src,src/ten/tendBmat,0.04,0.06,0.07
teem-1.6.0-src,src/ten/bimod,0.15,0.16,0.19
teem-1.6.0-src,src/ten/defaultsTen,0.02,0.03,0.03
teem-1.6.0-src,src/ten/tendSten,0.04,0.06,0.06
teem-1.6.0-src,src/ten/tendFiber,0.04,0.04,0.07
teem-1.6.0-src,src/ten/tendEvalpow,0.06,0.06,0.06
teem-1.6.0-src,src/ten/tendEvec,0.04,0.05,0.08
teem-1.6.0-src,src/ten/tendPoint,0.06,0.08,0.08
teem-1.6.0-src,src/ten/fiber,0.11,0.16,0.18
teem-1.6.0-src,src/ten/glyph,0.14,0.15,0.18
teem-1.6.0-src,src/ten/miscTen,0.10,0.14,0.16
teem-1.6.0-src,src/ten/mod,0.08,0.10,0.11
teem-1.6.0-src,src/ten/tenGage,0.09,0.10,0.10
teem-1.6.0-src,src/ten/tensor,0.14,0.14,0.16
teem-1.6.0-src,src/ten/tendAnscale,0.03,0.04,0.06
teem-1.6.0-src,src/ten/tendAnvol,0.02,0.04,0.05
teem-1.6.0-src,src/ten/aniso,0.10,0.14,0.16
teem-1.6.0-src,src/ten/tendEvq,0.03,0.06,0.07
teem-1.6.0-src,src/ten/tendEpireg,0.08,0.09,0.09
teem-1.6.0-src,src/ten/tendAnhist,0.04,0.06,0.07
teem-1.6.0-src,src/ten/tendSatin,0.10,0.14,0.17
teem-1.6.0-src,src/ten/tendGlyph,0.06,0.06,0.08
teem-1.6.0-src,src/ten/tendEvaladd,0.05,0.06,0.06
teem-1.6.0-src,src/ten/tendSlice,0.05,0.06,0.06
teem-1.6.0-src,src/ten/test/tt,0.07,0.07,0.09
teem-1.6.0-src,src/ten/test/tem,0.03,0.03,0.03
teem-1.6.0-src,src/ten/test/tg,0.08,0.11,0.12
teem-1.6.0-src,src/ten/tendEvalclamp,0.04,0.05,0.06
teem-1.6.0-src,src/ten/tendFlotsam,0.04,0.04,0.06
teem-1.6.0-src,src/moss/hestMoss,0.03,0.04,0.06
teem-1.6.0-src,src/moss/sampler,0.09,0.10,0.14
teem-1.6.0-src,src/moss/xform,0.08,0.10,0.11
teem-1.6.0-src,src/moss/methodsMoss,0.03,0.06,0.06
teem-1.6.0-src,src/moss/defaultsMoss,0.02,0.02,0.03
teem-1.6.0-src,src/moss/test/invert,0.02,0.02,0.03
teem-1.6.0-src,src/unrrdu/axmerge,0.03,0.03,0.04
teem-1.6.0-src,src/unrrdu/jhisto,0.03,0.04,0.06
teem-1.6.0-src,src/unrrdu/ccmerge,0.03,0.03,0.03
teem-1.6.0-src,src/unrrdu/axsplit,0.02,0.02,0.03
teem-1.6.0-src,src/unrrdu/make,0.08,0.08,0.14
teem-1.6.0-src,src/unrrdu/lut,0.04,0.05,0.07
teem-1.6.0-src,src/unrrdu/crop,0.07,0.07,0.07
teem-1.6.0-src,src/unrrdu/rmap,0.05,0.07,0.07
teem-1.6.0-src,src/unrrdu/1op,0.03,0.03,0.04
teem-1.6.0-src,src/unrrdu/ccsettle,0.04,0.04,0.05
teem-1.6.0-src,src/unrrdu/reshape,0.02,0.02,0.03
teem-1.6.0-src,src/unrrdu/head,0.04,0.07,0.08
teem-1.6.0-src,src/unrrdu/block,0.03,0.03,0.06
teem-1.6.0-src,src/unrrdu/slice,0.04,0.06,0.06
teem-1.6.0-src,src/unrrdu/unblock,0.03,0.03,0.03
teem-1.6.0-src,src/unrrdu/splice,0.05,0.05,0.06
teem-1.6.0-src,src/unrrdu/2op,0.03,0.03,0.06
teem-1.6.0-src,src/unrrdu/flotsam,0.06,0.08,0.12
teem-1.6.0-src,src/unrrdu/save,0.04,0.06,0.07
teem-1.6.0-src,src/unrrdu/axinsert,0.03,0.03,0.06
teem-1.6.0-src,src/unrrdu/about,0.03,0.04,0.05
teem-1.6.0-src,src/unrrdu/dice,0.04,0.06,0.07
teem-1.6.0-src,src/unrrdu/project,0.02,0.03,0.04
teem-1.6.0-src,src/unrrdu/unquantize,0.02,0.03,0.04
teem-1.6.0-src,src/unrrdu/inset,0.04,0.04,0.06
teem-1.6.0-src,src/unrrdu/flip,0.02,0.04,0.05
teem-1.6.0-src,src/unrrdu/convert,0.04,0.05,0.06
teem-1.6.0-src,src/unrrdu/cmedian,0.07,0.07,0.08
teem-1.6.0-src,src/unrrdu/pad,0.05,0.07,0.07
teem-1.6.0-src,src/unrrdu/imap,0.03,0.04,0.05
teem-1.6.0-src,src/unrrdu/gamma,0.03,0.03,0.03
teem-1.6.0-src,src/unrrdu/permute,0.03,0.06,0.06
teem-1.6.0-src,src/unrrdu/3op,0.04,0.06,0.07
teem-1.6.0-src,src/unrrdu/axinfo,0.05,0.07,0.07
teem-1.6.0-src,src/unrrdu/minmax,0.04,0.05,0.06
teem-1.6.0-src,src/unrrdu/shuffle,0.03,0.03,0.06
teem-1.6.0-src,src/unrrdu/heq,0.04,0.04,0.06
teem-1.6.0-src,src/unrrdu/ccfind,0.04,0.05,0.05
teem-1.6.0-src,src/unrrdu/resample,0.08,0.08,0.09
teem-1.6.0-src,src/unrrdu/quantize,0.03,0.04,0.07
teem-1.6.0-src,src/unrrdu/dhisto,0.02,0.03,0.04
teem-1.6.0-src,src/unrrdu/data,0.02,0.03,0.03
teem-1.6.0-src,src/unrrdu/axdelete,0.04,0.06,0.07
teem-1.6.0-src,src/unrrdu/histax,0.02,0.03,0.03
teem-1.6.0-src,src/unrrdu/histo,0.04,0.05,0.06
teem-1.6.0-src,src/unrrdu/join,0.03,0.03,0.04
teem-1.6.0-src,src/unrrdu/swap,0.03,0.03,0.04
teem-1.6.0-src,src/unrrdu/ccadj,0.02,0.03,0.04
teem-1.6.0-src,src/mite/defaultsMite,0.02,0.03,0.03
teem-1.6.0-src,src/mite/txf,0.10,0.10,0.11
teem-1.6.0-src,src/mite/renderMite,0.04,0.04,0.04
teem-1.6.0-src,src/mite/thread,0.02,0.02,0.02
teem-1.6.0-src,src/mite/user,0.03,0.04,0.04
teem-1.6.0-src,src/mite/ray,0.10,0.10,0.10
teem-1.6.0-src,src/hex/enhex,0.02,0.02,0.02
teem-1.6.0-src,src/hex/dehex,0.02,0.02,0.02
teem-1.6.0-src,src/dye/convertDye,0.09,0.14,0.16
teem-1.6.0-src,src/dye/methodsDye,0.04,0.05,0.05
teem-1.6.0-src,src/dye/test/bow,0.02,0.03,0.04
teem-1.6.0-src,src/dye/test/conv,0.02,0.03,0.03
teem-1.6.0-src,src/gage/print,0.11,0.12,0.12
teem-1.6.0-src,src/gage/vecGage,0.09,0.12,0.12
teem-1.6.0-src,src/gage/vecprint,0.02,0.02,0.03
teem-1.6.0-src,src/gage/update,0.11,0.13,0.18
teem-1.6.0-src,src/gage/ctx,0.14,0.15,0.19
teem-1.6.0-src,src/gage/shape,0.10,0.12,0.15
teem-1.6.0-src,src/gage/sclprint,0.02,0.03,0.03
teem-1.6.0-src,src/gage/pvl,0.05,0.05,0.06
teem-1.6.0-src,src/gage/sclfilter,0.21,0.26,0.28
teem-1.6.0-src,src/gage/scl,0.01,0.03,0.03
teem-1.6.0-src,src/gage/st,0.11,0.12,0.14
teem-1.6.0-src,src/gage/defaultsGage,0.02,0.02,0.02
teem-1.6.0-src,src/gage/sclanswer,0.21,0.23,0.24
teem-1.6.0-src,src/gage/filter,0.10,0.10,0.10
teem-1.6.0-src,src/gage/miscGage,0.06,0.06,0.07
teem-1.6.0-src,src/ell/cubicEll,0.04,0.07,0.11
teem-1.6.0-src,src/ell/eigen,0.11,0.14,0.16
teem-1.6.0-src,src/ell/genmat,0.10,0.10,0.12
teem-1.6.0-src,src/ell/miscEll,0.07,0.07,0.07
teem-1.6.0-src,src/ell/quat,0.31,0.37,0.39
teem-1.6.0-src,src/ell/vecEll,0.06,0.06,0.08
teem-1.6.0-src,src/ell/test/sort3,0.02,0.06,0.06
teem-1.6.0-src,src/ell/test/tq,0.16,0.18,0.22
teem-1.6.0-src,src/ell/test/invert,0.02,0.03,0.04
teem-1.6.0-src,src/ell/mat,0.44,0.50,0.52
ttt-0.10.1.preproc,src/main,0.03,0.03,0.04
ttt-0.10.1.preproc,src/connect4,0.11,0.15,0.16
ttt-0.10.1.preproc,src/engine,0.06,0.07,0.07
ttt-0.10.1.preproc,src/ttt,0.14,0.15,0.16
ttt-0.10.1.preproc,src/parse,0.02,0.03,0.04
ttt-0.10.1.preproc,src/util,0.03,0.03,0.04
unrarlib-0.4.0,samples/unix/getfile/getfile,0.01,0.02,0.02
unrarlib-0.4.0,samples/unix/listarchive/listarchive,0.02,0.02,0.03
unrarlib-0.4.0,unrarlib/unrarlib,0.26,0.31,0.32
zlib-1.1.4,crc32,0.02,0.02,0.03
zlib-1.1.4,compress,0.01,0.01,0.02
zlib-1.1.4,zutil,0.00,0.01,0.01
zlib-1.1.4,infutil,0.01,0.02,0.02
zlib-1.1.4,adler32,0.00,0.02,0.03
zlib-1.1.4,deflate,0.18,0.23,0.24
zlib-1.1.4,inffast,0.04,0.04,0.04
zlib-1.1.4,inflate,0.05,0.06,0.06
zlib-1.1.4,trees,0.20,0.20,0.22
zlib-1.1.4,infcodes,0.06,0.06,0.12
zlib-1.1.4,inftrees,0.05,0.05,0.06
zlib-1.1.4,infblock,0.10,0.10,0.11
zlib-1.1.4,gzio,0.11,0.12,0.15
zlib-1.1.4,uncompr,0.00,0.01,0.01
