size
"2",,"","","","","arm-none-eabi-gcc (GCC) 4.8.5"
"","-Os -std=gnu89 -marm -mcpu=arm966e-s -mno-thumb-interwork"
bzip2-1.0.2,compress,9139
bzip2-1.0.2,huffman,1596
bzip2-1.0.2,blocksort,7055
bzip2-1.0.2,crctable,1024
bzip2-1.0.2,decompress,10711
bzip2-1.0.2,bzip2,18833
bzip2-1.0.2,randtable,2048
bzip2-1.0.2,bzip2recover,3913
bzip2-1.0.2,bzlib,11875
cg_compiler_opensrc,cpp,7490
cg_compiler_opensrc,parser,16215
cg_compiler_opensrc,atom,3688
cg_compiler_opensrc,constfold,4752
cg_compiler_opensrc,printutils,10939
cg_compiler_opensrc,cgstruct,152
cg_compiler_opensrc,binding,1739
cg_compiler_opensrc,symbols,7153
cg_compiler_opensrc,compile,14614
cg_compiler_opensrc,memory,596
cg_compiler_opensrc,tokenize,678
cg_compiler_opensrc,inline,3046
cg_compiler_opensrc,semantic,4858
cg_compiler_opensrc,scanner,6939
cg_compiler_opensrc,stdlib,3222
cg_compiler_opensrc,support,26591
cg_compiler_opensrc,check,3757
cg_compiler_opensrc,tokens,3257
cg_compiler_opensrc,cgcmain,2531
cg_compiler_opensrc,support_iter,2406
cg_compiler_opensrc,hal,3007
cg_compiler_opensrc,generic_hal,2623
compiler,main,2646
compiler,parser,4900
compiler,scanner,3763
compiler,cg,3043
compiler,vam,4252
compiler,vas,6854
flex-2.5.31,parse,9566
flex-2.5.31,skel,94034
flex-2.5.31,tables,2269
flex-2.5.31,libmain,20
flex-2.5.31,regex,659
flex-2.5.31,main,21938
flex-2.5.31,ecs,632
flex-2.5.31,scan,46156
flex-2.5.31,tblcmp,3968
flex-2.5.31,sym,987
flex-2.5.31,ccl,1400
flex-2.5.31,yylex,1376
flex-2.5.31,nfa,4064
flex-2.5.31,filter,2397
flex-2.5.31,buf,1095
flex-2.5.31,gen,24838
flex-2.5.31,tables_shared,36
flex-2.5.31,options,2610
flex-2.5.31,libyywrap,8
flex-2.5.31,dfa,8218
flex-2.5.31,scanopt,3914
flex-2.5.31,misc,6338
jikespg-1.3,src/ctabs,50384
jikespg-1.3,src/main,6455
jikespg-1.3,src/mkfirst,15892
jikespg-1.3,src/mkstates,3238
jikespg-1.3,src/spacetab,22512
jikespg-1.3,src/partset,1784
jikespg-1.3,src/tabutil,14810
jikespg-1.3,src/prntstat,3716
jikespg-1.3,src/lpgparse,49533
jikespg-1.3,src/timetab,10760
jikespg-1.3,src/remsp,8502
jikespg-1.3,src/globals,268
jikespg-1.3,src/resolve,13388
jikespg-1.3,src/mkred,7480
jikespg-1.3,src/produce,12397
jikespg-1.3,src/ptables,3639
jikespg-1.3,src/lpgutil,5343
jpeg-6b,wrjpgcom,4043
jpeg-6b,jcdctmgr,1592
jpeg-6b,jddctmgr,920
jpeg-6b,jerror,5650
jpeg-6b,jdmainct,1888
jpeg-6b,jidctfst,1092
jpeg-6b,jfdctfst,532
jpeg-6b,jfdctint,724
jpeg-6b,jidctint,1368
jpeg-6b,jdmarker,7688
jpeg-6b,rdgif,93
jpeg-6b,jctrans,1636
jpeg-6b,djpeg,6675
jpeg-6b,jdapistd,1208
jpeg-6b,wrrle,0
jpeg-6b,jdtrans,440
jpeg-6b,jccolor,1716
jpeg-6b,cjpeg,6093
jpeg-6b,wrgif,4160
jpeg-6b,jcparam,3644
jpeg-6b,jchuff,3972
jpeg-6b,jdcolor,1416
jpeg-6b,jcomapi,184
jpeg-6b,jdphuff,3528
jpeg-6b,jccoefct,2144
jpeg-6b,jcapimin,1040
jpeg-6b,rdcolmap,1708
jpeg-6b,jdpostct,1028
jpeg-6b,transupp,5560
jpeg-6b,jdhuff,3184
jpeg-6b,wrtarga,1304
jpeg-6b,jcsample,2476
jpeg-6b,jdatasrc,416
jpeg-6b,jcmainct,488
jpeg-6b,wrbmp,3740
jpeg-6b,rdbmp,2504
jpeg-6b,jcinit,224
jpeg-6b,rdrle,0
jpeg-6b,jquant2,5020
jpeg-6b,jdinput,1584
jpeg-6b,rdjpgcom,2679
jpeg-6b,jdsample,1888
jpeg-6b,jdmaster,2232
jpeg-6b,ansi2knr,3104
jpeg-6b,jdmerge,1612
jpeg-6b,jdatadst,356
jpeg-6b,jcmaster,3352
jpeg-6b,jcapistd,652
jpeg-6b,jcprepct,1588
jpeg-6b,jpegtran,4224
jpeg-6b,jidctflt,1676
jpeg-6b,jmemnobs,80
jpeg-6b,rdswitch,2320
jpeg-6b,wrppm,754
jpeg-6b,jidctred,1400
jpeg-6b,rdppm,2160
jpeg-6b,jdcoefct,3976
jpeg-6b,jquant1,3408
jpeg-6b,jfdctflt,1184
jpeg-6b,jdapimin,1408
jpeg-6b,jcmarker,2308
jpeg-6b,rdtarga,2220
jpeg-6b,jcphuff,3312
jpeg-6b,jmemmgr,3830
jpeg-6b,jutils,464
jpeg-6b,cdjpeg,152
libmspack,mspack/system,862
libmspack,mspack/chmd,4568
libmspack,mspack/hlpc,12
libmspack,mspack/qtmc,0
libmspack,mspack/kwajd,12
libmspack,mspack/chmc,12
libmspack,mspack/litc,12
libmspack,mspack/qtmd,5960
libmspack,mspack/lzxc,0
libmspack,mspack/cabc,12
libmspack,mspack/litd,12
libmspack,mspack/hlpd,12
libmspack,mspack/mszipc,0
libmspack,mspack/lzxd,7504
libmspack,mspack/cabd,7480
libmspack,mspack/mszipd,44
libmspack,mspack/kwajc,12
libmspack,mspack/szddd,12
libmspack,mspack/szddc,12
libmspack,test/cabd_md5,1377
libmspack,test/cabextract_md5,26066
libmspack,test/md5,3616
libmspack,test/chmd_md5,1190
libmspack,test/cabrip,539
libmspack,test/cabd_test,11384
libpng-1.2.5,pngtest,7104
libpng-1.2.5,png2pnm,2985
libpng-1.2.5,pngrtran,21060
libpng-1.2.5,pngrio,341
libpng-1.2.5,pngwtran,1992
libpng-1.2.5,pngget,3116
libpng-1.2.5,pngtrans,2336
libpng-1.2.5,pngread,7606
libpng-1.2.5,pnm2png,3345
libpng-1.2.5,pngerror,1075
libpng-1.2.5,png,2941
libpng-1.2.5,pngwio,381
libpng-1.2.5,pngwrite,6917
libpng-1.2.5,pngpread,6703
libpng-1.2.5,pngwutil,13593
libpng-1.2.5,pngset,6953
libpng-1.2.5,pngrutil,16983
libpng-1.2.5,pngmem,565
linux-2.4.23-pre3-testplatform,arch/testplatform/mm/init,2195
linux-2.4.23-pre3-testplatform,arch/testplatform/mm/ioremap,711
linux-2.4.23-pre3-testplatform,arch/testplatform/mm/fault,4056
linux-2.4.23-pre3-testplatform,arch/testplatform/mm/extable,88
linux-2.4.23-pre3-testplatform,arch/testplatform/lib/checksum,8
linux-2.4.23-pre3-testplatform,arch/testplatform/lib/strcmp,8
linux-2.4.23-pre3-testplatform,arch/testplatform/lib/misaligned,144
linux-2.4.23-pre3-testplatform,arch/testplatform/lib/memcpy,8
linux-2.4.23-pre3-testplatform,arch/testplatform/lib/delay,8
linux-2.4.23-pre3-testplatform,arch/testplatform/lib/strncpy,8
linux-2.4.23-pre3-testplatform,arch/testplatform/lib/memset,8
linux-2.4.23-pre3-testplatform,arch/testplatform/lib/uaccess,24
linux-2.4.23-pre3-testplatform,arch/testplatform/kernel/s390_ext,740
linux-2.4.23-pre3-testplatform,arch/testplatform/kernel/sys_s390,1025
linux-2.4.23-pre3-testplatform,arch/testplatform/kernel/cpcmd,4
linux-2.4.23-pre3-testplatform,arch/testplatform/kernel/init_task,16384
linux-2.4.23-pre3-testplatform,arch/testplatform/kernel/signal,4020
linux-2.4.23-pre3-testplatform,arch/testplatform/kernel/ebcdic,1536
linux-2.4.23-pre3-testplatform,arch/testplatform/kernel/entry,36
linux-2.4.23-pre3-testplatform,arch/testplatform/kernel/head,4
linux-2.4.23-pre3-testplatform,arch/testplatform/kernel/ptrace,1604
linux-2.4.23-pre3-testplatform,arch/testplatform/kernel/irq,36
linux-2.4.23-pre3-testplatform,arch/testplatform/kernel/bitmap,3
linux-2.4.23-pre3-testplatform,arch/testplatform/kernel/semaphore,304
linux-2.4.23-pre3-testplatform,arch/testplatform/kernel/time,20
linux-2.4.23-pre3-testplatform,arch/testplatform/kernel/s390fpu,28
linux-2.4.23-pre3-testplatform,arch/testplatform/kernel/debug,4138
linux-2.4.23-pre3-testplatform,arch/testplatform/kernel/needed,32
linux-2.4.23-pre3-testplatform,arch/testplatform/kernel/setup,2806
linux-2.4.23-pre3-testplatform,arch/testplatform/kernel/traps,6186
linux-2.4.23-pre3-testplatform,arch/testplatform/kernel/process,1191
linux-2.4.23-pre3-testplatform,arch/testplatform/kernel/reipl,4
linux-2.4.23-pre3-testplatform,fs/char_dev,451
linux-2.4.23-pre3-testplatform,fs/namespace,4919
linux-2.4.23-pre3-testplatform,fs/xattr,952
linux-2.4.23-pre3-testplatform,fs/attr,850
linux-2.4.23-pre3-testplatform,fs/partitions/msdos,444
linux-2.4.23-pre3-testplatform,fs/partitions/check,1727
linux-2.4.23-pre3-testplatform,fs/exec,4856
linux-2.4.23-pre3-testplatform,fs/locks,8108
linux-2.4.23-pre3-testplatform,fs/iobuf,1099
linux-2.4.23-pre3-testplatform,fs/binfmt_script,468
linux-2.4.23-pre3-testplatform,fs/dnotify,640
linux-2.4.23-pre3-testplatform,fs/fcntl,1762
linux-2.4.23-pre3-testplatform,fs/pipe,2992
linux-2.4.23-pre3-testplatform,fs/quota,2906
linux-2.4.23-pre3-testplatform,fs/nfsd/nfsctl,895
linux-2.4.23-pre3-testplatform,fs/nfsd/vfs,8180
linux-2.4.23-pre3-testplatform,fs/nfsd/nfscache,1911
linux-2.4.23-pre3-testplatform,fs/nfsd/nfssvc,1478
linux-2.4.23-pre3-testplatform,fs/nfsd/stats,44
linux-2.4.23-pre3-testplatform,fs/nfsd/lockd,280
linux-2.4.23-pre3-testplatform,fs/nfsd/auth,140
linux-2.4.23-pre3-testplatform,fs/nfsd/nfsproc,3635
linux-2.4.23-pre3-testplatform,fs/nfsd/export,5321
linux-2.4.23-pre3-testplatform,fs/nfsd/nfsxdr,2308
linux-2.4.23-pre3-testplatform,fs/nfsd/nfs3xdr,5080
linux-2.4.23-pre3-testplatform,fs/nfsd/nfs3proc,3242
linux-2.4.23-pre3-testplatform,fs/nfsd/nfsfh,5118
linux-2.4.23-pre3-testplatform,fs/fifo,768
linux-2.4.23-pre3-testplatform,fs/ramfs/inode,1419
linux-2.4.23-pre3-testplatform,fs/filesystems,0
linux-2.4.23-pre3-testplatform,fs/file_table,999
linux-2.4.23-pre3-testplatform,fs/block_dev,3861
linux-2.4.23-pre3-testplatform,fs/readdir,1725
linux-2.4.23-pre3-testplatform,fs/binfmt_elf,0
linux-2.4.23-pre3-testplatform,fs/inode,5113
linux-2.4.23-pre3-testplatform,fs/nfs/unlink,820
linux-2.4.23-pre3-testplatform,fs/nfs/symlink,440
linux-2.4.23-pre3-testplatform,fs/nfs/proc,1784
linux-2.4.23-pre3-testplatform,fs/nfs/write,5894
linux-2.4.23-pre3-testplatform,fs/nfs/inode,6720
linux-2.4.23-pre3-testplatform,fs/nfs/file,1084
linux-2.4.23-pre3-testplatform,fs/nfs/dir,4840
linux-2.4.23-pre3-testplatform,fs/nfs/nfs3xdr,5612
linux-2.4.23-pre3-testplatform,fs/nfs/pagelist,2467
linux-2.4.23-pre3-testplatform,fs/nfs/read,2208
linux-2.4.23-pre3-testplatform,fs/nfs/flushd,572
linux-2.4.23-pre3-testplatform,fs/nfs/nfs2xdr,3852
linux-2.4.23-pre3-testplatform,fs/nfs/nfs3proc,3088
linux-2.4.23-pre3-testplatform,fs/devices,994
linux-2.4.23-pre3-testplatform,fs/lockd/svcproc,2936
linux-2.4.23-pre3-testplatform,fs/lockd/svcshare,448
linux-2.4.23-pre3-testplatform,fs/lockd/xdr,3979
linux-2.4.23-pre3-testplatform,fs/lockd/svc4proc,2892
linux-2.4.23-pre3-testplatform,fs/lockd/clntproc,3031
linux-2.4.23-pre3-testplatform,fs/lockd/svcsubs,1311
linux-2.4.23-pre3-testplatform,fs/lockd/mon,1098
linux-2.4.23-pre3-testplatform,fs/lockd/host,1740
linux-2.4.23-pre3-testplatform,fs/lockd/xdr4,3912
linux-2.4.23-pre3-testplatform,fs/lockd/svc,1656
linux-2.4.23-pre3-testplatform,fs/lockd/svclock,2427
linux-2.4.23-pre3-testplatform,fs/lockd/clntlock,992
linux-2.4.23-pre3-testplatform,fs/lockd/lockd_syms,0
linux-2.4.23-pre3-testplatform,fs/file,801
linux-2.4.23-pre3-testplatform,fs/jbd/commit,4602
linux-2.4.23-pre3-testplatform,fs/jbd/journal,8319
linux-2.4.23-pre3-testplatform,fs/jbd/transaction,10284
linux-2.4.23-pre3-testplatform,fs/jbd/checkpoint,3474
linux-2.4.23-pre3-testplatform,fs/jbd/revoke,2359
linux-2.4.23-pre3-testplatform,fs/jbd/recovery,2230
linux-2.4.23-pre3-testplatform,fs/bad_inode,256
linux-2.4.23-pre3-testplatform,fs/stat,724
linux-2.4.23-pre3-testplatform,fs/open,4040
linux-2.4.23-pre3-testplatform,fs/super,3590
linux-2.4.23-pre3-testplatform,fs/select,2344
linux-2.4.23-pre3-testplatform,fs/seq_file,2328
linux-2.4.23-pre3-testplatform,fs/namei,9725
linux-2.4.23-pre3-testplatform,fs/read_write,2376
linux-2.4.23-pre3-testplatform,fs/ioctl,524
linux-2.4.23-pre3-testplatform,fs/buffer,12369
linux-2.4.23-pre3-testplatform,fs/dcache,4638
linux-2.4.23-pre3-testplatform,fs/ext3/fsync,277
linux-2.4.23-pre3-testplatform,fs/ext3/ialloc,2695
linux-2.4.23-pre3-testplatform,fs/ext3/symlink,108
linux-2.4.23-pre3-testplatform,fs/ext3/inode,10765
linux-2.4.23-pre3-testplatform,fs/ext3/file,368
linux-2.4.23-pre3-testplatform,fs/ext3/balloc,4308
linux-2.4.23-pre3-testplatform,fs/ext3/bitmap,148
linux-2.4.23-pre3-testplatform,fs/ext3/dir,1036
linux-2.4.23-pre3-testplatform,fs/ext3/super,9676
linux-2.4.23-pre3-testplatform,fs/ext3/namei,6651
linux-2.4.23-pre3-testplatform,fs/ext3/ioctl,819
linux-2.4.23-pre3-testplatform,mm/swap,426
linux-2.4.23-pre3-testplatform,mm/vmalloc,2259
linux-2.4.23-pre3-testplatform,mm/numa,904
linux-2.4.23-pre3-testplatform,mm/mmap,5111
linux-2.4.23-pre3-testplatform,mm/mprotect,1942
linux-2.4.23-pre3-testplatform,mm/bootmem,1803
linux-2.4.23-pre3-testplatform,mm/memory,7166
linux-2.4.23-pre3-testplatform,mm/swapfile,7156
linux-2.4.23-pre3-testplatform,mm/shmem,7027
linux-2.4.23-pre3-testplatform,mm/mlock,1448
linux-2.4.23-pre3-testplatform,mm/filemap,13941
linux-2.4.23-pre3-testplatform,mm/page_io,663
linux-2.4.23-pre3-testplatform,mm/page_alloc,4151
linux-2.4.23-pre3-testplatform,mm/slab,3906
linux-2.4.23-pre3-testplatform,mm/swap_state,1155
linux-2.4.23-pre3-testplatform,mm/oom_kill,683
linux-2.4.23-pre3-testplatform,mm/vmscan,2554
linux-2.4.23-pre3-testplatform,mm/mremap,2170
linux-2.4.23-pre3-testplatform,lib/string,904
linux-2.4.23-pre3-testplatform,lib/zlib_inflate/inffast,990
linux-2.4.23-pre3-testplatform,lib/zlib_inflate/inflate_syms,0
linux-2.4.23-pre3-testplatform,lib/zlib_inflate/inftrees,6809
linux-2.4.23-pre3-testplatform,lib/zlib_inflate/inflate,2902
linux-2.4.23-pre3-testplatform,lib/zlib_inflate/infutil,392
linux-2.4.23-pre3-testplatform,lib/zlib_inflate/infblock,2670
linux-2.4.23-pre3-testplatform,lib/zlib_inflate/infcodes,1790
linux-2.4.23-pre3-testplatform,lib/vsprintf,3825
linux-2.4.23-pre3-testplatform,lib/bust_spinlocks,74
linux-2.4.23-pre3-testplatform,lib/errno,0
linux-2.4.23-pre3-testplatform,lib/brlock,0
linux-2.4.23-pre3-testplatform,lib/zlib_deflate/deflate_syms,0
linux-2.4.23-pre3-testplatform,lib/zlib_deflate/deflate,6260
linux-2.4.23-pre3-testplatform,lib/zlib_deflate/deftree,9120
linux-2.4.23-pre3-testplatform,lib/dec_and_lock,0
linux-2.4.23-pre3-testplatform,lib/cmdline,316
linux-2.4.23-pre3-testplatform,lib/ctype,256
linux-2.4.23-pre3-testplatform,lib/dump_stack,66
linux-2.4.23-pre3-testplatform,lib/rbtree,1120
linux-2.4.23-pre3-testplatform,lib/rwsem-spinlock,632
linux-2.4.23-pre3-testplatform,net/core/sock,4177
linux-2.4.23-pre3-testplatform,net/core/scm,1112
linux-2.4.23-pre3-testplatform,net/core/iovec,1092
linux-2.4.23-pre3-testplatform,net/core/skbuff,6309
linux-2.4.23-pre3-testplatform,net/core/ethtool,2744
linux-2.4.23-pre3-testplatform,net/core/datagram,2071
linux-2.4.23-pre3-testplatform,net/core/utils,285
linux-2.4.23-pre3-testplatform,net/core/dev_mcast,977
linux-2.4.23-pre3-testplatform,net/core/dst,1004
linux-2.4.23-pre3-testplatform,net/core/neighbour,8969
linux-2.4.23-pre3-testplatform,net/core/dev,10426
linux-2.4.23-pre3-testplatform,net/core/rtnetlink,3325
linux-2.4.23-pre3-testplatform,net/socket,7250
linux-2.4.23-pre3-testplatform,net/802/p8023,134
linux-2.4.23-pre3-testplatform,net/ethernet/eth,693
linux-2.4.23-pre3-testplatform,net/8021q/vlan,2702
linux-2.4.23-pre3-testplatform,net/8021q/vlanproc,28
linux-2.4.23-pre3-testplatform,net/8021q/vlan_dev,4102
linux-2.4.23-pre3-testplatform,net/sunrpc/xdr,2032
linux-2.4.23-pre3-testplatform,net/sunrpc/auth_null,380
linux-2.4.23-pre3-testplatform,net/sunrpc/timer,192
linux-2.4.23-pre3-testplatform,net/sunrpc/auth,1136
linux-2.4.23-pre3-testplatform,net/sunrpc/clnt,4636
linux-2.4.23-pre3-testplatform,net/sunrpc/svcsock,6140
linux-2.4.23-pre3-testplatform,net/sunrpc/xprt,7201
linux-2.4.23-pre3-testplatform,net/sunrpc/pmap_clnt,861
linux-2.4.23-pre3-testplatform,net/sunrpc/svcauth,708
linux-2.4.23-pre3-testplatform,net/sunrpc/auth_unix,1058
linux-2.4.23-pre3-testplatform,net/sunrpc/sched,4992
linux-2.4.23-pre3-testplatform,net/sunrpc/svc,2353
linux-2.4.23-pre3-testplatform,net/sunrpc/sunrpc_syms,0
linux-2.4.23-pre3-testplatform,net/sched/sch_generic,2654
linux-2.4.23-pre3-testplatform,net/netlink/af_netlink,4900
linux-2.4.23-pre3-testplatform,net/ipv4/tcp_output,10032
linux-2.4.23-pre3-testplatform,net/ipv4/tcp_ipv4,14841
linux-2.4.23-pre3-testplatform,net/ipv4/tcp,17721
linux-2.4.23-pre3-testplatform,net/ipv4/route,12264
linux-2.4.23-pre3-testplatform,net/ipv4/ip_input,907
linux-2.4.23-pre3-testplatform,net/ipv4/sysctl_net_ipv4,0
linux-2.4.23-pre3-testplatform,net/ipv4/ip_options,3790
linux-2.4.23-pre3-testplatform,net/ipv4/tcp_timer,3858
linux-2.4.23-pre3-testplatform,net/ipv4/fib_hash,4253
linux-2.4.23-pre3-testplatform,net/ipv4/icmp,4266
linux-2.4.23-pre3-testplatform,net/ipv4/ip_fragment,3329
linux-2.4.23-pre3-testplatform,net/ipv4/proc,2818
linux-2.4.23-pre3-testplatform,net/ipv4/fib_semantics,3614
linux-2.4.23-pre3-testplatform,net/ipv4/igmp,11826
linux-2.4.23-pre3-testplatform,net/ipv4/fib_frontend,2968
linux-2.4.23-pre3-testplatform,net/ipv4/udp,5784
linux-2.4.23-pre3-testplatform,net/ipv4/af_inet,6257
linux-2.4.23-pre3-testplatform,net/ipv4/utils,100
linux-2.4.23-pre3-testplatform,net/ipv4/inetpeer,2174
linux-2.4.23-pre3-testplatform,net/ipv4/ip_forward,548
linux-2.4.23-pre3-testplatform,net/ipv4/protocol,570
linux-2.4.23-pre3-testplatform,net/ipv4/tcp_diag,3758
linux-2.4.23-pre3-testplatform,net/ipv4/tcp_input,22284
linux-2.4.23-pre3-testplatform,net/ipv4/ip_output,4935
linux-2.4.23-pre3-testplatform,net/ipv4/ip_sockglue,5732
linux-2.4.23-pre3-testplatform,net/ipv4/tcp_minisocks,4807
linux-2.4.23-pre3-testplatform,net/ipv4/raw,3728
linux-2.4.23-pre3-testplatform,net/ipv4/devinet,6099
linux-2.4.23-pre3-testplatform,net/ipv4/arp,5128
linux-2.4.23-pre3-testplatform,init/main,1611
linux-2.4.23-pre3-testplatform,init/do_mounts,3686
linux-2.4.23-pre3-testplatform,init/version,502
linux-2.4.23-pre3-testplatform,drivers/block/genhd,280
linux-2.4.23-pre3-testplatform,drivers/block/blkpg,1264
linux-2.4.23-pre3-testplatform,drivers/block/ll_rw_blk,6169
linux-2.4.23-pre3-testplatform,drivers/block/elevator,844
linux-2.4.23-pre3-testplatform,drivers/net/loopback,416
linux-2.4.23-pre3-testplatform,drivers/net/net_init,811
linux-2.4.23-pre3-testplatform,drivers/net/Space,3500
linux-2.4.23-pre3-testplatform,drivers/net/auto_irq,72
linux-2.4.23-pre3-testplatform,drivers/net/setup,52
linux-2.4.23-pre3-testplatform,drivers/char/n_tty,5291
linux-2.4.23-pre3-testplatform,drivers/char/random,5548
linux-2.4.23-pre3-testplatform,drivers/char/mem,2884
linux-2.4.23-pre3-testplatform,drivers/char/tty_io,11529
linux-2.4.23-pre3-testplatform,drivers/char/pty,1847
linux-2.4.23-pre3-testplatform,drivers/char/tty_ioctl,2115
linux-2.4.23-pre3-testplatform,drivers/char/raw,1620
linux-2.4.23-pre3-testplatform,drivers/char/misc,1068
linux-2.4.23-pre3-testplatform,kernel/sys,4667
linux-2.4.23-pre3-testplatform,kernel/resource,1281
linux-2.4.23-pre3-testplatform,kernel/softirq,1918
linux-2.4.23-pre3-testplatform,kernel/signal,4251
linux-2.4.23-pre3-testplatform,kernel/fork,4237
linux-2.4.23-pre3-testplatform,kernel/acct,8
linux-2.4.23-pre3-testplatform,kernel/itimer,736
linux-2.4.23-pre3-testplatform,kernel/timer,3053
linux-2.4.23-pre3-testplatform,kernel/context,763
linux-2.4.23-pre3-testplatform,kernel/exit,2599
linux-2.4.23-pre3-testplatform,kernel/dma,20
linux-2.4.23-pre3-testplatform,kernel/module,983
linux-2.4.23-pre3-testplatform,kernel/ptrace,1324
linux-2.4.23-pre3-testplatform,kernel/capability,88
linux-2.4.23-pre3-testplatform,kernel/printk,2480
linux-2.4.23-pre3-testplatform,kernel/kmod,868
linux-2.4.23-pre3-testplatform,kernel/exec_domain,859
linux-2.4.23-pre3-testplatform,kernel/sched,4581
linux-2.4.23-pre3-testplatform,kernel/time,1684
linux-2.4.23-pre3-testplatform,kernel/info,332
linux-2.4.23-pre3-testplatform,kernel/user,268
linux-2.4.23-pre3-testplatform,kernel/panic,654
linux-2.4.23-pre3-testplatform,kernel/sysctl,100
linux-2.4.23-pre3-testplatform,ipc/sem,5355
linux-2.4.23-pre3-testplatform,ipc/util,1143
linux-2.4.23-pre3-testplatform,ipc/shm,3467
linux-2.4.23-pre3-testplatform,ipc/msg,2950
lwip-0.5.3.preproc,proj/unixsim/simhost,414
lwip-0.5.3.preproc,proj/unixsim/simnode,382
lwip-0.5.3.preproc,proj/unixsim/apps/fs,39845
lwip-0.5.3.preproc,proj/unixsim/apps/udpecho,164
lwip-0.5.3.preproc,proj/unixsim/apps/shell,9809
lwip-0.5.3.preproc,proj/unixsim/apps/httpd,867
lwip-0.5.3.preproc,proj/unixsim/apps/tcpecho,160
lwip-0.5.3.preproc,proj/unixsim/simrouter,554
lwip-0.5.3.preproc,src/netif/tcpdump,1787
lwip-0.5.3.preproc,src/netif/loopif,144
lwip-0.5.3.preproc,src/netif/arp,1660
lwip-0.5.3.preproc,src/core/tcp_output,3228
lwip-0.5.3.preproc,src/core/sys,468
lwip-0.5.3.preproc,src/core/tcp,3413
lwip-0.5.3.preproc,src/core/pbuf,1788
lwip-0.5.3.preproc,src/core/inet,484
lwip-0.5.3.preproc,src/core/stats,24
lwip-0.5.3.preproc,src/core/udp,1372
lwip-0.5.3.preproc,src/core/mem,1228
lwip-0.5.3.preproc,src/core/memp,896
lwip-0.5.3.preproc,src/core/tcp_input,5652
lwip-0.5.3.preproc,src/core/netif,588
lwip-0.5.3.preproc,src/core/ipv4/ip_addr,4
lwip-0.5.3.preproc,src/core/ipv4/icmp,920
lwip-0.5.3.preproc,src/core/ipv4/ip,1844
lwip-0.5.3.preproc,src/api/err,0
lwip-0.5.3.preproc,src/api/api_msg,2068
lwip-0.5.3.preproc,src/api/api_lib,2636
lwip-0.5.3.preproc,src/api/tcpip,380
lwip-0.5.3.preproc,src/api/sockets,1380
mpeg2dec-0.3.1,libvo/video_out_sdl,857
mpeg2dec-0.3.1,libvo/video_out_pgm,561
mpeg2dec-0.3.1,libvo/video_out_dx,0
mpeg2dec-0.3.1,libvo/video_out_null,252
mpeg2dec-0.3.1,libvo/video_out,150
mpeg2dec-0.3.1,libvo/video_out_x11,0
mpeg2dec-0.3.1,libvo/yuv2rgb,4576
mpeg2dec-0.3.1,libvo/yuv2rgb_mmx,0
mpeg2dec-0.3.1,libvo/yuv2rgb_mlib,0
mpeg2dec-0.3.1,src/getopt,3500
mpeg2dec-0.3.1,src/gettimeofday,0
mpeg2dec-0.3.1,src/extract_mpeg2,3832
mpeg2dec-0.3.1,src/mpeg2dec,5482
mpeg2dec-0.3.1,libmpeg2/idct_alpha,0
mpeg2dec-0.3.1,libmpeg2/cpu_accel,8
mpeg2dec-0.3.1,libmpeg2/motion_comp,6680
mpeg2dec-0.3.1,libmpeg2/motion_comp_alpha,0
mpeg2dec-0.3.1,libmpeg2/cpu_state,4
mpeg2dec-0.3.1,libmpeg2/idct_mmx,0
mpeg2dec-0.3.1,libmpeg2/decode,2288
mpeg2dec-0.3.1,libmpeg2/slice,17068
mpeg2dec-0.3.1,libmpeg2/idct_mlib,0
mpeg2dec-0.3.1,libmpeg2/idct_altivec,0
mpeg2dec-0.3.1,libmpeg2/motion_comp_mlib,0
mpeg2dec-0.3.1,libmpeg2/idct,1752
mpeg2dec-0.3.1,libmpeg2/header,4440
mpeg2dec-0.3.1,libmpeg2/motion_comp_altivec,0
mpeg2dec-0.3.1,libmpeg2/motion_comp_mmx,0
mpeg2dec-0.3.1,libmpeg2/alloc,140
mpgcut-1.1,mpgcut,11723
OpenTCP-1.0.4,bootp/bootp,1528
OpenTCP-1.0.4,system,1308
OpenTCP-1.0.4,tcp,5742
OpenTCP-1.0.4,smtp/smtp_client,2408
OpenTCP-1.0.4,smtp/smtpc_callbacks,32
OpenTCP-1.0.4,dns/dns,1620
OpenTCP-1.0.4,icmp,420
OpenTCP-1.0.4,timers,272
OpenTCP-1.0.4,ethernet,2264
OpenTCP-1.0.4,pop3/pop3_client,4075
OpenTCP-1.0.4,pop3/pop3c_callbacks,32
OpenTCP-1.0.4,ip,2032
OpenTCP-1.0.4,udp,1694
OpenTCP-1.0.4,dhcp/dhcpc,2788
OpenTCP-1.0.4,demo/udp_demo,292
OpenTCP-1.0.4,demo/main_demo,312
OpenTCP-1.0.4,demo/tcp_client_demo,452
OpenTCP-1.0.4,demo/tcp_server_demo,400
OpenTCP-1.0.4,tftp/tftps,1012
OpenTCP-1.0.4,http/https_callbacks,664
OpenTCP-1.0.4,http/http_server,1588
OpenTCP-1.0.4,arp,2545
replaypc-0.4.0.preproc,dump-addressbook,497
replaypc-0.4.0.preproc,zipcode,403
replaypc-0.4.0.preproc,dump-guide,470
replaypc-0.4.0.preproc,rddnsclient,1158
replaypc-0.4.0.preproc,headend,1674
replaypc-0.4.0.preproc,ndx-dump,4424
replaypc-0.4.0.preproc,addressbook,715
replaypc-0.4.0.preproc,rtv,904
replaypc-0.4.0.preproc,ndx,533
replaypc-0.4.0.preproc,dump-cg2,511
replaypc-0.4.0.preproc,dump-filedarray,524
replaypc-0.4.0.preproc,un-protect,1270
replaypc-0.4.0.preproc,dump-programset,637
replaypc-0.4.0.preproc,dump-channelset,360
replaypc-0.4.0.preproc,crypt-test,1099
replaypc-0.4.0.preproc,guide,7470
replaypc-0.4.0.preproc,httpfsclient,2142
replaypc-0.4.0.preproc,program,4490
replaypc-0.4.0.preproc,bigfile,208
replaypc-0.4.0.preproc,rtvguide,1650
replaypc-0.4.0.preproc,httpclient,2420
replaypc-0.4.0.preproc,find-GOPs,220
replaypc-0.4.0.preproc,sleep,12
replaypc-0.4.0.preproc,cg,2235
replaypc-0.4.0.preproc,dump-replayshows,302
replaypc-0.4.0.preproc,rddns,537
replaypc-0.4.0.preproc,dump-replaychannels,314
replaypc-0.4.0.preproc,dump-headend,342
replaypc-0.4.0.preproc,channelset,211
replaypc-0.4.0.preproc,crypt,964
replaypc-0.4.0.preproc,mark-commercial,2150
replaypc-0.4.0.preproc,httpfs,6630
replaypc-0.4.0.preproc,filedarray,246
replaypc-0.4.0.preproc,build-ndx,548
replaypc-0.4.0.preproc,version-test,162
replaypc-0.4.0.preproc,dump,1657
replaypc-0.4.0.preproc,dump-zipcode2,294
replaypc-0.4.0.preproc,ReplayPC,4348
replaypc-0.4.0.preproc,guideclient,709
teem-1.6.0-src,src/air/sane,3286
teem-1.6.0-src,src/air/string,1468
teem-1.6.0-src,src/air/754,2079
teem-1.6.0-src,src/air/array,780
teem-1.6.0-src,src/air/parseAir,5340
teem-1.6.0-src,src/air/threadAir,1205
teem-1.6.0-src,src/air/endianAir,1340
teem-1.6.0-src,src/air/dio,1876
teem-1.6.0-src,src/air/enum,876
teem-1.6.0-src,src/air/miscAir,4900
teem-1.6.0-src,src/air/mop,1707
teem-1.6.0-src,src/air/test/doubleprint,698
teem-1.6.0-src,src/air/test/floatprint,708
teem-1.6.0-src,src/air/test/tline,489
teem-1.6.0-src,src/air/test/fp,1854
teem-1.6.0-src,src/air/test/tmop,763
teem-1.6.0-src,src/air/test/tok,314
teem-1.6.0-src,src/limn/hestLimn,1218
teem-1.6.0-src,src/limn/qn,3365
teem-1.6.0-src,src/limn/splineEval,7713
teem-1.6.0-src,src/limn/splineMethods,5787
teem-1.6.0-src,src/limn/renderLimn,3779
teem-1.6.0-src,src/limn/obj,1116
teem-1.6.0-src,src/limn/shapes,5020
teem-1.6.0-src,src/limn/methodsLimn,316
teem-1.6.0-src,src/limn/transform,4045
teem-1.6.0-src,src/limn/cam,6046
teem-1.6.0-src,src/limn/light,1094
teem-1.6.0-src,src/limn/splineMisc,14850
teem-1.6.0-src,src/limn/env,1460
teem-1.6.0-src,src/limn/io,873
teem-1.6.0-src,src/limn/test/soid,4621
teem-1.6.0-src,src/limn/test/tps,3516
teem-1.6.0-src,src/limn/test/tcam,1428
teem-1.6.0-src,src/limn/test/tbc,2124
teem-1.6.0-src,src/limn/test/tcamanim,4035
teem-1.6.0-src,src/limn/test/light,620
teem-1.6.0-src,src/limn/test/map,388
teem-1.6.0-src,src/limn/test/tspline,2445
teem-1.6.0-src,src/limn/defaultsLimn,13
teem-1.6.0-src,src/bane/gkmsFlotsam,3510
teem-1.6.0-src,src/bane/trex,422
teem-1.6.0-src,src/bane/methodsBane,719
teem-1.6.0-src,src/bane/clip,1571
teem-1.6.0-src,src/bane/gkmsHvol,3342
teem-1.6.0-src,src/bane/gkmsScat,1880
teem-1.6.0-src,src/bane/valid,2862
teem-1.6.0-src,src/bane/gkmsMite,1416
teem-1.6.0-src,src/bane/gkmsOpac,3705
teem-1.6.0-src,src/bane/gkmsTxf,3796
teem-1.6.0-src,src/bane/hvol,8457
teem-1.6.0-src,src/bane/scat,925
teem-1.6.0-src,src/bane/measr,1742
teem-1.6.0-src,src/bane/trnsf,5395
teem-1.6.0-src,src/bane/gkmsPvg,3702
teem-1.6.0-src,src/bane/gkmsInfo,1545
teem-1.6.0-src,src/bane/defaultsBane,29
teem-1.6.0-src,src/bane/test/sigma,213
teem-1.6.0-src,src/bane/test/pos,697
teem-1.6.0-src,src/bane/test/tblah,1205
teem-1.6.0-src,src/bane/test/opac,586
teem-1.6.0-src,src/bane/test/tinfo,629
teem-1.6.0-src,src/bane/inc,4489
teem-1.6.0-src,src/bane/rangeBane,1953
teem-1.6.0-src,src/alan/methodsAlan,2784
teem-1.6.0-src,src/alan/coreAlan,5491
teem-1.6.0-src,src/alan/enumsAlan,2480
teem-1.6.0-src,src/alan/test/tspot,1207
teem-1.6.0-src,src/echo/sqd,9301
teem-1.6.0-src,src/echo/set,1052
teem-1.6.0-src,src/echo/renderEcho,5990
teem-1.6.0-src,src/echo/bounds,7227
teem-1.6.0-src,src/echo/matter,476
teem-1.6.0-src,src/echo/methodsEcho,769
teem-1.6.0-src,src/echo/model,1516
teem-1.6.0-src,src/echo/intx,16982
teem-1.6.0-src,src/echo/enumsEcho,13168
teem-1.6.0-src,src/echo/list,1688
teem-1.6.0-src,src/echo/color,10532
teem-1.6.0-src,src/echo/lightEcho,917
teem-1.6.0-src,src/echo/objmethods,1448
teem-1.6.0-src,src/echo/test/test,1182
teem-1.6.0-src,src/echo/test/trend,9025
teem-1.6.0-src,src/nrrd/methodsNrrd,4885
teem-1.6.0-src,src/nrrd/endianNrrd,899
teem-1.6.0-src,src/nrrd/format,704
teem-1.6.0-src,src/nrrd/simple,5431
teem-1.6.0-src,src/nrrd/encodingRaw,2252
teem-1.6.0-src,src/nrrd/encodingGzip,621
teem-1.6.0-src,src/nrrd/range,772
teem-1.6.0-src,src/nrrd/apply1D,9462
teem-1.6.0-src,src/nrrd/histogram,7569
teem-1.6.0-src,src/nrrd/hestNrrd,1347
teem-1.6.0-src,src/nrrd/keyvalue,977
teem-1.6.0-src,src/nrrd/measure,11460
teem-1.6.0-src,src/nrrd/formatPNG,742
teem-1.6.0-src,src/nrrd/encoding,660
teem-1.6.0-src,src/nrrd/winKernel,26280
teem-1.6.0-src,src/nrrd/gzio,0
teem-1.6.0-src,src/nrrd/encodingBzip2,554
teem-1.6.0-src,src/nrrd/reorder,10824
teem-1.6.0-src,src/nrrd/cc,13550
teem-1.6.0-src,src/nrrd/write,4902
teem-1.6.0-src,src/nrrd/comment,575
teem-1.6.0-src,src/nrrd/axis,3776
teem-1.6.0-src,src/nrrd/convertNrrd,4260
teem-1.6.0-src,src/nrrd/tmfKernel,198933
teem-1.6.0-src,src/nrrd/arraysNrrd,2368
teem-1.6.0-src,src/nrrd/formatText,3158
teem-1.6.0-src,src/nrrd/formatNRRD,4248
teem-1.6.0-src,src/nrrd/resampleNrrd,7992
teem-1.6.0-src,src/nrrd/enumsNrrd,86276
teem-1.6.0-src,src/nrrd/subset,3100
teem-1.6.0-src,src/nrrd/kernel,31170
teem-1.6.0-src,src/nrrd/defaultsNrrd,807
teem-1.6.0-src,src/nrrd/filt,7382
teem-1.6.0-src,src/nrrd/map,6267
teem-1.6.0-src,src/nrrd/formatPNM,3563
teem-1.6.0-src,src/nrrd/formatVTK,6751
teem-1.6.0-src,src/nrrd/superset,5608
teem-1.6.0-src,src/nrrd/iter,863
teem-1.6.0-src,src/nrrd/read,3343
teem-1.6.0-src,src/nrrd/encodingAscii,1705
teem-1.6.0-src,src/nrrd/encodingHex,1620
teem-1.6.0-src,src/nrrd/test/tread,348
teem-1.6.0-src,src/nrrd/test/typestest,412
teem-1.6.0-src,src/nrrd/test/minmax,356
teem-1.6.0-src,src/nrrd/test/convo,2337
teem-1.6.0-src,src/nrrd/test/tkernel,2235
teem-1.6.0-src,src/nrrd/test/tline,442
teem-1.6.0-src,src/nrrd/test/trand,197
teem-1.6.0-src,src/nrrd/test/kv,439
teem-1.6.0-src,src/nrrd/test/ax,3437
teem-1.6.0-src,src/nrrd/test/io,485
teem-1.6.0-src,src/nrrd/test/quadvol,2181
teem-1.6.0-src,src/nrrd/test/genvol,2019
teem-1.6.0-src,src/nrrd/ccmethods,1412
teem-1.6.0-src,src/nrrd/parseNrrd,7162
teem-1.6.0-src,src/nrrd/accessors,8615
teem-1.6.0-src,src/nrrd/formatEPS,2833
teem-1.6.0-src,src/nrrd/arith,6887
teem-1.6.0-src,src/hoover/defaultsHoover,19
teem-1.6.0-src,src/hoover/rays,4475
teem-1.6.0-src,src/hoover/stub,80
teem-1.6.0-src,src/hoover/methodsHoover,1990
teem-1.6.0-src,src/hest/methodsHest,2817
teem-1.6.0-src,src/hest/usage,3406
teem-1.6.0-src,src/hest/parseHest,13982
teem-1.6.0-src,src/hest/defaultsHest,12
teem-1.6.0-src,src/hest/test/strings,1219
teem-1.6.0-src,src/hest/test/ex0,541
teem-1.6.0-src,src/hest/test/ex3,1778
teem-1.6.0-src,src/hest/test/bday,1294
teem-1.6.0-src,src/hest/test/ex5,993
teem-1.6.0-src,src/hest/test/ex4,1304
teem-1.6.0-src,src/hest/test/ex2,1192
teem-1.6.0-src,src/hest/test/ex1,1339
teem-1.6.0-src,src/biff/test/test,244
teem-1.6.0-src,src/biff/biff,2843
teem-1.6.0-src,src/ten/tendShrink,1168
teem-1.6.0-src,src/ten/tendSim,1652
teem-1.6.0-src,src/ten/defaultsTen,64
teem-1.6.0-src,src/ten/mod,3765
teem-1.6.0-src,src/ten/tendEvec,2118
teem-1.6.0-src,src/ten/tendMake,1189
teem-1.6.0-src,src/ten/tendPoint,1952
teem-1.6.0-src,src/ten/chan,10281
teem-1.6.0-src,src/ten/tendAnhist,1431
teem-1.6.0-src,src/ten/tendEllipse,3033
teem-1.6.0-src,src/ten/tendSatin,6908
teem-1.6.0-src,src/ten/tendEpireg,5060
teem-1.6.0-src,src/ten/tendEvq,2473
teem-1.6.0-src,src/ten/tendEvaladd,1216
teem-1.6.0-src,src/ten/tendSlice,1289
teem-1.6.0-src,src/ten/tendEvalclamp,1528
teem-1.6.0-src,src/ten/glyph,6727
teem-1.6.0-src,src/ten/tendBmat,1557
teem-1.6.0-src,src/ten/tendAnplot,1909
teem-1.6.0-src,src/ten/tensor,7830
teem-1.6.0-src,src/ten/fiber,5570
teem-1.6.0-src,src/ten/tenGage,4833
teem-1.6.0-src,src/ten/tendSten,1622
teem-1.6.0-src,src/ten/tendFiber,3072
teem-1.6.0-src,src/ten/enumsTen,26184
teem-1.6.0-src,src/ten/tendEval,2080
teem-1.6.0-src,src/ten/tendEvecrgb,2231
teem-1.6.0-src,src/ten/tendEstim,4385
teem-1.6.0-src,src/ten/tendFlotsam,1586
teem-1.6.0-src,src/ten/tendGlyph,7700
teem-1.6.0-src,src/ten/fiberMethods,3169
teem-1.6.0-src,src/ten/miscTen,4493
teem-1.6.0-src,src/ten/tendNorm,1585
teem-1.6.0-src,src/ten/tendAnscale,1663
teem-1.6.0-src,src/ten/tendAnvol,1761
teem-1.6.0-src,src/ten/aniso,4627
teem-1.6.0-src,src/ten/tendEvalpow,1127
teem-1.6.0-src,src/ten/test/tg,3091
teem-1.6.0-src,src/ten/test/tem,1220
teem-1.6.0-src,src/ten/test/tt,3590
teem-1.6.0-src,src/ten/bimod,7133
teem-1.6.0-src,src/ten/tendExpand,1712
teem-1.6.0-src,src/ten/epireg,16767
teem-1.6.0-src,src/moss/hestMoss,1310
teem-1.6.0-src,src/moss/methodsMoss,1284
teem-1.6.0-src,src/moss/sampler,2801
teem-1.6.0-src,src/moss/xform,3910
teem-1.6.0-src,src/moss/defaultsMoss,17
teem-1.6.0-src,src/moss/test/invert,388
teem-1.6.0-src,src/unrrdu/gamma,1638
teem-1.6.0-src,src/unrrdu/ccsettle,1378
teem-1.6.0-src,src/unrrdu/axsplit,1408
teem-1.6.0-src,src/unrrdu/swap,1121
teem-1.6.0-src,src/unrrdu/unquantize,1483
teem-1.6.0-src,src/unrrdu/flotsam,3318
teem-1.6.0-src,src/unrrdu/imap,2910
teem-1.6.0-src,src/unrrdu/jhisto,3109
teem-1.6.0-src,src/unrrdu/join,1760
teem-1.6.0-src,src/unrrdu/data,1508
teem-1.6.0-src,src/unrrdu/block,1370
teem-1.6.0-src,src/unrrdu/cmedian,2940
teem-1.6.0-src,src/unrrdu/ccadj,1429
teem-1.6.0-src,src/unrrdu/inset,1713
teem-1.6.0-src,src/unrrdu/resample,3842
teem-1.6.0-src,src/unrrdu/unblock,1434
teem-1.6.0-src,src/unrrdu/minmax,1406
teem-1.6.0-src,src/unrrdu/project,2197
teem-1.6.0-src,src/unrrdu/head,1786
teem-1.6.0-src,src/unrrdu/permute,1301
teem-1.6.0-src,src/unrrdu/ccmerge,3063
teem-1.6.0-src,src/unrrdu/1op,2007
teem-1.6.0-src,src/unrrdu/ccfind,2093
teem-1.6.0-src,src/unrrdu/lut,2481
teem-1.6.0-src,src/unrrdu/crop,1744
teem-1.6.0-src,src/unrrdu/rmap,2921
teem-1.6.0-src,src/unrrdu/axdelete,1794
teem-1.6.0-src,src/unrrdu/histo,1862
teem-1.6.0-src,src/unrrdu/flip,1082
teem-1.6.0-src,src/unrrdu/convert,1424
teem-1.6.0-src,src/unrrdu/slice,1585
teem-1.6.0-src,src/unrrdu/2op,2570
teem-1.6.0-src,src/unrrdu/dice,2134
teem-1.6.0-src,src/unrrdu/save,3162
teem-1.6.0-src,src/unrrdu/3op,2744
teem-1.6.0-src,src/unrrdu/axinfo,1813
teem-1.6.0-src,src/unrrdu/axmerge,1667
teem-1.6.0-src,src/unrrdu/histax,1679
teem-1.6.0-src,src/unrrdu/pad,2160
teem-1.6.0-src,src/unrrdu/dhisto,1630
teem-1.6.0-src,src/unrrdu/reshape,1258
teem-1.6.0-src,src/unrrdu/shuffle,2048
teem-1.6.0-src,src/unrrdu/axinsert,1409
teem-1.6.0-src,src/unrrdu/splice,1745
teem-1.6.0-src,src/unrrdu/make,7378
teem-1.6.0-src,src/unrrdu/quantize,1930
teem-1.6.0-src,src/unrrdu/about,2911
teem-1.6.0-src,src/unrrdu/heq,2437
teem-1.6.0-src,src/mite/renderMite,1357
teem-1.6.0-src,src/mite/ray,4846
teem-1.6.0-src,src/mite/txf,7939
teem-1.6.0-src,src/mite/thread,378
teem-1.6.0-src,src/mite/user,1007
teem-1.6.0-src,src/mite/defaultsMite,37
teem-1.6.0-src,src/hex/dehex,1439
teem-1.6.0-src,src/hex/enhex,905
teem-1.6.0-src,src/dye/methodsDye,2290
teem-1.6.0-src,src/dye/test/bow,738
teem-1.6.0-src,src/dye/test/conv,480
teem-1.6.0-src,src/dye/convertDye,4572
teem-1.6.0-src,src/gage/sclprint,1077
teem-1.6.0-src,src/gage/vecGage,14624
teem-1.6.0-src,src/gage/sclfilter,13993
teem-1.6.0-src,src/gage/scl,19232
teem-1.6.0-src,src/gage/update,5764
teem-1.6.0-src,src/gage/ctx,5404
teem-1.6.0-src,src/gage/print,7117
teem-1.6.0-src,src/gage/filter,4023
teem-1.6.0-src,src/gage/st,4075
teem-1.6.0-src,src/gage/sclanswer,9489
teem-1.6.0-src,src/gage/vecprint,52
teem-1.6.0-src,src/gage/defaultsGage,53
teem-1.6.0-src,src/gage/pvl,1839
teem-1.6.0-src,src/gage/miscGage,5435
teem-1.6.0-src,src/gage/shape,3908
teem-1.6.0-src,src/ell/miscEll,1259
teem-1.6.0-src,src/ell/genmat,3951
teem-1.6.0-src,src/ell/vecEll,2104
teem-1.6.0-src,src/ell/eigen,5864
teem-1.6.0-src,src/ell/quat,21182
teem-1.6.0-src,src/ell/cubicEll,2816
teem-1.6.0-src,src/ell/mat,34752
teem-1.6.0-src,src/ell/test/sort3,842
teem-1.6.0-src,src/ell/test/invert,853
teem-1.6.0-src,src/ell/test/tq,7791
ttt-0.10.1.preproc,src/engine,2300
ttt-0.10.1.preproc,src/parse,1399
ttt-0.10.1.preproc,src/main,1357
ttt-0.10.1.preproc,src/util,1960
ttt-0.10.1.preproc,src/ttt,5957
ttt-0.10.1.preproc,src/connect4,4041
unrarlib-0.4.0,samples/unix/getfile/getfile,841
unrarlib-0.4.0,samples/unix/listarchive/listarchive,1026
unrarlib-0.4.0,unrarlib/unrarlib,13136
zlib-1.1.4,compress,178
zlib-1.1.4,crc32,1316
zlib-1.1.4,zutil,215
zlib-1.1.4,inffast,1098
zlib-1.1.4,uncompr,146
zlib-1.1.4,adler32,360
zlib-1.1.4,deflate,6892
zlib-1.1.4,inftrees,7013
zlib-1.1.4,gzio,4035
zlib-1.1.4,trees,10112
zlib-1.1.4,inflate,2275
zlib-1.1.4,infutil,392
zlib-1.1.4,infblock,3042
zlib-1.1.4,infcodes,1850
