size
"2",,"","","","","arm-none-eabi-gcc (GCC) 4.7.4"
"","-Os -std=gnu89 -mcpu=cortex-m0"
bzip2-1.0.2,compress,8203
bzip2-1.0.2,huffman,972
bzip2-1.0.2,blocksort,5083
bzip2-1.0.2,crctable,1024
bzip2-1.0.2,decompress,6875
bzip2-1.0.2,bzip2,14417
bzip2-1.0.2,randtable,2048
bzip2-1.0.2,bzip2recover,3005
bzip2-1.0.2,bzlib,8487
cg_compiler_opensrc,cpp,5062
cg_compiler_opensrc,parser,13515
cg_compiler_opensrc,atom,2868
cg_compiler_opensrc,constfold,3472
cg_compiler_opensrc,printutils,7843
cg_compiler_opensrc,cgstruct,92
cg_compiler_opensrc,binding,1047
cg_compiler_opensrc,symbols,4917
cg_compiler_opensrc,compile,9802
cg_compiler_opensrc,memory,350
cg_compiler_opensrc,tokenize,550
cg_compiler_opensrc,inline,2170
cg_compiler_opensrc,semantic,3510
cg_compiler_opensrc,scanner,4759
cg_compiler_opensrc,stdlib,3222
cg_compiler_opensrc,support,18919
cg_compiler_opensrc,check,2597
cg_compiler_opensrc,tokens,2253
cg_compiler_opensrc,cgcmain,1951
cg_compiler_opensrc,support_iter,1462
cg_compiler_opensrc,hal,1975
cg_compiler_opensrc,generic_hal,2135
compiler,main,1890
compiler,parser,3772
compiler,scanner,2923
compiler,cg,2063
compiler,vam,3186
compiler,vas,5854
flex-2.5.31,parse,7066
flex-2.5.31,skel,94034
flex-2.5.31,tables,1569
flex-2.5.31,libmain,12
flex-2.5.31,regex,427
flex-2.5.31,main,16722
flex-2.5.31,ecs,448
flex-2.5.31,scan,38464
flex-2.5.31,tblcmp,2588
flex-2.5.31,sym,711
flex-2.5.31,ccl,848
flex-2.5.31,yylex,900
flex-2.5.31,nfa,2876
flex-2.5.31,filter,1745
flex-2.5.31,buf,731
flex-2.5.31,gen,20174
flex-2.5.31,tables_shared,28
flex-2.5.31,options,2610
flex-2.5.31,libyywrap,4
flex-2.5.31,dfa,5446
flex-2.5.31,scanopt,2534
flex-2.5.31,misc,4430
jikespg-1.3,src/ctabs,41880
jikespg-1.3,src/main,5211
jikespg-1.3,src/mkfirst,11200
jikespg-1.3,src/mkstates,2186
jikespg-1.3,src/spacetab,15556
jikespg-1.3,src/partset,1268
jikespg-1.3,src/tabutil,9602
jikespg-1.3,src/prntstat,2516
jikespg-1.3,src/lpgparse,36665
jikespg-1.3,src/timetab,7440
jikespg-1.3,src/remsp,5962
jikespg-1.3,src/globals,268
jikespg-1.3,src/resolve,9196
jikespg-1.3,src/mkred,5448
jikespg-1.3,src/produce,8497
jikespg-1.3,src/ptables,2691
jikespg-1.3,src/lpgutil,3471
jpeg-6b,wrjpgcom,2903
jpeg-6b,jcdctmgr,1160
jpeg-6b,jddctmgr,700
jpeg-6b,jerror,5394
jpeg-6b,jdmainct,1316
jpeg-6b,jidctfst,752
jpeg-6b,jfdctfst,370
jpeg-6b,jfdctint,588
jpeg-6b,jidctint,960
jpeg-6b,jdmarker,4908
jpeg-6b,rdgif,81
jpeg-6b,jctrans,1112
jpeg-6b,djpeg,5431
jpeg-6b,jdapistd,734
jpeg-6b,wrrle,0
jpeg-6b,jdtrans,270
jpeg-6b,jccolor,1284
jpeg-6b,cjpeg,5045
jpeg-6b,wrgif,2324
jpeg-6b,jcparam,2508
jpeg-6b,jchuff,2636
jpeg-6b,jdcolor,932
jpeg-6b,jcomapi,106
jpeg-6b,jdphuff,2456
jpeg-6b,jccoefct,1504
jpeg-6b,jcapimin,624
jpeg-6b,rdcolmap,1040
jpeg-6b,jdpostct,624
jpeg-6b,transupp,3716
jpeg-6b,jdhuff,2064
jpeg-6b,wrtarga,776
jpeg-6b,jcsample,1672
jpeg-6b,jdatasrc,232
jpeg-6b,jcmainct,300
jpeg-6b,wrbmp,2296
jpeg-6b,rdbmp,1580
jpeg-6b,jcinit,156
jpeg-6b,rdrle,0
jpeg-6b,jquant2,3376
jpeg-6b,jdinput,1020
jpeg-6b,rdjpgcom,2035
jpeg-6b,jdsample,1344
jpeg-6b,jdmaster,1436
jpeg-6b,ansi2knr,2088
jpeg-6b,jdmerge,1068
jpeg-6b,jdatadst,200
jpeg-6b,jcmaster,2168
jpeg-6b,jcapistd,396
jpeg-6b,jcprepct,1008
jpeg-6b,jpegtran,3324
jpeg-6b,jidctflt,1152
jpeg-6b,jmemnobs,64
jpeg-6b,rdswitch,1532
jpeg-6b,wrppm,462
jpeg-6b,jidctred,1016
jpeg-6b,rdppm,1300
jpeg-6b,jdcoefct,2772
jpeg-6b,jquant1,2376
jpeg-6b,jfdctflt,756
jpeg-6b,jdapimin,880
jpeg-6b,jcmarker,1536
jpeg-6b,rdtarga,1332
jpeg-6b,jcphuff,2100
jpeg-6b,jmemmgr,2394
jpeg-6b,jutils,408
jpeg-6b,cdjpeg,92
libmspack,mspack/system,550
libmspack,mspack/chmd,2972
libmspack,mspack/hlpc,6
libmspack,mspack/qtmc,0
libmspack,mspack/kwajd,6
libmspack,mspack/chmc,6
libmspack,mspack/litc,6
libmspack,mspack/qtmd,4180
libmspack,mspack/lzxc,0
libmspack,mspack/cabc,6
libmspack,mspack/litd,6
libmspack,mspack/hlpd,6
libmspack,mspack/mszipc,0
libmspack,mspack/lzxd,5328
libmspack,mspack/cabd,4616
libmspack,mspack/mszipd,22
libmspack,mspack/kwajc,6
libmspack,mspack/szddd,6
libmspack,mspack/szddc,6
libmspack,test/cabd_md5,1057
libmspack,test/cabextract_md5,18454
libmspack,test/md5,2596
libmspack,test/chmd_md5,946
libmspack,test/cabrip,351
libmspack,test/cabd_test,9192
libpng-1.2.5,pngtest,5272
libpng-1.2.5,png2pnm,2145
libpng-1.2.5,pngrtran,15320
libpng-1.2.5,pngrio,277
libpng-1.2.5,pngwtran,1352
libpng-1.2.5,pngget,2244
libpng-1.2.5,pngtrans,1756
libpng-1.2.5,pngread,5570
libpng-1.2.5,pnm2png,2321
libpng-1.2.5,pngerror,699
libpng-1.2.5,png,2349
libpng-1.2.5,pngwio,313
libpng-1.2.5,pngwrite,5293
libpng-1.2.5,pngpread,5371
libpng-1.2.5,pngwutil,10421
libpng-1.2.5,pngset,5309
libpng-1.2.5,pngrutil,13263
libpng-1.2.5,pngmem,425
linux-2.4.23-pre3-testplatform,arch/testplatform/mm/init,2347
linux-2.4.23-pre3-testplatform,arch/testplatform/mm/ioremap,539
linux-2.4.23-pre3-testplatform,arch/testplatform/mm/fault,2300
linux-2.4.23-pre3-testplatform,arch/testplatform/mm/extable,64
linux-2.4.23-pre3-testplatform,arch/testplatform/lib/checksum,4
linux-2.4.23-pre3-testplatform,arch/testplatform/lib/strcmp,4
linux-2.4.23-pre3-testplatform,arch/testplatform/lib/misaligned,132
linux-2.4.23-pre3-testplatform,arch/testplatform/lib/memcpy,4
linux-2.4.23-pre3-testplatform,arch/testplatform/lib/delay,4
linux-2.4.23-pre3-testplatform,arch/testplatform/lib/strncpy,4
linux-2.4.23-pre3-testplatform,arch/testplatform/lib/memset,4
linux-2.4.23-pre3-testplatform,arch/testplatform/lib/uaccess,12
linux-2.4.23-pre3-testplatform,arch/testplatform/kernel/s390_ext,488
linux-2.4.23-pre3-testplatform,arch/testplatform/kernel/sys_s390,633
linux-2.4.23-pre3-testplatform,arch/testplatform/kernel/cpcmd,2
linux-2.4.23-pre3-testplatform,arch/testplatform/kernel/init_task,16384
linux-2.4.23-pre3-testplatform,arch/testplatform/kernel/signal,2880
linux-2.4.23-pre3-testplatform,arch/testplatform/kernel/ebcdic,1536
linux-2.4.23-pre3-testplatform,arch/testplatform/kernel/entry,18
linux-2.4.23-pre3-testplatform,arch/testplatform/kernel/head,2
linux-2.4.23-pre3-testplatform,arch/testplatform/kernel/ptrace,1064
linux-2.4.23-pre3-testplatform,arch/testplatform/kernel/irq,18
linux-2.4.23-pre3-testplatform,arch/testplatform/kernel/bitmap,3
linux-2.4.23-pre3-testplatform,arch/testplatform/kernel/semaphore,184
linux-2.4.23-pre3-testplatform,arch/testplatform/kernel/time,10
linux-2.4.23-pre3-testplatform,arch/testplatform/kernel/s390fpu,16
linux-2.4.23-pre3-testplatform,arch/testplatform/kernel/debug,2918
linux-2.4.23-pre3-testplatform,arch/testplatform/kernel/needed,16
linux-2.4.23-pre3-testplatform,arch/testplatform/kernel/setup,2882
linux-2.4.23-pre3-testplatform,arch/testplatform/kernel/traps,5066
linux-2.4.23-pre3-testplatform,arch/testplatform/kernel/process,879
linux-2.4.23-pre3-testplatform,arch/testplatform/kernel/reipl,2
linux-2.4.23-pre3-testplatform,fs/char_dev,311
linux-2.4.23-pre3-testplatform,fs/namespace,3307
linux-2.4.23-pre3-testplatform,fs/xattr,612
linux-2.4.23-pre3-testplatform,fs/attr,550
linux-2.4.23-pre3-testplatform,fs/partitions/msdos,308
linux-2.4.23-pre3-testplatform,fs/partitions/check,1207
linux-2.4.23-pre3-testplatform,fs/exec,3168
linux-2.4.23-pre3-testplatform,fs/locks,5780
linux-2.4.23-pre3-testplatform,fs/iobuf,703
linux-2.4.23-pre3-testplatform,fs/binfmt_script,316
linux-2.4.23-pre3-testplatform,fs/dnotify,412
linux-2.4.23-pre3-testplatform,fs/fcntl,1178
linux-2.4.23-pre3-testplatform,fs/pipe,2200
linux-2.4.23-pre3-testplatform,fs/quota,2038
linux-2.4.23-pre3-testplatform,fs/nfsd/nfsctl,615
linux-2.4.23-pre3-testplatform,fs/nfsd/vfs,5524
linux-2.4.23-pre3-testplatform,fs/nfsd/nfscache,1355
linux-2.4.23-pre3-testplatform,fs/nfsd/nfssvc,1066
linux-2.4.23-pre3-testplatform,fs/nfsd/stats,40
linux-2.4.23-pre3-testplatform,fs/nfsd/lockd,188
linux-2.4.23-pre3-testplatform,fs/nfsd/auth,120
linux-2.4.23-pre3-testplatform,fs/nfsd/nfsproc,2927
linux-2.4.23-pre3-testplatform,fs/nfsd/export,4065
linux-2.4.23-pre3-testplatform,fs/nfsd/nfsxdr,1596
linux-2.4.23-pre3-testplatform,fs/nfsd/nfs3xdr,3336
linux-2.4.23-pre3-testplatform,fs/nfsd/nfs3proc,2598
linux-2.4.23-pre3-testplatform,fs/nfsd/nfsfh,3518
linux-2.4.23-pre3-testplatform,fs/fifo,512
linux-2.4.23-pre3-testplatform,fs/ramfs/inode,1083
linux-2.4.23-pre3-testplatform,fs/filesystems,0
linux-2.4.23-pre3-testplatform,fs/file_table,647
linux-2.4.23-pre3-testplatform,fs/block_dev,2697
linux-2.4.23-pre3-testplatform,fs/readdir,1173
linux-2.4.23-pre3-testplatform,fs/binfmt_elf,0
linux-2.4.23-pre3-testplatform,fs/inode,3529
linux-2.4.23-pre3-testplatform,fs/nfs/unlink,564
linux-2.4.23-pre3-testplatform,fs/nfs/symlink,304
linux-2.4.23-pre3-testplatform,fs/nfs/proc,1232
linux-2.4.23-pre3-testplatform,fs/nfs/write,4398
linux-2.4.23-pre3-testplatform,fs/nfs/inode,5472
linux-2.4.23-pre3-testplatform,fs/nfs/file,776
linux-2.4.23-pre3-testplatform,fs/nfs/dir,3332
linux-2.4.23-pre3-testplatform,fs/nfs/nfs3xdr,3868
linux-2.4.23-pre3-testplatform,fs/nfs/pagelist,1611
linux-2.4.23-pre3-testplatform,fs/nfs/read,1676
linux-2.4.23-pre3-testplatform,fs/nfs/flushd,352
linux-2.4.23-pre3-testplatform,fs/nfs/nfs2xdr,2884
linux-2.4.23-pre3-testplatform,fs/nfs/nfs3proc,1976
linux-2.4.23-pre3-testplatform,fs/devices,730
linux-2.4.23-pre3-testplatform,fs/lockd/svcproc,2296
linux-2.4.23-pre3-testplatform,fs/lockd/svcshare,292
linux-2.4.23-pre3-testplatform,fs/lockd/xdr,3087
linux-2.4.23-pre3-testplatform,fs/lockd/svc4proc,2224
linux-2.4.23-pre3-testplatform,fs/lockd/clntproc,2231
linux-2.4.23-pre3-testplatform,fs/lockd/svcsubs,1019
linux-2.4.23-pre3-testplatform,fs/lockd/mon,858
linux-2.4.23-pre3-testplatform,fs/lockd/host,1248
linux-2.4.23-pre3-testplatform,fs/lockd/xdr4,2952
linux-2.4.23-pre3-testplatform,fs/lockd/svc,1248
linux-2.4.23-pre3-testplatform,fs/lockd/svclock,1847
linux-2.4.23-pre3-testplatform,fs/lockd/clntlock,664
linux-2.4.23-pre3-testplatform,fs/lockd/lockd_syms,0
linux-2.4.23-pre3-testplatform,fs/file,573
linux-2.4.23-pre3-testplatform,fs/jbd/commit,3442
linux-2.4.23-pre3-testplatform,fs/jbd/journal,6275
linux-2.4.23-pre3-testplatform,fs/jbd/transaction,7348
linux-2.4.23-pre3-testplatform,fs/jbd/checkpoint,2666
linux-2.4.23-pre3-testplatform,fs/jbd/revoke,1671
linux-2.4.23-pre3-testplatform,fs/jbd/recovery,1666
linux-2.4.23-pre3-testplatform,fs/bad_inode,236
linux-2.4.23-pre3-testplatform,fs/stat,452
linux-2.4.23-pre3-testplatform,fs/open,2676
linux-2.4.23-pre3-testplatform,fs/super,2362
linux-2.4.23-pre3-testplatform,fs/select,1620
linux-2.4.23-pre3-testplatform,fs/seq_file,1584
linux-2.4.23-pre3-testplatform,fs/namei,6313
linux-2.4.23-pre3-testplatform,fs/read_write,1480
linux-2.4.23-pre3-testplatform,fs/ioctl,364
linux-2.4.23-pre3-testplatform,fs/buffer,8161
linux-2.4.23-pre3-testplatform,fs/dcache,3118
linux-2.4.23-pre3-testplatform,fs/ext3/fsync,241
linux-2.4.23-pre3-testplatform,fs/ext3/ialloc,2107
linux-2.4.23-pre3-testplatform,fs/ext3/symlink,112
linux-2.4.23-pre3-testplatform,fs/ext3/inode,7773
linux-2.4.23-pre3-testplatform,fs/ext3/file,314
linux-2.4.23-pre3-testplatform,fs/ext3/balloc,3296
linux-2.4.23-pre3-testplatform,fs/ext3/bitmap,124
linux-2.4.23-pre3-testplatform,fs/ext3/dir,852
linux-2.4.23-pre3-testplatform,fs/ext3/super,10434
linux-2.4.23-pre3-testplatform,fs/ext3/namei,4959
linux-2.4.23-pre3-testplatform,fs/ext3/ioctl,575
linux-2.4.23-pre3-testplatform,mm/swap,294
linux-2.4.23-pre3-testplatform,mm/vmalloc,1579
linux-2.4.23-pre3-testplatform,mm/numa,880
linux-2.4.23-pre3-testplatform,mm/mmap,3283
linux-2.4.23-pre3-testplatform,mm/mprotect,1350
linux-2.4.23-pre3-testplatform,mm/bootmem,1249
linux-2.4.23-pre3-testplatform,mm/memory,5518
linux-2.4.23-pre3-testplatform,mm/swapfile,4944
linux-2.4.23-pre3-testplatform,mm/shmem,5107
linux-2.4.23-pre3-testplatform,mm/mlock,956
linux-2.4.23-pre3-testplatform,mm/filemap,9185
linux-2.4.23-pre3-testplatform,mm/page_io,451
linux-2.4.23-pre3-testplatform,mm/page_alloc,2955
linux-2.4.23-pre3-testplatform,mm/slab,2758
linux-2.4.23-pre3-testplatform,mm/swap_state,819
linux-2.4.23-pre3-testplatform,mm/oom_kill,487
linux-2.4.23-pre3-testplatform,mm/vmscan,1782
linux-2.4.23-pre3-testplatform,mm/mremap,1538
linux-2.4.23-pre3-testplatform,lib/string,508
linux-2.4.23-pre3-testplatform,lib/zlib_inflate/inffast,790
linux-2.4.23-pre3-testplatform,lib/zlib_inflate/inflate_syms,0
linux-2.4.23-pre3-testplatform,lib/zlib_inflate/inftrees,6181
linux-2.4.23-pre3-testplatform,lib/zlib_inflate/inflate,1718
linux-2.4.23-pre3-testplatform,lib/zlib_inflate/infutil,268
linux-2.4.23-pre3-testplatform,lib/zlib_inflate/infblock,2062
linux-2.4.23-pre3-testplatform,lib/zlib_inflate/infcodes,1378
linux-2.4.23-pre3-testplatform,lib/vsprintf,2601
linux-2.4.23-pre3-testplatform,lib/bust_spinlocks,50
linux-2.4.23-pre3-testplatform,lib/errno,0
linux-2.4.23-pre3-testplatform,lib/brlock,0
linux-2.4.23-pre3-testplatform,lib/zlib_deflate/deflate_syms,0
linux-2.4.23-pre3-testplatform,lib/zlib_deflate/deflate,3788
linux-2.4.23-pre3-testplatform,lib/zlib_deflate/deftree,6088
linux-2.4.23-pre3-testplatform,lib/dec_and_lock,0
linux-2.4.23-pre3-testplatform,lib/cmdline,172
linux-2.4.23-pre3-testplatform,lib/ctype,256
linux-2.4.23-pre3-testplatform,lib/dump_stack,70
linux-2.4.23-pre3-testplatform,lib/rbtree,662
linux-2.4.23-pre3-testplatform,lib/rwsem-spinlock,366
linux-2.4.23-pre3-testplatform,net/core/sock,2849
linux-2.4.23-pre3-testplatform,net/core/scm,700
linux-2.4.23-pre3-testplatform,net/core/iovec,660
linux-2.4.23-pre3-testplatform,net/core/skbuff,4509
linux-2.4.23-pre3-testplatform,net/core/ethtool,2288
linux-2.4.23-pre3-testplatform,net/core/datagram,1463
linux-2.4.23-pre3-testplatform,net/core/utils,193
linux-2.4.23-pre3-testplatform,net/core/dev_mcast,607
linux-2.4.23-pre3-testplatform,net/core/dst,616
linux-2.4.23-pre3-testplatform,net/core/neighbour,5829
linux-2.4.23-pre3-testplatform,net/core/dev,7694
linux-2.4.23-pre3-testplatform,net/core/rtnetlink,2329
linux-2.4.23-pre3-testplatform,net/socket,4814
linux-2.4.23-pre3-testplatform,net/802/p8023,86
linux-2.4.23-pre3-testplatform,net/ethernet/eth,521
linux-2.4.23-pre3-testplatform,net/8021q/vlan,2058
linux-2.4.23-pre3-testplatform,net/8021q/vlanproc,14
linux-2.4.23-pre3-testplatform,net/8021q/vlan_dev,3054
linux-2.4.23-pre3-testplatform,net/sunrpc/xdr,1404
linux-2.4.23-pre3-testplatform,net/sunrpc/auth_null,280
linux-2.4.23-pre3-testplatform,net/sunrpc/timer,140
linux-2.4.23-pre3-testplatform,net/sunrpc/auth,708
linux-2.4.23-pre3-testplatform,net/sunrpc/clnt,3412
linux-2.4.23-pre3-testplatform,net/sunrpc/svcsock,4208
linux-2.4.23-pre3-testplatform,net/sunrpc/xprt,5141
linux-2.4.23-pre3-testplatform,net/sunrpc/pmap_clnt,617
linux-2.4.23-pre3-testplatform,net/sunrpc/svcauth,448
linux-2.4.23-pre3-testplatform,net/sunrpc/auth_unix,674
linux-2.4.23-pre3-testplatform,net/sunrpc/sched,3456
linux-2.4.23-pre3-testplatform,net/sunrpc/svc,1613
linux-2.4.23-pre3-testplatform,net/sunrpc/sunrpc_syms,0
linux-2.4.23-pre3-testplatform,net/sched/sch_generic,1966
linux-2.4.23-pre3-testplatform,net/netlink/af_netlink,3396
linux-2.4.23-pre3-testplatform,net/ipv4/tcp_output,7708
linux-2.4.23-pre3-testplatform,net/ipv4/tcp_ipv4,10397
linux-2.4.23-pre3-testplatform,net/ipv4/tcp,13033
linux-2.4.23-pre3-testplatform,net/ipv4/route,8084
linux-2.4.23-pre3-testplatform,net/ipv4/ip_input,571
linux-2.4.23-pre3-testplatform,net/ipv4/sysctl_net_ipv4,0
linux-2.4.23-pre3-testplatform,net/ipv4/ip_options,2546
linux-2.4.23-pre3-testplatform,net/ipv4/tcp_timer,3002
linux-2.4.23-pre3-testplatform,net/ipv4/fib_hash,2713
linux-2.4.23-pre3-testplatform,net/ipv4/icmp,3078
linux-2.4.23-pre3-testplatform,net/ipv4/ip_fragment,2325
linux-2.4.23-pre3-testplatform,net/ipv4/proc,2538
linux-2.4.23-pre3-testplatform,net/ipv4/fib_semantics,2410
linux-2.4.23-pre3-testplatform,net/ipv4/igmp,7598
linux-2.4.23-pre3-testplatform,net/ipv4/fib_frontend,1892
linux-2.4.23-pre3-testplatform,net/ipv4/udp,4052
linux-2.4.23-pre3-testplatform,net/ipv4/af_inet,4297
linux-2.4.23-pre3-testplatform,net/ipv4/utils,56
linux-2.4.23-pre3-testplatform,net/ipv4/inetpeer,1414
linux-2.4.23-pre3-testplatform,net/ipv4/ip_forward,352
linux-2.4.23-pre3-testplatform,net/ipv4/protocol,394
linux-2.4.23-pre3-testplatform,net/ipv4/tcp_diag,2534
linux-2.4.23-pre3-testplatform,net/ipv4/tcp_input,17516
linux-2.4.23-pre3-testplatform,net/ipv4/ip_output,3491
linux-2.4.23-pre3-testplatform,net/ipv4/ip_sockglue,3864
linux-2.4.23-pre3-testplatform,net/ipv4/tcp_minisocks,3419
linux-2.4.23-pre3-testplatform,net/ipv4/raw,2628
linux-2.4.23-pre3-testplatform,net/ipv4/devinet,4179
linux-2.4.23-pre3-testplatform,net/ipv4/arp,3704
linux-2.4.23-pre3-testplatform,init/main,1223
linux-2.4.23-pre3-testplatform,init/do_mounts,3414
linux-2.4.23-pre3-testplatform,init/version,502
linux-2.4.23-pre3-testplatform,drivers/block/genhd,170
linux-2.4.23-pre3-testplatform,drivers/block/blkpg,816
linux-2.4.23-pre3-testplatform,drivers/block/ll_rw_blk,4185
linux-2.4.23-pre3-testplatform,drivers/block/elevator,480
linux-2.4.23-pre3-testplatform,drivers/net/loopback,272
linux-2.4.23-pre3-testplatform,drivers/net/net_init,595
linux-2.4.23-pre3-testplatform,drivers/net/Space,3360
linux-2.4.23-pre3-testplatform,drivers/net/auto_irq,48
linux-2.4.23-pre3-testplatform,drivers/net/setup,32
linux-2.4.23-pre3-testplatform,drivers/char/n_tty,3975
linux-2.4.23-pre3-testplatform,drivers/char/random,3948
linux-2.4.23-pre3-testplatform,drivers/char/mem,2080
linux-2.4.23-pre3-testplatform,drivers/char/tty_io,8369
linux-2.4.23-pre3-testplatform,drivers/char/pty,1399
linux-2.4.23-pre3-testplatform,drivers/char/tty_ioctl,1455
linux-2.4.23-pre3-testplatform,drivers/char/raw,1112
linux-2.4.23-pre3-testplatform,drivers/char/misc,772
linux-2.4.23-pre3-testplatform,kernel/sys,3015
linux-2.4.23-pre3-testplatform,kernel/resource,841
linux-2.4.23-pre3-testplatform,kernel/softirq,1526
linux-2.4.23-pre3-testplatform,kernel/signal,2791
linux-2.4.23-pre3-testplatform,kernel/fork,3193
linux-2.4.23-pre3-testplatform,kernel/acct,6
linux-2.4.23-pre3-testplatform,kernel/itimer,484
linux-2.4.23-pre3-testplatform,kernel/timer,2125
linux-2.4.23-pre3-testplatform,kernel/context,543
linux-2.4.23-pre3-testplatform,kernel/exit,1903
linux-2.4.23-pre3-testplatform,kernel/dma,12
linux-2.4.23-pre3-testplatform,kernel/module,759
linux-2.4.23-pre3-testplatform,kernel/ptrace,916
linux-2.4.23-pre3-testplatform,kernel/capability,64
linux-2.4.23-pre3-testplatform,kernel/printk,1544
linux-2.4.23-pre3-testplatform,kernel/kmod,624
linux-2.4.23-pre3-testplatform,kernel/exec_domain,587
linux-2.4.23-pre3-testplatform,kernel/sched,3227
linux-2.4.23-pre3-testplatform,kernel/time,1140
linux-2.4.23-pre3-testplatform,kernel/info,192
linux-2.4.23-pre3-testplatform,kernel/user,180
linux-2.4.23-pre3-testplatform,kernel/panic,526
linux-2.4.23-pre3-testplatform,kernel/sysctl,72
linux-2.4.23-pre3-testplatform,ipc/sem,3479
linux-2.4.23-pre3-testplatform,ipc/util,751
linux-2.4.23-pre3-testplatform,ipc/shm,2311
linux-2.4.23-pre3-testplatform,ipc/msg,1946
lwip-0.5.3.preproc,proj/unixsim/simhost,338
lwip-0.5.3.preproc,proj/unixsim/simnode,322
lwip-0.5.3.preproc,proj/unixsim/apps/fs,39821
lwip-0.5.3.preproc,proj/unixsim/apps/udpecho,132
lwip-0.5.3.preproc,proj/unixsim/apps/shell,8037
lwip-0.5.3.preproc,proj/unixsim/apps/httpd,559
lwip-0.5.3.preproc,proj/unixsim/apps/tcpecho,112
lwip-0.5.3.preproc,proj/unixsim/simrouter,466
lwip-0.5.3.preproc,src/netif/tcpdump,1263
lwip-0.5.3.preproc,src/netif/loopif,76
lwip-0.5.3.preproc,src/netif/arp,1104
lwip-0.5.3.preproc,src/core/tcp_output,2088
lwip-0.5.3.preproc,src/core/sys,268
lwip-0.5.3.preproc,src/core/tcp,2165
lwip-0.5.3.preproc,src/core/pbuf,1112
lwip-0.5.3.preproc,src/core/inet,304
lwip-0.5.3.preproc,src/core/stats,20
lwip-0.5.3.preproc,src/core/udp,880
lwip-0.5.3.preproc,src/core/mem,816
lwip-0.5.3.preproc,src/core/memp,612
lwip-0.5.3.preproc,src/core/tcp_input,3692
lwip-0.5.3.preproc,src/core/netif,372
lwip-0.5.3.preproc,src/core/ipv4/ip_addr,4
lwip-0.5.3.preproc,src/core/ipv4/icmp,636
lwip-0.5.3.preproc,src/core/ipv4/ip,1200
lwip-0.5.3.preproc,src/api/err,0
lwip-0.5.3.preproc,src/api/api_msg,1252
lwip-0.5.3.preproc,src/api/api_lib,1514
lwip-0.5.3.preproc,src/api/tcpip,248
lwip-0.5.3.preproc,src/api/sockets,844
mpeg2dec-0.3.1,libvo/video_out_sdl,641
mpeg2dec-0.3.1,libvo/video_out_pgm,401
mpeg2dec-0.3.1,libvo/video_out_dx,0
mpeg2dec-0.3.1,libvo/video_out_null,184
mpeg2dec-0.3.1,libvo/video_out,146
mpeg2dec-0.3.1,libvo/video_out_x11,0
mpeg2dec-0.3.1,libvo/yuv2rgb,3380
mpeg2dec-0.3.1,libvo/yuv2rgb_mmx,0
mpeg2dec-0.3.1,libvo/yuv2rgb_mlib,0
mpeg2dec-0.3.1,src/getopt,2340
mpeg2dec-0.3.1,src/gettimeofday,0
mpeg2dec-0.3.1,src/extract_mpeg2,2684
mpeg2dec-0.3.1,src/mpeg2dec,3694
mpeg2dec-0.3.1,libmpeg2/idct_alpha,0
mpeg2dec-0.3.1,libmpeg2/cpu_accel,4
mpeg2dec-0.3.1,libmpeg2/motion_comp,3408
mpeg2dec-0.3.1,libmpeg2/motion_comp_alpha,0
mpeg2dec-0.3.1,libmpeg2/cpu_state,2
mpeg2dec-0.3.1,libmpeg2/idct_mmx,0
mpeg2dec-0.3.1,libmpeg2/decode,1924
mpeg2dec-0.3.1,libmpeg2/slice,14364
mpeg2dec-0.3.1,libmpeg2/idct_mlib,0
mpeg2dec-0.3.1,libmpeg2/idct_altivec,0
mpeg2dec-0.3.1,libmpeg2/motion_comp_mlib,0
mpeg2dec-0.3.1,libmpeg2/idct,1256
mpeg2dec-0.3.1,libmpeg2/header,3564
mpeg2dec-0.3.1,libmpeg2/motion_comp_altivec,0
mpeg2dec-0.3.1,libmpeg2/motion_comp_mmx,0
mpeg2dec-0.3.1,libmpeg2/alloc,92
mpgcut-1.1,mpgcut,8795
OpenTCP-1.0.4,bootp/bootp,1032
OpenTCP-1.0.4,system,832
OpenTCP-1.0.4,tcp,3662
OpenTCP-1.0.4,smtp/smtp_client,1456
OpenTCP-1.0.4,smtp/smtpc_callbacks,16
OpenTCP-1.0.4,dns/dns,1012
OpenTCP-1.0.4,icmp,264
OpenTCP-1.0.4,timers,184
OpenTCP-1.0.4,ethernet,1484
OpenTCP-1.0.4,pop3/pop3_client,2563
OpenTCP-1.0.4,pop3/pop3c_callbacks,18
OpenTCP-1.0.4,ip,1296
OpenTCP-1.0.4,udp,1114
OpenTCP-1.0.4,dhcp/dhcpc,1816
OpenTCP-1.0.4,demo/udp_demo,192
OpenTCP-1.0.4,demo/main_demo,208
OpenTCP-1.0.4,demo/tcp_client_demo,288
OpenTCP-1.0.4,demo/tcp_server_demo,248
OpenTCP-1.0.4,tftp/tftps,620
OpenTCP-1.0.4,http/https_callbacks,592
OpenTCP-1.0.4,http/http_server,992
OpenTCP-1.0.4,arp,1601
replaypc-0.4.0.preproc,dump-addressbook,357
replaypc-0.4.0.preproc,zipcode,343
replaypc-0.4.0.preproc,dump-guide,342
replaypc-0.4.0.preproc,rddnsclient,954
replaypc-0.4.0.preproc,headend,1502
replaypc-0.4.0.preproc,ndx-dump,3356
replaypc-0.4.0.preproc,addressbook,519
replaypc-0.4.0.preproc,rtv,516
replaypc-0.4.0.preproc,ndx,353
replaypc-0.4.0.preproc,dump-cg2,359
replaypc-0.4.0.preproc,dump-filedarray,364
replaypc-0.4.0.preproc,un-protect,1062
replaypc-0.4.0.preproc,dump-programset,461
replaypc-0.4.0.preproc,dump-channelset,256
replaypc-0.4.0.preproc,crypt-test,883
replaypc-0.4.0.preproc,guide,6150
replaypc-0.4.0.preproc,httpfsclient,1618
replaypc-0.4.0.preproc,program,4354
replaypc-0.4.0.preproc,bigfile,148
replaypc-0.4.0.preproc,rtvguide,1410
replaypc-0.4.0.preproc,httpclient,1720
replaypc-0.4.0.preproc,find-GOPs,172
replaypc-0.4.0.preproc,sleep,14
replaypc-0.4.0.preproc,cg,1563
replaypc-0.4.0.preproc,dump-replayshows,222
replaypc-0.4.0.preproc,rddns,445
replaypc-0.4.0.preproc,dump-replaychannels,230
replaypc-0.4.0.preproc,dump-headend,230
replaypc-0.4.0.preproc,channelset,155
replaypc-0.4.0.preproc,crypt,668
replaypc-0.4.0.preproc,mark-commercial,1802
replaypc-0.4.0.preproc,httpfs,5098
replaypc-0.4.0.preproc,filedarray,182
replaypc-0.4.0.preproc,build-ndx,400
replaypc-0.4.0.preproc,version-test,122
replaypc-0.4.0.preproc,dump,1201
replaypc-0.4.0.preproc,dump-zipcode2,200
replaypc-0.4.0.preproc,ReplayPC,3496
replaypc-0.4.0.preproc,guideclient,533
teem-1.6.0-src,src/air/sane,3172
teem-1.6.0-src,src/air/string,864
teem-1.6.0-src,src/air/754,1319
teem-1.6.0-src,src/air/array,458
teem-1.6.0-src,src/air/parseAir,4700
teem-1.6.0-src,src/air/threadAir,853
teem-1.6.0-src,src/air/endianAir,1340
teem-1.6.0-src,src/air/dio,1852
teem-1.6.0-src,src/air/enum,636
teem-1.6.0-src,src/air/miscAir,3736
teem-1.6.0-src,src/air/mop,1355
teem-1.6.0-src,src/air/test/doubleprint,570
teem-1.6.0-src,src/air/test/floatprint,564
teem-1.6.0-src,src/air/test/tline,365
teem-1.6.0-src,src/air/test/fp,1506
teem-1.6.0-src,src/air/test/tmop,543
teem-1.6.0-src,src/air/test/tok,246
teem-1.6.0-src,src/limn/hestLimn,954
teem-1.6.0-src,src/limn/qn,2597
teem-1.6.0-src,src/limn/splineEval,5817
teem-1.6.0-src,src/limn/splineMethods,4351
teem-1.6.0-src,src/limn/renderLimn,2799
teem-1.6.0-src,src/limn/obj,660
teem-1.6.0-src,src/limn/shapes,3384
teem-1.6.0-src,src/limn/methodsLimn,212
teem-1.6.0-src,src/limn/transform,2729
teem-1.6.0-src,src/limn/cam,4774
teem-1.6.0-src,src/limn/light,790
teem-1.6.0-src,src/limn/splineMisc,14230
teem-1.6.0-src,src/limn/env,1076
teem-1.6.0-src,src/limn/io,637
teem-1.6.0-src,src/limn/test/soid,3133
teem-1.6.0-src,src/limn/test/tps,2296
teem-1.6.0-src,src/limn/test/tcam,1164
teem-1.6.0-src,src/limn/test/tbc,1600
teem-1.6.0-src,src/limn/test/tcamanim,3059
teem-1.6.0-src,src/limn/test/light,496
teem-1.6.0-src,src/limn/test/map,276
teem-1.6.0-src,src/limn/test/tspline,1873
teem-1.6.0-src,src/limn/defaultsLimn,13
teem-1.6.0-src,src/bane/gkmsFlotsam,2882
teem-1.6.0-src,src/bane/trex,318
teem-1.6.0-src,src/bane/methodsBane,563
teem-1.6.0-src,src/bane/clip,1379
teem-1.6.0-src,src/bane/gkmsHvol,2702
teem-1.6.0-src,src/bane/gkmsScat,1444
teem-1.6.0-src,src/bane/valid,2202
teem-1.6.0-src,src/bane/gkmsMite,1104
teem-1.6.0-src,src/bane/gkmsOpac,3017
teem-1.6.0-src,src/bane/gkmsTxf,2948
teem-1.6.0-src,src/bane/hvol,6225
teem-1.6.0-src,src/bane/scat,657
teem-1.6.0-src,src/bane/measr,1670
teem-1.6.0-src,src/bane/trnsf,3967
teem-1.6.0-src,src/bane/gkmsPvg,2858
teem-1.6.0-src,src/bane/gkmsInfo,1233
teem-1.6.0-src,src/bane/defaultsBane,29
teem-1.6.0-src,src/bane/test/sigma,141
teem-1.6.0-src,src/bane/test/pos,533
teem-1.6.0-src,src/bane/test/tblah,965
teem-1.6.0-src,src/bane/test/opac,430
teem-1.6.0-src,src/bane/test/tinfo,473
teem-1.6.0-src,src/bane/inc,3729
teem-1.6.0-src,src/bane/rangeBane,1605
teem-1.6.0-src,src/alan/methodsAlan,1968
teem-1.6.0-src,src/alan/coreAlan,3791
teem-1.6.0-src,src/alan/enumsAlan,2480
teem-1.6.0-src,src/alan/test/tspot,895
teem-1.6.0-src,src/echo/sqd,7069
teem-1.6.0-src,src/echo/set,944
teem-1.6.0-src,src/echo/renderEcho,4414
teem-1.6.0-src,src/echo/bounds,6291
teem-1.6.0-src,src/echo/matter,332
teem-1.6.0-src,src/echo/methodsEcho,497
teem-1.6.0-src,src/echo/model,1088
teem-1.6.0-src,src/echo/intx,13100
teem-1.6.0-src,src/echo/enumsEcho,13168
teem-1.6.0-src,src/echo/list,1264
teem-1.6.0-src,src/echo/color,7564
teem-1.6.0-src,src/echo/lightEcho,625
teem-1.6.0-src,src/echo/objmethods,1152
teem-1.6.0-src,src/echo/test/test,882
teem-1.6.0-src,src/echo/test/trend,6885
teem-1.6.0-src,src/nrrd/methodsNrrd,3609
teem-1.6.0-src,src/nrrd/endianNrrd,491
teem-1.6.0-src,src/nrrd/format,592
teem-1.6.0-src,src/nrrd/simple,4111
teem-1.6.0-src,src/nrrd/encodingRaw,1748
teem-1.6.0-src,src/nrrd/encodingGzip,561
teem-1.6.0-src,src/nrrd/range,568
teem-1.6.0-src,src/nrrd/apply1D,7142
teem-1.6.0-src,src/nrrd/histogram,5617
teem-1.6.0-src,src/nrrd/hestNrrd,975
teem-1.6.0-src,src/nrrd/keyvalue,689
teem-1.6.0-src,src/nrrd/measure,7972
teem-1.6.0-src,src/nrrd/formatPNG,626
teem-1.6.0-src,src/nrrd/encoding,584
teem-1.6.0-src,src/nrrd/winKernel,19000
teem-1.6.0-src,src/nrrd/gzio,0
teem-1.6.0-src,src/nrrd/encodingBzip2,494
teem-1.6.0-src,src/nrrd/reorder,7808
teem-1.6.0-src,src/nrrd/cc,9966
teem-1.6.0-src,src/nrrd/write,3610
teem-1.6.0-src,src/nrrd/comment,383
teem-1.6.0-src,src/nrrd/axis,2720
teem-1.6.0-src,src/nrrd/convertNrrd,3040
teem-1.6.0-src,src/nrrd/tmfKernel,154501
teem-1.6.0-src,src/nrrd/arraysNrrd,2368
teem-1.6.0-src,src/nrrd/formatText,2430
teem-1.6.0-src,src/nrrd/formatNRRD,3244
teem-1.6.0-src,src/nrrd/resampleNrrd,5888
teem-1.6.0-src,src/nrrd/enumsNrrd,86276
teem-1.6.0-src,src/nrrd/subset,2280
teem-1.6.0-src,src/nrrd/kernel,23926
teem-1.6.0-src,src/nrrd/defaultsNrrd,659
teem-1.6.0-src,src/nrrd/filt,4962
teem-1.6.0-src,src/nrrd/map,4727
teem-1.6.0-src,src/nrrd/formatPNM,2647
teem-1.6.0-src,src/nrrd/formatVTK,5143
teem-1.6.0-src,src/nrrd/superset,4052
teem-1.6.0-src,src/nrrd/iter,539
teem-1.6.0-src,src/nrrd/read,2463
teem-1.6.0-src,src/nrrd/encodingAscii,1309
teem-1.6.0-src,src/nrrd/encodingHex,1432
teem-1.6.0-src,src/nrrd/test/tread,252
teem-1.6.0-src,src/nrrd/test/typestest,364
teem-1.6.0-src,src/nrrd/test/minmax,276
teem-1.6.0-src,src/nrrd/test/convo,1685
teem-1.6.0-src,src/nrrd/test/tkernel,1739
teem-1.6.0-src,src/nrrd/test/tline,318
teem-1.6.0-src,src/nrrd/test/trand,161
teem-1.6.0-src,src/nrrd/test/kv,335
teem-1.6.0-src,src/nrrd/test/ax,2963
teem-1.6.0-src,src/nrrd/test/io,349
teem-1.6.0-src,src/nrrd/test/quadvol,1569
teem-1.6.0-src,src/nrrd/test/genvol,1515
teem-1.6.0-src,src/nrrd/ccmethods,1008
teem-1.6.0-src,src/nrrd/parseNrrd,5214
teem-1.6.0-src,src/nrrd/accessors,6107
teem-1.6.0-src,src/nrrd/formatEPS,2213
teem-1.6.0-src,src/nrrd/arith,5083
teem-1.6.0-src,src/hoover/defaultsHoover,19
teem-1.6.0-src,src/hoover/rays,3331
teem-1.6.0-src,src/hoover/stub,56
teem-1.6.0-src,src/hoover/methodsHoover,1562
teem-1.6.0-src,src/hest/methodsHest,1909
teem-1.6.0-src,src/hest/usage,2382
teem-1.6.0-src,src/hest/parseHest,10670
teem-1.6.0-src,src/hest/defaultsHest,12
teem-1.6.0-src,src/hest/test/strings,1091
teem-1.6.0-src,src/hest/test/ex0,401
teem-1.6.0-src,src/hest/test/ex3,1410
teem-1.6.0-src,src/hest/test/bday,960
teem-1.6.0-src,src/hest/test/ex5,729
teem-1.6.0-src,src/hest/test/ex4,1032
teem-1.6.0-src,src/hest/test/ex2,924
teem-1.6.0-src,src/hest/test/ex1,1055
teem-1.6.0-src,src/biff/test/test,212
teem-1.6.0-src,src/biff/biff,2099
teem-1.6.0-src,src/ten/tendShrink,896
teem-1.6.0-src,src/ten/tendSim,1288
teem-1.6.0-src,src/ten/defaultsTen,64
teem-1.6.0-src,src/ten/mod,2521
teem-1.6.0-src,src/ten/tendEvec,1574
teem-1.6.0-src,src/ten/tendMake,913
teem-1.6.0-src,src/ten/tendPoint,1480
teem-1.6.0-src,src/ten/chan,7621
teem-1.6.0-src,src/ten/tendAnhist,1111
teem-1.6.0-src,src/ten/tendEllipse,2357
teem-1.6.0-src,src/ten/tendSatin,5088
teem-1.6.0-src,src/ten/tendEpireg,4328
teem-1.6.0-src,src/ten/tendEvq,2117
teem-1.6.0-src,src/ten/tendEvaladd,924
teem-1.6.0-src,src/ten/tendSlice,945
teem-1.6.0-src,src/ten/tendEvalclamp,1212
teem-1.6.0-src,src/ten/glyph,4439
teem-1.6.0-src,src/ten/tendBmat,1289
teem-1.6.0-src,src/ten/tendAnplot,1593
teem-1.6.0-src,src/ten/tensor,5826
teem-1.6.0-src,src/ten/fiber,4166
teem-1.6.0-src,src/ten/tenGage,3333
teem-1.6.0-src,src/ten/tendSten,1278
teem-1.6.0-src,src/ten/tendFiber,2492
teem-1.6.0-src,src/ten/enumsTen,26184
teem-1.6.0-src,src/ten/tendEval,1528
teem-1.6.0-src,src/ten/tendEvecrgb,1827
teem-1.6.0-src,src/ten/tendEstim,3721
teem-1.6.0-src,src/ten/tendFlotsam,1250
teem-1.6.0-src,src/ten/tendGlyph,6368
teem-1.6.0-src,src/ten/fiberMethods,2409
teem-1.6.0-src,src/ten/miscTen,3181
teem-1.6.0-src,src/ten/tendNorm,1225
teem-1.6.0-src,src/ten/tendAnscale,1323
teem-1.6.0-src,src/ten/tendAnvol,1437
teem-1.6.0-src,src/ten/aniso,3227
teem-1.6.0-src,src/ten/tendEvalpow,835
teem-1.6.0-src,src/ten/test/tg,2295
teem-1.6.0-src,src/ten/test/tem,996
teem-1.6.0-src,src/ten/test/tt,2574
teem-1.6.0-src,src/ten/bimod,5545
teem-1.6.0-src,src/ten/tendExpand,1392
teem-1.6.0-src,src/ten/epireg,12155
teem-1.6.0-src,src/moss/hestMoss,1038
teem-1.6.0-src,src/moss/methodsMoss,900
teem-1.6.0-src,src/moss/sampler,1989
teem-1.6.0-src,src/moss/xform,3002
teem-1.6.0-src,src/moss/defaultsMoss,17
teem-1.6.0-src,src/moss/test/invert,288
teem-1.6.0-src,src/unrrdu/gamma,1274
teem-1.6.0-src,src/unrrdu/ccsettle,1006
teem-1.6.0-src,src/unrrdu/axsplit,1076
teem-1.6.0-src,src/unrrdu/swap,813
teem-1.6.0-src,src/unrrdu/unquantize,1119
teem-1.6.0-src,src/unrrdu/flotsam,2502
teem-1.6.0-src,src/unrrdu/imap,2366
teem-1.6.0-src,src/unrrdu/jhisto,2505
teem-1.6.0-src,src/unrrdu/join,1416
teem-1.6.0-src,src/unrrdu/data,1244
teem-1.6.0-src,src/unrrdu/block,1082
teem-1.6.0-src,src/unrrdu/cmedian,2392
teem-1.6.0-src,src/unrrdu/ccadj,1121
teem-1.6.0-src,src/unrrdu/inset,1305
teem-1.6.0-src,src/unrrdu/resample,3254
teem-1.6.0-src,src/unrrdu/unblock,1094
teem-1.6.0-src,src/unrrdu/minmax,1050
teem-1.6.0-src,src/unrrdu/project,1829
teem-1.6.0-src,src/unrrdu/head,1342
teem-1.6.0-src,src/unrrdu/permute,965
teem-1.6.0-src,src/unrrdu/ccmerge,2547
teem-1.6.0-src,src/unrrdu/1op,1599
teem-1.6.0-src,src/unrrdu/ccfind,1661
teem-1.6.0-src,src/unrrdu/lut,2001
teem-1.6.0-src,src/unrrdu/crop,1316
teem-1.6.0-src,src/unrrdu/rmap,2441
teem-1.6.0-src,src/unrrdu/axdelete,1306
teem-1.6.0-src,src/unrrdu/histo,1422
teem-1.6.0-src,src/unrrdu/flip,774
teem-1.6.0-src,src/unrrdu/convert,1108
teem-1.6.0-src,src/unrrdu/slice,1193
teem-1.6.0-src,src/unrrdu/2op,2102
teem-1.6.0-src,src/unrrdu/dice,1670
teem-1.6.0-src,src/unrrdu/save,2650
teem-1.6.0-src,src/unrrdu/3op,2216
teem-1.6.0-src,src/unrrdu/axinfo,1341
teem-1.6.0-src,src/unrrdu/axmerge,1287
teem-1.6.0-src,src/unrrdu/histax,1247
teem-1.6.0-src,src/unrrdu/pad,1668
teem-1.6.0-src,src/unrrdu/dhisto,1278
teem-1.6.0-src,src/unrrdu/reshape,942
teem-1.6.0-src,src/unrrdu/shuffle,1568
teem-1.6.0-src,src/unrrdu/axinsert,1041
teem-1.6.0-src,src/unrrdu/splice,1313
teem-1.6.0-src,src/unrrdu/make,6114
teem-1.6.0-src,src/unrrdu/quantize,1550
teem-1.6.0-src,src/unrrdu/about,2703
teem-1.6.0-src,src/unrrdu/heq,1993
teem-1.6.0-src,src/mite/renderMite,1025
teem-1.6.0-src,src/mite/ray,3838
teem-1.6.0-src,src/mite/txf,6975
teem-1.6.0-src,src/mite/thread,254
teem-1.6.0-src,src/mite/user,807
teem-1.6.0-src,src/mite/defaultsMite,37
teem-1.6.0-src,src/hex/dehex,1231
teem-1.6.0-src,src/hex/enhex,709
teem-1.6.0-src,src/dye/methodsDye,1898
teem-1.6.0-src,src/dye/test/bow,562
teem-1.6.0-src,src/dye/test/conv,356
teem-1.6.0-src,src/dye/convertDye,3236
teem-1.6.0-src,src/gage/sclprint,937
teem-1.6.0-src,src/gage/vecGage,13596
teem-1.6.0-src,src/gage/sclfilter,9249
teem-1.6.0-src,src/gage/scl,19232
teem-1.6.0-src,src/gage/update,4112
teem-1.6.0-src,src/gage/ctx,4024
teem-1.6.0-src,src/gage/print,5289
teem-1.6.0-src,src/gage/filter,3055
teem-1.6.0-src,src/gage/st,2855
teem-1.6.0-src,src/gage/sclanswer,6529
teem-1.6.0-src,src/gage/vecprint,52
teem-1.6.0-src,src/gage/defaultsGage,53
teem-1.6.0-src,src/gage/pvl,1299
teem-1.6.0-src,src/gage/miscGage,5203
teem-1.6.0-src,src/gage/shape,2856
teem-1.6.0-src,src/ell/miscEll,983
teem-1.6.0-src,src/ell/genmat,2807
teem-1.6.0-src,src/ell/vecEll,1450
teem-1.6.0-src,src/ell/eigen,4344
teem-1.6.0-src,src/ell/quat,14730
teem-1.6.0-src,src/ell/cubicEll,1988
teem-1.6.0-src,src/ell/mat,24386
teem-1.6.0-src,src/ell/test/sort3,602
teem-1.6.0-src,src/ell/test/invert,617
teem-1.6.0-src,src/ell/test/tq,5195
ttt-0.10.1.preproc,src/engine,1560
ttt-0.10.1.preproc,src/parse,1051
ttt-0.10.1.preproc,src/main,937
ttt-0.10.1.preproc,src/util,1700
ttt-0.10.1.preproc,src/ttt,4305
ttt-0.10.1.preproc,src/connect4,2833
unrarlib-0.4.0,samples/unix/getfile/getfile,729
unrarlib-0.4.0,samples/unix/listarchive/listarchive,910
unrarlib-0.4.0,unrarlib/unrarlib,9368
zlib-1.1.4,compress,114
zlib-1.1.4,crc32,1224
zlib-1.1.4,zutil,211
zlib-1.1.4,inffast,850
zlib-1.1.4,uncompr,94
zlib-1.1.4,adler32,196
zlib-1.1.4,deflate,4224
zlib-1.1.4,inftrees,6301
zlib-1.1.4,gzio,2587
zlib-1.1.4,trees,7536
zlib-1.1.4,inflate,1335
zlib-1.1.4,infutil,268
zlib-1.1.4,infblock,2266
zlib-1.1.4,infcodes,1398
