size
"2",,"","","","","arm-none-eabi-gcc (GCC) 6.2.0"
"","-Os -std=gnu89 -marm -mcpu=arm966e-s -mno-thumb-interwork"
bzip2-1.0.2,compress,8959
bzip2-1.0.2,huffman,1492
bzip2-1.0.2,blocksort,6891
bzip2-1.0.2,crctable,1024
bzip2-1.0.2,decompress,9847
bzip2-1.0.2,bzip2,18477
bzip2-1.0.2,randtable,2048
bzip2-1.0.2,bzip2recover,3749
bzip2-1.0.2,bzlib,11415
cg_compiler_opensrc,cpp,7374
cg_compiler_opensrc,parser,16283
cg_compiler_opensrc,atom,3712
cg_compiler_opensrc,constfold,4780
cg_compiler_opensrc,printutils,11027
cg_compiler_opensrc,cgstruct,140
cg_compiler_opensrc,binding,1727
cg_compiler_opensrc,symbols,7165
cg_compiler_opensrc,compile,14510
cg_compiler_opensrc,memory,624
cg_compiler_opensrc,tokenize,678
cg_compiler_opensrc,inline,3018
cg_compiler_opensrc,semantic,4838
cg_compiler_opensrc,scanner,6799
cg_compiler_opensrc,stdlib,3222
cg_compiler_opensrc,support,26391
cg_compiler_opensrc,check,3733
cg_compiler_opensrc,tokens,3257
cg_compiler_opensrc,cgcmain,2535
cg_compiler_opensrc,support_iter,2374
cg_compiler_opensrc,hal,3011
cg_compiler_opensrc,generic_hal,2619
compiler,main,2710
compiler,parser,4848
compiler,scanner,3695
compiler,cg,3031
compiler,vam,4307
compiler,vas,6626
flex-2.5.31,parse,9334
flex-2.5.31,skel,94034
flex-2.5.31,tables,2245
flex-2.5.31,libmain,20
flex-2.5.31,regex,631
flex-2.5.31,main,20374
flex-2.5.31,ecs,576
flex-2.5.31,scan,46004
flex-2.5.31,tblcmp,3864
flex-2.5.31,sym,995
flex-2.5.31,ccl,1204
flex-2.5.31,yylex,1248
flex-2.5.31,nfa,4048
flex-2.5.31,filter,2413
flex-2.5.31,buf,1115
flex-2.5.31,gen,24482
flex-2.5.31,tables_shared,36
flex-2.5.31,options,2610
flex-2.5.31,libyywrap,8
flex-2.5.31,dfa,7610
flex-2.5.31,scanopt,3854
flex-2.5.31,misc,6166
jikespg-1.3,src/ctabs,49580
jikespg-1.3,src/main,6287
jikespg-1.3,src/mkfirst,15848
jikespg-1.3,src/mkstates,3266
jikespg-1.3,src/spacetab,21808
jikespg-1.3,src/partset,1768
jikespg-1.3,src/tabutil,14466
jikespg-1.3,src/prntstat,3640
jikespg-1.3,src/lpgparse,48741
jikespg-1.3,src/timetab,10596
jikespg-1.3,src/remsp,8526
jikespg-1.3,src/globals,264
jikespg-1.3,src/resolve,13432
jikespg-1.3,src/mkred,7468
jikespg-1.3,src/produce,11973
jikespg-1.3,src/ptables,3687
jikespg-1.3,src/lpgutil,5263
jpeg-6b,wrjpgcom,3783
jpeg-6b,jcdctmgr,1620
jpeg-6b,jddctmgr,932
jpeg-6b,jerror,5634
jpeg-6b,jdmainct,1832
jpeg-6b,jidctfst,1008
jpeg-6b,jfdctfst,528
jpeg-6b,jfdctint,768
jpeg-6b,jidctint,1424
jpeg-6b,jdmarker,7348
jpeg-6b,rdgif,93
jpeg-6b,jctrans,1636
jpeg-6b,djpeg,6599
jpeg-6b,jdapistd,1196
jpeg-6b,wrrle,0
jpeg-6b,jdtrans,436
jpeg-6b,jccolor,1676
jpeg-6b,cjpeg,6069
jpeg-6b,wrgif,2900
jpeg-6b,jcparam,3592
jpeg-6b,jchuff,4096
jpeg-6b,jdcolor,1412
jpeg-6b,jcomapi,184
jpeg-6b,jdphuff,3396
jpeg-6b,jccoefct,2140
jpeg-6b,jcapimin,996
jpeg-6b,rdcolmap,1744
jpeg-6b,jdpostct,1028
jpeg-6b,transupp,5360
jpeg-6b,jdhuff,3100
jpeg-6b,wrtarga,1204
jpeg-6b,jcsample,2464
jpeg-6b,jdatasrc,416
jpeg-6b,jcmainct,476
jpeg-6b,wrbmp,3272
jpeg-6b,rdbmp,2496
jpeg-6b,jcinit,224
jpeg-6b,rdrle,0
jpeg-6b,jquant2,5036
jpeg-6b,jdinput,1532
jpeg-6b,rdjpgcom,2619
jpeg-6b,jdsample,1856
jpeg-6b,jdmaster,2224
jpeg-6b,ansi2knr,3080
jpeg-6b,jdmerge,1624
jpeg-6b,jdatadst,356
jpeg-6b,jcmaster,3260
jpeg-6b,jcapistd,644
jpeg-6b,jcprepct,1540
jpeg-6b,jpegtran,4180
jpeg-6b,jidctflt,1616
jpeg-6b,jmemnobs,72
jpeg-6b,rdswitch,2336
jpeg-6b,wrppm,766
jpeg-6b,jidctred,1456
jpeg-6b,rdppm,2156
jpeg-6b,jdcoefct,3964
jpeg-6b,jquant1,3260
jpeg-6b,jfdctflt,1160
jpeg-6b,jdapimin,1380
jpeg-6b,jcmarker,2292
jpeg-6b,rdtarga,2224
jpeg-6b,jcphuff,3344
jpeg-6b,jmemmgr,3846
jpeg-6b,jutils,452
jpeg-6b,cdjpeg,140
libmspack,mspack/system,854
libmspack,mspack/chmd,4208
libmspack,mspack/hlpc,12
libmspack,mspack/qtmc,0
libmspack,mspack/kwajd,12
libmspack,mspack/chmc,12
libmspack,mspack/litc,12
libmspack,mspack/qtmd,5908
libmspack,mspack/lzxc,0
libmspack,mspack/cabc,12
libmspack,mspack/litd,12
libmspack,mspack/hlpd,12
libmspack,mspack/mszipc,0
libmspack,mspack/lzxd,7316
libmspack,mspack/cabd,7300
libmspack,mspack/mszipd,36
libmspack,mspack/kwajc,12
libmspack,mspack/szddd,12
libmspack,mspack/szddc,12
libmspack,test/cabd_md5,1345
libmspack,test/cabextract_md5,25386
libmspack,test/md5,3624
libmspack,test/chmd_md5,1258
libmspack,test/cabrip,535
libmspack,test/cabd_test,10418
libpng-1.2.5,pngtest,7208
libpng-1.2.5,png2pnm,2941
libpng-1.2.5,pngrtran,20756
libpng-1.2.5,pngrio,329
libpng-1.2.5,pngwtran,1992
libpng-1.2.5,pngget,3140
libpng-1.2.5,pngtrans,2312
libpng-1.2.5,pngread,7526
libpng-1.2.5,pnm2png,3373
libpng-1.2.5,pngerror,1071
libpng-1.2.5,png,2932
libpng-1.2.5,pngwio,361
libpng-1.2.5,pngwrite,6929
libpng-1.2.5,pngpread,6655
libpng-1.2.5,pngwutil,13613
libpng-1.2.5,pngset,6945
libpng-1.2.5,pngrutil,16867
libpng-1.2.5,pngmem,513
linux-2.4.23-pre3-testplatform,arch/testplatform/mm/init,1896
linux-2.4.23-pre3-testplatform,arch/testplatform/mm/ioremap,767
linux-2.4.23-pre3-testplatform,arch/testplatform/mm/fault,462
linux-2.4.23-pre3-testplatform,arch/testplatform/mm/extable,88
linux-2.4.23-pre3-testplatform,arch/testplatform/lib/checksum,8
linux-2.4.23-pre3-testplatform,arch/testplatform/lib/strcmp,8
linux-2.4.23-pre3-testplatform,arch/testplatform/lib/misaligned,144
linux-2.4.23-pre3-testplatform,arch/testplatform/lib/memcpy,8
linux-2.4.23-pre3-testplatform,arch/testplatform/lib/delay,8
linux-2.4.23-pre3-testplatform,arch/testplatform/lib/strncpy,8
linux-2.4.23-pre3-testplatform,arch/testplatform/lib/memset,8
linux-2.4.23-pre3-testplatform,arch/testplatform/lib/uaccess,24
linux-2.4.23-pre3-testplatform,arch/testplatform/kernel/s390_ext,720
linux-2.4.23-pre3-testplatform,arch/testplatform/kernel/sys_s390,1001
linux-2.4.23-pre3-testplatform,arch/testplatform/kernel/cpcmd,4
linux-2.4.23-pre3-testplatform,arch/testplatform/kernel/init_task,9916
linux-2.4.23-pre3-testplatform,arch/testplatform/kernel/signal,3996
linux-2.4.23-pre3-testplatform,arch/testplatform/kernel/ebcdic,1536
linux-2.4.23-pre3-testplatform,arch/testplatform/kernel/entry,36
linux-2.4.23-pre3-testplatform,arch/testplatform/kernel/head,4
linux-2.4.23-pre3-testplatform,arch/testplatform/kernel/ptrace,1568
linux-2.4.23-pre3-testplatform,arch/testplatform/kernel/irq,36
linux-2.4.23-pre3-testplatform,arch/testplatform/kernel/bitmap,3
linux-2.4.23-pre3-testplatform,arch/testplatform/kernel/semaphore,304
linux-2.4.23-pre3-testplatform,arch/testplatform/kernel/time,20
linux-2.4.23-pre3-testplatform,arch/testplatform/kernel/s390fpu,28
linux-2.4.23-pre3-testplatform,arch/testplatform/kernel/debug,4134
linux-2.4.23-pre3-testplatform,arch/testplatform/kernel/needed,32
linux-2.4.23-pre3-testplatform,arch/testplatform/kernel/setup,2244
linux-2.4.23-pre3-testplatform,arch/testplatform/kernel/traps,4190
linux-2.4.23-pre3-testplatform,arch/testplatform/kernel/process,1183
linux-2.4.23-pre3-testplatform,arch/testplatform/kernel/reipl,4
linux-2.4.23-pre3-testplatform,fs/char_dev,447
linux-2.4.23-pre3-testplatform,fs/namespace,4943
linux-2.4.23-pre3-testplatform,fs/xattr,936
linux-2.4.23-pre3-testplatform,fs/attr,826
linux-2.4.23-pre3-testplatform,fs/partitions/msdos,424
linux-2.4.23-pre3-testplatform,fs/partitions/check,1707
linux-2.4.23-pre3-testplatform,fs/exec,4720
linux-2.4.23-pre3-testplatform,fs/locks,8156
linux-2.4.23-pre3-testplatform,fs/iobuf,1095
linux-2.4.23-pre3-testplatform,fs/binfmt_script,472
linux-2.4.23-pre3-testplatform,fs/dnotify,644
linux-2.4.23-pre3-testplatform,fs/fcntl,1758
linux-2.4.23-pre3-testplatform,fs/pipe,2430
linux-2.4.23-pre3-testplatform,fs/quota,3154
linux-2.4.23-pre3-testplatform,fs/nfsd/nfsctl,879
linux-2.4.23-pre3-testplatform,fs/nfsd/vfs,8172
linux-2.4.23-pre3-testplatform,fs/nfsd/nfscache,1895
linux-2.4.23-pre3-testplatform,fs/nfsd/nfssvc,1474
linux-2.4.23-pre3-testplatform,fs/nfsd/stats,44
linux-2.4.23-pre3-testplatform,fs/nfsd/lockd,280
linux-2.4.23-pre3-testplatform,fs/nfsd/auth,144
linux-2.4.23-pre3-testplatform,fs/nfsd/nfsproc,3619
linux-2.4.23-pre3-testplatform,fs/nfsd/export,5225
linux-2.4.23-pre3-testplatform,fs/nfsd/nfsxdr,2312
linux-2.4.23-pre3-testplatform,fs/nfsd/nfs3xdr,5056
linux-2.4.23-pre3-testplatform,fs/nfsd/nfs3proc,3266
linux-2.4.23-pre3-testplatform,fs/nfsd/nfsfh,5082
linux-2.4.23-pre3-testplatform,fs/fifo,760
linux-2.4.23-pre3-testplatform,fs/ramfs/inode,1411
linux-2.4.23-pre3-testplatform,fs/filesystems,0
linux-2.4.23-pre3-testplatform,fs/file_table,1003
linux-2.4.23-pre3-testplatform,fs/block_dev,3821
linux-2.4.23-pre3-testplatform,fs/readdir,1689
linux-2.4.23-pre3-testplatform,fs/binfmt_elf,0
linux-2.4.23-pre3-testplatform,fs/inode,5145
linux-2.4.23-pre3-testplatform,fs/nfs/unlink,820
linux-2.4.23-pre3-testplatform,fs/nfs/symlink,440
linux-2.4.23-pre3-testplatform,fs/nfs/proc,1764
linux-2.4.23-pre3-testplatform,fs/nfs/write,5862
linux-2.4.23-pre3-testplatform,fs/nfs/inode,6692
linux-2.4.23-pre3-testplatform,fs/nfs/file,1080
linux-2.4.23-pre3-testplatform,fs/nfs/dir,4856
linux-2.4.23-pre3-testplatform,fs/nfs/nfs3xdr,5648
linux-2.4.23-pre3-testplatform,fs/nfs/pagelist,2447
linux-2.4.23-pre3-testplatform,fs/nfs/read,2196
linux-2.4.23-pre3-testplatform,fs/nfs/flushd,580
linux-2.4.23-pre3-testplatform,fs/nfs/nfs2xdr,3864
linux-2.4.23-pre3-testplatform,fs/nfs/nfs3proc,3072
linux-2.4.23-pre3-testplatform,fs/devices,998
linux-2.4.23-pre3-testplatform,fs/lockd/svcproc,2944
linux-2.4.23-pre3-testplatform,fs/lockd/svcshare,448
linux-2.4.23-pre3-testplatform,fs/lockd/xdr,3959
linux-2.4.23-pre3-testplatform,fs/lockd/svc4proc,2884
linux-2.4.23-pre3-testplatform,fs/lockd/clntproc,3019
linux-2.4.23-pre3-testplatform,fs/lockd/svcsubs,1291
linux-2.4.23-pre3-testplatform,fs/lockd/mon,1078
linux-2.4.23-pre3-testplatform,fs/lockd/host,1704
linux-2.4.23-pre3-testplatform,fs/lockd/xdr4,3904
linux-2.4.23-pre3-testplatform,fs/lockd/svc,1636
linux-2.4.23-pre3-testplatform,fs/lockd/svclock,2395
linux-2.4.23-pre3-testplatform,fs/lockd/clntlock,1008
linux-2.4.23-pre3-testplatform,fs/lockd/lockd_syms,0
linux-2.4.23-pre3-testplatform,fs/file,757
linux-2.4.23-pre3-testplatform,fs/jbd/commit,4674
linux-2.4.23-pre3-testplatform,fs/jbd/journal,8283
linux-2.4.23-pre3-testplatform,fs/jbd/transaction,10300
linux-2.4.23-pre3-testplatform,fs/jbd/checkpoint,3470
linux-2.4.23-pre3-testplatform,fs/jbd/revoke,2351
linux-2.4.23-pre3-testplatform,fs/jbd/recovery,2230
linux-2.4.23-pre3-testplatform,fs/bad_inode,256
linux-2.4.23-pre3-testplatform,fs/stat,704
linux-2.4.23-pre3-testplatform,fs/open,4000
linux-2.4.23-pre3-testplatform,fs/super,3562
linux-2.4.23-pre3-testplatform,fs/select,2392
linux-2.4.23-pre3-testplatform,fs/seq_file,2332
linux-2.4.23-pre3-testplatform,fs/namei,9613
linux-2.4.23-pre3-testplatform,fs/read_write,2332
linux-2.4.23-pre3-testplatform,fs/ioctl,496
linux-2.4.23-pre3-testplatform,fs/buffer,12353
linux-2.4.23-pre3-testplatform,fs/dcache,4742
linux-2.4.23-pre3-testplatform,fs/ext3/fsync,277
linux-2.4.23-pre3-testplatform,fs/ext3/ialloc,2623
linux-2.4.23-pre3-testplatform,fs/ext3/symlink,112
linux-2.4.23-pre3-testplatform,fs/ext3/inode,10573
linux-2.4.23-pre3-testplatform,fs/ext3/file,372
linux-2.4.23-pre3-testplatform,fs/ext3/balloc,4212
linux-2.4.23-pre3-testplatform,fs/ext3/bitmap,152
linux-2.4.23-pre3-testplatform,fs/ext3/dir,1056
linux-2.4.23-pre3-testplatform,fs/ext3/super,9608
linux-2.4.23-pre3-testplatform,fs/ext3/namei,6611
linux-2.4.23-pre3-testplatform,fs/ext3/ioctl,807
linux-2.4.23-pre3-testplatform,mm/swap,426
linux-2.4.23-pre3-testplatform,mm/vmalloc,2311
linux-2.4.23-pre3-testplatform,mm/numa,908
linux-2.4.23-pre3-testplatform,mm/mmap,5107
linux-2.4.23-pre3-testplatform,mm/mprotect,1954
linux-2.4.23-pre3-testplatform,mm/bootmem,1779
linux-2.4.23-pre3-testplatform,mm/memory,6646
linux-2.4.23-pre3-testplatform,mm/swapfile,7224
linux-2.4.23-pre3-testplatform,mm/shmem,6791
linux-2.4.23-pre3-testplatform,mm/mlock,1468
linux-2.4.23-pre3-testplatform,mm/filemap,13881
linux-2.4.23-pre3-testplatform,mm/page_io,663
linux-2.4.23-pre3-testplatform,mm/page_alloc,4195
linux-2.4.23-pre3-testplatform,mm/slab,3958
linux-2.4.23-pre3-testplatform,mm/swap_state,1163
linux-2.4.23-pre3-testplatform,mm/oom_kill,679
linux-2.4.23-pre3-testplatform,mm/vmscan,2742
linux-2.4.23-pre3-testplatform,mm/mremap,2238
linux-2.4.23-pre3-testplatform,lib/string,884
linux-2.4.23-pre3-testplatform,lib/zlib_inflate/inffast,1030
linux-2.4.23-pre3-testplatform,lib/zlib_inflate/inflate_syms,0
linux-2.4.23-pre3-testplatform,lib/zlib_inflate/inftrees,6801
linux-2.4.23-pre3-testplatform,lib/zlib_inflate/inflate,2914
linux-2.4.23-pre3-testplatform,lib/zlib_inflate/infutil,392
linux-2.4.23-pre3-testplatform,lib/zlib_inflate/infblock,2582
linux-2.4.23-pre3-testplatform,lib/zlib_inflate/infcodes,1646
linux-2.4.23-pre3-testplatform,lib/vsprintf,3825
linux-2.4.23-pre3-testplatform,lib/bust_spinlocks,78
linux-2.4.23-pre3-testplatform,lib/errno,0
linux-2.4.23-pre3-testplatform,lib/brlock,0
linux-2.4.23-pre3-testplatform,lib/zlib_deflate/deflate_syms,0
linux-2.4.23-pre3-testplatform,lib/zlib_deflate/deflate,6176
linux-2.4.23-pre3-testplatform,lib/zlib_deflate/deftree,8464
linux-2.4.23-pre3-testplatform,lib/dec_and_lock,0
linux-2.4.23-pre3-testplatform,lib/cmdline,316
linux-2.4.23-pre3-testplatform,lib/ctype,256
linux-2.4.23-pre3-testplatform,lib/dump_stack,66
linux-2.4.23-pre3-testplatform,lib/rbtree,1116
linux-2.4.23-pre3-testplatform,lib/rwsem-spinlock,624
linux-2.4.23-pre3-testplatform,net/core/sock,4145
linux-2.4.23-pre3-testplatform,net/core/scm,1116
linux-2.4.23-pre3-testplatform,net/core/iovec,1080
linux-2.4.23-pre3-testplatform,net/core/skbuff,6261
linux-2.4.23-pre3-testplatform,net/core/ethtool,2704
linux-2.4.23-pre3-testplatform,net/core/datagram,2055
linux-2.4.23-pre3-testplatform,net/core/utils,277
linux-2.4.23-pre3-testplatform,net/core/dev_mcast,937
linux-2.4.23-pre3-testplatform,net/core/dst,988
linux-2.4.23-pre3-testplatform,net/core/neighbour,8837
linux-2.4.23-pre3-testplatform,net/core/dev,10310
linux-2.4.23-pre3-testplatform,net/core/rtnetlink,3273
linux-2.4.23-pre3-testplatform,net/socket,7232
linux-2.4.23-pre3-testplatform,net/802/p8023,134
linux-2.4.23-pre3-testplatform,net/ethernet/eth,697
linux-2.4.23-pre3-testplatform,net/8021q/vlan,2678
linux-2.4.23-pre3-testplatform,net/8021q/vlanproc,28
linux-2.4.23-pre3-testplatform,net/8021q/vlan_dev,4126
linux-2.4.23-pre3-testplatform,net/sunrpc/xdr,2048
linux-2.4.23-pre3-testplatform,net/sunrpc/auth_null,376
linux-2.4.23-pre3-testplatform,net/sunrpc/timer,184
linux-2.4.23-pre3-testplatform,net/sunrpc/auth,1124
linux-2.4.23-pre3-testplatform,net/sunrpc/clnt,4708
linux-2.4.23-pre3-testplatform,net/sunrpc/svcsock,6016
linux-2.4.23-pre3-testplatform,net/sunrpc/xprt,7137
linux-2.4.23-pre3-testplatform,net/sunrpc/pmap_clnt,849
linux-2.4.23-pre3-testplatform,net/sunrpc/svcauth,708
linux-2.4.23-pre3-testplatform,net/sunrpc/auth_unix,1038
linux-2.4.23-pre3-testplatform,net/sunrpc/sched,4908
linux-2.4.23-pre3-testplatform,net/sunrpc/svc,2361
linux-2.4.23-pre3-testplatform,net/sunrpc/sunrpc_syms,0
linux-2.4.23-pre3-testplatform,net/sched/sch_generic,2606
linux-2.4.23-pre3-testplatform,net/netlink/af_netlink,4844
linux-2.4.23-pre3-testplatform,net/ipv4/tcp_output,9928
linux-2.4.23-pre3-testplatform,net/ipv4/tcp_ipv4,14637
linux-2.4.23-pre3-testplatform,net/ipv4/tcp,17421
linux-2.4.23-pre3-testplatform,net/ipv4/route,12080
linux-2.4.23-pre3-testplatform,net/ipv4/ip_input,959
linux-2.4.23-pre3-testplatform,net/ipv4/sysctl_net_ipv4,0
linux-2.4.23-pre3-testplatform,net/ipv4/ip_options,3766
linux-2.4.23-pre3-testplatform,net/ipv4/tcp_timer,3778
linux-2.4.23-pre3-testplatform,net/ipv4/fib_hash,4133
linux-2.4.23-pre3-testplatform,net/ipv4/icmp,4266
linux-2.4.23-pre3-testplatform,net/ipv4/ip_fragment,3305
linux-2.4.23-pre3-testplatform,net/ipv4/proc,2874
linux-2.4.23-pre3-testplatform,net/ipv4/fib_semantics,3598
linux-2.4.23-pre3-testplatform,net/ipv4/igmp,11794
linux-2.4.23-pre3-testplatform,net/ipv4/fib_frontend,2932
linux-2.4.23-pre3-testplatform,net/ipv4/udp,5804
linux-2.4.23-pre3-testplatform,net/ipv4/af_inet,6053
linux-2.4.23-pre3-testplatform,net/ipv4/utils,108
linux-2.4.23-pre3-testplatform,net/ipv4/inetpeer,2138
linux-2.4.23-pre3-testplatform,net/ipv4/ip_forward,512
linux-2.4.23-pre3-testplatform,net/ipv4/protocol,546
linux-2.4.23-pre3-testplatform,net/ipv4/tcp_diag,3742
linux-2.4.23-pre3-testplatform,net/ipv4/tcp_input,22096
linux-2.4.23-pre3-testplatform,net/ipv4/ip_output,4887
linux-2.4.23-pre3-testplatform,net/ipv4/ip_sockglue,5764
linux-2.4.23-pre3-testplatform,net/ipv4/tcp_minisocks,4811
linux-2.4.23-pre3-testplatform,net/ipv4/raw,3768
linux-2.4.23-pre3-testplatform,net/ipv4/devinet,6271
linux-2.4.23-pre3-testplatform,net/ipv4/arp,5128
linux-2.4.23-pre3-testplatform,init/main,1522
linux-2.4.23-pre3-testplatform,init/do_mounts,3686
linux-2.4.23-pre3-testplatform,init/version,501
linux-2.4.23-pre3-testplatform,drivers/block/genhd,284
linux-2.4.23-pre3-testplatform,drivers/block/blkpg,1248
linux-2.4.23-pre3-testplatform,drivers/block/ll_rw_blk,6069
linux-2.4.23-pre3-testplatform,drivers/block/elevator,836
linux-2.4.23-pre3-testplatform,drivers/net/loopback,416
linux-2.4.23-pre3-testplatform,drivers/net/net_init,795
linux-2.4.23-pre3-testplatform,drivers/net/Space,3496
linux-2.4.23-pre3-testplatform,drivers/net/auto_irq,72
linux-2.4.23-pre3-testplatform,drivers/net/setup,52
linux-2.4.23-pre3-testplatform,drivers/char/n_tty,5203
linux-2.4.23-pre3-testplatform,drivers/char/random,5532
linux-2.4.23-pre3-testplatform,drivers/char/mem,2872
linux-2.4.23-pre3-testplatform,drivers/char/tty_io,11543
linux-2.4.23-pre3-testplatform,drivers/char/pty,1819
linux-2.4.23-pre3-testplatform,drivers/char/tty_ioctl,2059
linux-2.4.23-pre3-testplatform,drivers/char/raw,1588
linux-2.4.23-pre3-testplatform,drivers/char/misc,1036
linux-2.4.23-pre3-testplatform,kernel/sys,4599
linux-2.4.23-pre3-testplatform,kernel/resource,1337
linux-2.4.23-pre3-testplatform,kernel/softirq,1910
linux-2.4.23-pre3-testplatform,kernel/signal,4107
linux-2.4.23-pre3-testplatform,kernel/fork,3645
linux-2.4.23-pre3-testplatform,kernel/acct,8
linux-2.4.23-pre3-testplatform,kernel/itimer,744
linux-2.4.23-pre3-testplatform,kernel/timer,3049
linux-2.4.23-pre3-testplatform,kernel/context,759
linux-2.4.23-pre3-testplatform,kernel/exit,2615
linux-2.4.23-pre3-testplatform,kernel/dma,20
linux-2.4.23-pre3-testplatform,kernel/module,991
linux-2.4.23-pre3-testplatform,kernel/ptrace,1304
linux-2.4.23-pre3-testplatform,kernel/capability,96
linux-2.4.23-pre3-testplatform,kernel/printk,2496
linux-2.4.23-pre3-testplatform,kernel/kmod,812
linux-2.4.23-pre3-testplatform,kernel/exec_domain,855
linux-2.4.23-pre3-testplatform,kernel/sched,4605
linux-2.4.23-pre3-testplatform,kernel/time,1688
linux-2.4.23-pre3-testplatform,kernel/info,336
linux-2.4.23-pre3-testplatform,kernel/user,260
linux-2.4.23-pre3-testplatform,kernel/panic,654
linux-2.4.23-pre3-testplatform,kernel/sysctl,100
linux-2.4.23-pre3-testplatform,ipc/sem,5179
linux-2.4.23-pre3-testplatform,ipc/util,1119
linux-2.4.23-pre3-testplatform,ipc/shm,3447
linux-2.4.23-pre3-testplatform,ipc/msg,2930
lwip-0.5.3.preproc,proj/unixsim/simhost,414
lwip-0.5.3.preproc,proj/unixsim/simnode,382
lwip-0.5.3.preproc,proj/unixsim/apps/fs,39844
lwip-0.5.3.preproc,proj/unixsim/apps/udpecho,172
lwip-0.5.3.preproc,proj/unixsim/apps/shell,9813
lwip-0.5.3.preproc,proj/unixsim/apps/httpd,871
lwip-0.5.3.preproc,proj/unixsim/apps/tcpecho,164
lwip-0.5.3.preproc,proj/unixsim/simrouter,554
lwip-0.5.3.preproc,src/netif/tcpdump,1771
lwip-0.5.3.preproc,src/netif/loopif,140
lwip-0.5.3.preproc,src/netif/arp,1656
lwip-0.5.3.preproc,src/core/tcp_output,3220
lwip-0.5.3.preproc,src/core/sys,472
lwip-0.5.3.preproc,src/core/tcp,3535
lwip-0.5.3.preproc,src/core/pbuf,1760
lwip-0.5.3.preproc,src/core/inet,508
lwip-0.5.3.preproc,src/core/stats,24
lwip-0.5.3.preproc,src/core/udp,1368
lwip-0.5.3.preproc,src/core/mem,1244
lwip-0.5.3.preproc,src/core/memp,896
lwip-0.5.3.preproc,src/core/tcp_input,5776
lwip-0.5.3.preproc,src/core/netif,636
lwip-0.5.3.preproc,src/core/ipv4/ip_addr,4
lwip-0.5.3.preproc,src/core/ipv4/icmp,944
lwip-0.5.3.preproc,src/core/ipv4/ip,1848
lwip-0.5.3.preproc,src/api/err,0
lwip-0.5.3.preproc,src/api/api_msg,2036
lwip-0.5.3.preproc,src/api/api_lib,2536
lwip-0.5.3.preproc,src/api/tcpip,380
lwip-0.5.3.preproc,src/api/sockets,1348
mpeg2dec-0.3.1,libvo/video_out_sdl,845
mpeg2dec-0.3.1,libvo/video_out_pgm,557
mpeg2dec-0.3.1,libvo/video_out_dx,0
mpeg2dec-0.3.1,libvo/video_out_null,252
mpeg2dec-0.3.1,libvo/video_out,150
mpeg2dec-0.3.1,libvo/video_out_x11,0
mpeg2dec-0.3.1,libvo/yuv2rgb,4536
mpeg2dec-0.3.1,libvo/yuv2rgb_mmx,0
mpeg2dec-0.3.1,libvo/yuv2rgb_mlib,0
mpeg2dec-0.3.1,src/getopt,3364
mpeg2dec-0.3.1,src/gettimeofday,0
mpeg2dec-0.3.1,src/extract_mpeg2,3672
mpeg2dec-0.3.1,src/mpeg2dec,5026
mpeg2dec-0.3.1,libmpeg2/idct_alpha,0
mpeg2dec-0.3.1,libmpeg2/cpu_accel,8
mpeg2dec-0.3.1,libmpeg2/motion_comp,6384
mpeg2dec-0.3.1,libmpeg2/motion_comp_alpha,0
mpeg2dec-0.3.1,libmpeg2/cpu_state,4
mpeg2dec-0.3.1,libmpeg2/idct_mmx,0
mpeg2dec-0.3.1,libmpeg2/decode,2248
mpeg2dec-0.3.1,libmpeg2/slice,17036
mpeg2dec-0.3.1,libmpeg2/idct_mlib,0
mpeg2dec-0.3.1,libmpeg2/idct_altivec,0
mpeg2dec-0.3.1,libmpeg2/motion_comp_mlib,0
mpeg2dec-0.3.1,libmpeg2/idct,1716
mpeg2dec-0.3.1,libmpeg2/header,4360
mpeg2dec-0.3.1,libmpeg2/motion_comp_altivec,0
mpeg2dec-0.3.1,libmpeg2/motion_comp_mmx,0
mpeg2dec-0.3.1,libmpeg2/alloc,140
mpgcut-1.1,mpgcut,11639
OpenTCP-1.0.4,bootp/bootp,1564
OpenTCP-1.0.4,system,1356
OpenTCP-1.0.4,tcp,6030
OpenTCP-1.0.4,smtp/smtp_client,2404
OpenTCP-1.0.4,smtp/smtpc_callbacks,44
OpenTCP-1.0.4,dns/dns,1652
OpenTCP-1.0.4,icmp,428
OpenTCP-1.0.4,timers,280
OpenTCP-1.0.4,ethernet,2252
OpenTCP-1.0.4,pop3/pop3_client,4003
OpenTCP-1.0.4,pop3/pop3c_callbacks,36
OpenTCP-1.0.4,ip,2008
OpenTCP-1.0.4,udp,1738
OpenTCP-1.0.4,dhcp/dhcpc,2764
OpenTCP-1.0.4,demo/udp_demo,296
OpenTCP-1.0.4,demo/main_demo,312
OpenTCP-1.0.4,demo/tcp_client_demo,448
OpenTCP-1.0.4,demo/tcp_server_demo,396
OpenTCP-1.0.4,tftp/tftps,980
OpenTCP-1.0.4,http/https_callbacks,668
OpenTCP-1.0.4,http/http_server,1564
OpenTCP-1.0.4,arp,2621
replaypc-0.4.0.preproc,dump-addressbook,505
replaypc-0.4.0.preproc,zipcode,399
replaypc-0.4.0.preproc,dump-guide,498
replaypc-0.4.0.preproc,rddnsclient,1226
replaypc-0.4.0.preproc,headend,1674
replaypc-0.4.0.preproc,ndx-dump,4112
replaypc-0.4.0.preproc,addressbook,727
replaypc-0.4.0.preproc,rtv,904
replaypc-0.4.0.preproc,ndx,533
replaypc-0.4.0.preproc,dump-cg2,507
replaypc-0.4.0.preproc,dump-filedarray,508
replaypc-0.4.0.preproc,un-protect,1294
replaypc-0.4.0.preproc,dump-programset,645
replaypc-0.4.0.preproc,dump-channelset,364
replaypc-0.4.0.preproc,crypt-test,1111
replaypc-0.4.0.preproc,guide,7442
replaypc-0.4.0.preproc,httpfsclient,2154
replaypc-0.4.0.preproc,program,4490
replaypc-0.4.0.preproc,bigfile,188
replaypc-0.4.0.preproc,rtvguide,1662
replaypc-0.4.0.preproc,httpclient,2444
replaypc-0.4.0.preproc,find-GOPs,200
replaypc-0.4.0.preproc,sleep,12
replaypc-0.4.0.preproc,cg,2235
replaypc-0.4.0.preproc,dump-replayshows,306
replaypc-0.4.0.preproc,rddns,541
replaypc-0.4.0.preproc,dump-replaychannels,322
replaypc-0.4.0.preproc,dump-headend,350
replaypc-0.4.0.preproc,channelset,211
replaypc-0.4.0.preproc,crypt,952
replaypc-0.4.0.preproc,mark-commercial,2150
replaypc-0.4.0.preproc,httpfs,6586
replaypc-0.4.0.preproc,filedarray,246
replaypc-0.4.0.preproc,build-ndx,496
replaypc-0.4.0.preproc,version-test,166
replaypc-0.4.0.preproc,dump,1642
replaypc-0.4.0.preproc,dump-zipcode2,298
replaypc-0.4.0.preproc,ReplayPC,4324
replaypc-0.4.0.preproc,guideclient,741
teem-1.6.0-src,src/air/sane,3294
teem-1.6.0-src,src/air/string,1440
teem-1.6.0-src,src/air/754,2083
teem-1.6.0-src,src/air/array,780
teem-1.6.0-src,src/air/parseAir,5362
teem-1.6.0-src,src/air/threadAir,1209
teem-1.6.0-src,src/air/endianAir,1338
teem-1.6.0-src,src/air/dio,1876
teem-1.6.0-src,src/air/enum,880
teem-1.6.0-src,src/air/miscAir,4816
teem-1.6.0-src,src/air/mop,1739
teem-1.6.0-src,src/air/test/doubleprint,698
teem-1.6.0-src,src/air/test/floatprint,708
teem-1.6.0-src,src/air/test/tline,505
teem-1.6.0-src,src/air/test/fp,1866
teem-1.6.0-src,src/air/test/tmop,759
teem-1.6.0-src,src/air/test/tok,350
teem-1.6.0-src,src/limn/hestLimn,1222
teem-1.6.0-src,src/limn/qn,3357
teem-1.6.0-src,src/limn/splineEval,7597
teem-1.6.0-src,src/limn/splineMethods,5651
teem-1.6.0-src,src/limn/renderLimn,3791
teem-1.6.0-src,src/limn/obj,1100
teem-1.6.0-src,src/limn/shapes,4988
teem-1.6.0-src,src/limn/methodsLimn,340
teem-1.6.0-src,src/limn/transform,3961
teem-1.6.0-src,src/limn/cam,6218
teem-1.6.0-src,src/limn/light,1034
teem-1.6.0-src,src/limn/splineMisc,14825
teem-1.6.0-src,src/limn/env,1428
teem-1.6.0-src,src/limn/io,893
teem-1.6.0-src,src/limn/test/soid,4621
teem-1.6.0-src,src/limn/test/tps,3488
teem-1.6.0-src,src/limn/test/tcam,1400
teem-1.6.0-src,src/limn/test/tbc,2072
teem-1.6.0-src,src/limn/test/tcamanim,3959
teem-1.6.0-src,src/limn/test/light,620
teem-1.6.0-src,src/limn/test/map,388
teem-1.6.0-src,src/limn/test/tspline,2469
teem-1.6.0-src,src/limn/defaultsLimn,13
teem-1.6.0-src,src/bane/gkmsFlotsam,3530
teem-1.6.0-src,src/bane/trex,418
teem-1.6.0-src,src/bane/methodsBane,679
teem-1.6.0-src,src/bane/clip,1571
teem-1.6.0-src,src/bane/gkmsHvol,3294
teem-1.6.0-src,src/bane/gkmsScat,1832
teem-1.6.0-src,src/bane/valid,2906
teem-1.6.0-src,src/bane/gkmsMite,1416
teem-1.6.0-src,src/bane/gkmsOpac,3705
teem-1.6.0-src,src/bane/gkmsTxf,3728
teem-1.6.0-src,src/bane/hvol,8489
teem-1.6.0-src,src/bane/scat,921
teem-1.6.0-src,src/bane/measr,1742
teem-1.6.0-src,src/bane/trnsf,5527
teem-1.6.0-src,src/bane/gkmsPvg,3658
teem-1.6.0-src,src/bane/gkmsInfo,1545
teem-1.6.0-src,src/bane/defaultsBane,29
teem-1.6.0-src,src/bane/test/sigma,213
teem-1.6.0-src,src/bane/test/pos,697
teem-1.6.0-src,src/bane/test/tblah,1225
teem-1.6.0-src,src/bane/test/opac,590
teem-1.6.0-src,src/bane/test/tinfo,629
teem-1.6.0-src,src/bane/inc,4393
teem-1.6.0-src,src/bane/rangeBane,1985
teem-1.6.0-src,src/alan/methodsAlan,2776
teem-1.6.0-src,src/alan/coreAlan,5227
teem-1.6.0-src,src/alan/enumsAlan,2480
teem-1.6.0-src,src/alan/test/tspot,1207
teem-1.6.0-src,src/echo/sqd,8913
teem-1.6.0-src,src/echo/set,1032
teem-1.6.0-src,src/echo/renderEcho,5870
teem-1.6.0-src,src/echo/bounds,6879
teem-1.6.0-src,src/echo/matter,492
teem-1.6.0-src,src/echo/methodsEcho,769
teem-1.6.0-src,src/echo/model,1480
teem-1.6.0-src,src/echo/intx,16802
teem-1.6.0-src,src/echo/enumsEcho,13165
teem-1.6.0-src,src/echo/list,1620
teem-1.6.0-src,src/echo/color,10460
teem-1.6.0-src,src/echo/lightEcho,897
teem-1.6.0-src,src/echo/objmethods,1456
teem-1.6.0-src,src/echo/test/test,1182
teem-1.6.0-src,src/echo/test/trend,9101
teem-1.6.0-src,src/nrrd/methodsNrrd,4881
teem-1.6.0-src,src/nrrd/endianNrrd,823
teem-1.6.0-src,src/nrrd/format,704
teem-1.6.0-src,src/nrrd/simple,5399
teem-1.6.0-src,src/nrrd/encodingRaw,2244
teem-1.6.0-src,src/nrrd/encodingGzip,621
teem-1.6.0-src,src/nrrd/range,772
teem-1.6.0-src,src/nrrd/apply1D,9506
teem-1.6.0-src,src/nrrd/histogram,7473
teem-1.6.0-src,src/nrrd/hestNrrd,1335
teem-1.6.0-src,src/nrrd/keyvalue,965
teem-1.6.0-src,src/nrrd/measure,11948
teem-1.6.0-src,src/nrrd/formatPNG,742
teem-1.6.0-src,src/nrrd/encoding,660
teem-1.6.0-src,src/nrrd/winKernel,25944
teem-1.6.0-src,src/nrrd/gzio,0
teem-1.6.0-src,src/nrrd/encodingBzip2,554
teem-1.6.0-src,src/nrrd/reorder,10668
teem-1.6.0-src,src/nrrd/cc,12946
teem-1.6.0-src,src/nrrd/write,4990
teem-1.6.0-src,src/nrrd/comment,583
teem-1.6.0-src,src/nrrd/axis,3824
teem-1.6.0-src,src/nrrd/convertNrrd,3776
teem-1.6.0-src,src/nrrd/tmfKernel,156813
teem-1.6.0-src,src/nrrd/arraysNrrd,2364
teem-1.6.0-src,src/nrrd/formatText,3214
teem-1.6.0-src,src/nrrd/formatNRRD,4272
teem-1.6.0-src,src/nrrd/resampleNrrd,7904
teem-1.6.0-src,src/nrrd/enumsNrrd,86275
teem-1.6.0-src,src/nrrd/subset,3112
teem-1.6.0-src,src/nrrd/kernel,30782
teem-1.6.0-src,src/nrrd/defaultsNrrd,807
teem-1.6.0-src,src/nrrd/filt,7146
teem-1.6.0-src,src/nrrd/map,6223
teem-1.6.0-src,src/nrrd/formatPNM,3479
teem-1.6.0-src,src/nrrd/formatVTK,6439
teem-1.6.0-src,src/nrrd/superset,5492
teem-1.6.0-src,src/nrrd/iter,843
teem-1.6.0-src,src/nrrd/read,3383
teem-1.6.0-src,src/nrrd/encodingAscii,1701
teem-1.6.0-src,src/nrrd/encodingHex,1628
teem-1.6.0-src,src/nrrd/test/tread,348
teem-1.6.0-src,src/nrrd/test/typestest,416
teem-1.6.0-src,src/nrrd/test/minmax,356
teem-1.6.0-src,src/nrrd/test/convo,2405
teem-1.6.0-src,src/nrrd/test/tkernel,2203
teem-1.6.0-src,src/nrrd/test/tline,446
teem-1.6.0-src,src/nrrd/test/trand,201
teem-1.6.0-src,src/nrrd/test/kv,439
teem-1.6.0-src,src/nrrd/test/ax,3429
teem-1.6.0-src,src/nrrd/test/io,489
teem-1.6.0-src,src/nrrd/test/quadvol,2189
teem-1.6.0-src,src/nrrd/test/genvol,2035
teem-1.6.0-src,src/nrrd/ccmethods,1424
teem-1.6.0-src,src/nrrd/parseNrrd,7190
teem-1.6.0-src,src/nrrd/accessors,7863
teem-1.6.0-src,src/nrrd/formatEPS,2793
teem-1.6.0-src,src/nrrd/arith,6807
teem-1.6.0-src,src/hoover/defaultsHoover,19
teem-1.6.0-src,src/hoover/rays,4355
teem-1.6.0-src,src/hoover/stub,80
teem-1.6.0-src,src/hoover/methodsHoover,1958
teem-1.6.0-src,src/hest/methodsHest,2817
teem-1.6.0-src,src/hest/usage,3418
teem-1.6.0-src,src/hest/parseHest,14126
teem-1.6.0-src,src/hest/defaultsHest,12
teem-1.6.0-src,src/hest/test/strings,1211
teem-1.6.0-src,src/hest/test/ex0,537
teem-1.6.0-src,src/hest/test/ex3,1778
teem-1.6.0-src,src/hest/test/bday,1282
teem-1.6.0-src,src/hest/test/ex5,993
teem-1.6.0-src,src/hest/test/ex4,1308
teem-1.6.0-src,src/hest/test/ex2,1196
teem-1.6.0-src,src/hest/test/ex1,1335
teem-1.6.0-src,src/biff/test/test,244
teem-1.6.0-src,src/biff/biff,2803
teem-1.6.0-src,src/ten/tendShrink,1172
teem-1.6.0-src,src/ten/tendSim,1648
teem-1.6.0-src,src/ten/defaultsTen,60
teem-1.6.0-src,src/ten/mod,3737
teem-1.6.0-src,src/ten/tendEvec,2130
teem-1.6.0-src,src/ten/tendMake,1193
teem-1.6.0-src,src/ten/tendPoint,1956
teem-1.6.0-src,src/ten/chan,10201
teem-1.6.0-src,src/ten/tendAnhist,1435
teem-1.6.0-src,src/ten/tendEllipse,3025
teem-1.6.0-src,src/ten/tendSatin,6684
teem-1.6.0-src,src/ten/tendEpireg,5112
teem-1.6.0-src,src/ten/tendEvq,2477
teem-1.6.0-src,src/ten/tendEvaladd,1220
teem-1.6.0-src,src/ten/tendSlice,1293
teem-1.6.0-src,src/ten/tendEvalclamp,1532
teem-1.6.0-src,src/ten/glyph,6127
teem-1.6.0-src,src/ten/tendBmat,1561
teem-1.6.0-src,src/ten/tendAnplot,1913
teem-1.6.0-src,src/ten/tensor,7730
teem-1.6.0-src,src/ten/fiber,5374
teem-1.6.0-src,src/ten/tenGage,4489
teem-1.6.0-src,src/ten/tendSten,1626
teem-1.6.0-src,src/ten/tendFiber,3044
teem-1.6.0-src,src/ten/enumsTen,26181
teem-1.6.0-src,src/ten/tendEval,2092
teem-1.6.0-src,src/ten/tendEvecrgb,2235
teem-1.6.0-src,src/ten/tendEstim,4393
teem-1.6.0-src,src/ten/tendFlotsam,1606
teem-1.6.0-src,src/ten/tendGlyph,7652
teem-1.6.0-src,src/ten/fiberMethods,3201
teem-1.6.0-src,src/ten/miscTen,4389
teem-1.6.0-src,src/ten/tendNorm,1573
teem-1.6.0-src,src/ten/tendAnscale,1667
teem-1.6.0-src,src/ten/tendAnvol,1765
teem-1.6.0-src,src/ten/aniso,4539
teem-1.6.0-src,src/ten/tendEvalpow,1131
teem-1.6.0-src,src/ten/test/tg,3143
teem-1.6.0-src,src/ten/test/tem,1224
teem-1.6.0-src,src/ten/test/tt,3510
teem-1.6.0-src,src/ten/bimod,7073
teem-1.6.0-src,src/ten/tendExpand,1716
teem-1.6.0-src,src/ten/epireg,16651
teem-1.6.0-src,src/moss/hestMoss,1306
teem-1.6.0-src,src/moss/methodsMoss,1288
teem-1.6.0-src,src/moss/sampler,2789
teem-1.6.0-src,src/moss/xform,3898
teem-1.6.0-src,src/moss/defaultsMoss,17
teem-1.6.0-src,src/moss/test/invert,392
teem-1.6.0-src,src/unrrdu/gamma,1642
teem-1.6.0-src,src/unrrdu/ccsettle,1362
teem-1.6.0-src,src/unrrdu/axsplit,1408
teem-1.6.0-src,src/unrrdu/swap,1121
teem-1.6.0-src,src/unrrdu/unquantize,1483
teem-1.6.0-src,src/unrrdu/flotsam,3282
teem-1.6.0-src,src/unrrdu/imap,2894
teem-1.6.0-src,src/unrrdu/jhisto,3097
teem-1.6.0-src,src/unrrdu/join,1760
teem-1.6.0-src,src/unrrdu/data,1508
teem-1.6.0-src,src/unrrdu/block,1370
teem-1.6.0-src,src/unrrdu/cmedian,2924
teem-1.6.0-src,src/unrrdu/ccadj,1429
teem-1.6.0-src,src/unrrdu/inset,1701
teem-1.6.0-src,src/unrrdu/resample,3822
teem-1.6.0-src,src/unrrdu/unblock,1434
teem-1.6.0-src,src/unrrdu/minmax,1414
teem-1.6.0-src,src/unrrdu/project,2201
teem-1.6.0-src,src/unrrdu/head,1782
teem-1.6.0-src,src/unrrdu/permute,1297
teem-1.6.0-src,src/unrrdu/ccmerge,3047
teem-1.6.0-src,src/unrrdu/1op,1999
teem-1.6.0-src,src/unrrdu/ccfind,2077
teem-1.6.0-src,src/unrrdu/lut,2473
teem-1.6.0-src,src/unrrdu/crop,1716
teem-1.6.0-src,src/unrrdu/rmap,2913
teem-1.6.0-src,src/unrrdu/axdelete,1782
teem-1.6.0-src,src/unrrdu/histo,1858
teem-1.6.0-src,src/unrrdu/flip,1082
teem-1.6.0-src,src/unrrdu/convert,1424
teem-1.6.0-src,src/unrrdu/slice,1589
teem-1.6.0-src,src/unrrdu/2op,2574
teem-1.6.0-src,src/unrrdu/dice,2158
teem-1.6.0-src,src/unrrdu/save,3130
teem-1.6.0-src,src/unrrdu/3op,2756
teem-1.6.0-src,src/unrrdu/axinfo,1809
teem-1.6.0-src,src/unrrdu/axmerge,1659
teem-1.6.0-src,src/unrrdu/histax,1679
teem-1.6.0-src,src/unrrdu/pad,2128
teem-1.6.0-src,src/unrrdu/dhisto,1638
teem-1.6.0-src,src/unrrdu/reshape,1258
teem-1.6.0-src,src/unrrdu/shuffle,2032
teem-1.6.0-src,src/unrrdu/axinsert,1397
teem-1.6.0-src,src/unrrdu/splice,1741
teem-1.6.0-src,src/unrrdu/make,7502
teem-1.6.0-src,src/unrrdu/quantize,1930
teem-1.6.0-src,src/unrrdu/about,2887
teem-1.6.0-src,src/unrrdu/heq,2421
teem-1.6.0-src,src/mite/renderMite,1349
teem-1.6.0-src,src/mite/ray,4702
teem-1.6.0-src,src/mite/txf,7919
teem-1.6.0-src,src/mite/thread,350
teem-1.6.0-src,src/mite/user,1015
teem-1.6.0-src,src/mite/defaultsMite,33
teem-1.6.0-src,src/hex/dehex,1431
teem-1.6.0-src,src/hex/enhex,901
teem-1.6.0-src,src/dye/methodsDye,2254
teem-1.6.0-src,src/dye/test/bow,714
teem-1.6.0-src,src/dye/test/conv,476
teem-1.6.0-src,src/dye/convertDye,4452
teem-1.6.0-src,src/gage/sclprint,1065
teem-1.6.0-src,src/gage/vecGage,14568
teem-1.6.0-src,src/gage/sclfilter,12973
teem-1.6.0-src,src/gage/scl,19232
teem-1.6.0-src,src/gage/update,5784
teem-1.6.0-src,src/gage/ctx,5424
teem-1.6.0-src,src/gage/print,7125
teem-1.6.0-src,src/gage/filter,4027
teem-1.6.0-src,src/gage/st,4103
teem-1.6.0-src,src/gage/sclanswer,9485
teem-1.6.0-src,src/gage/vecprint,52
teem-1.6.0-src,src/gage/defaultsGage,53
teem-1.6.0-src,src/gage/pvl,1815
teem-1.6.0-src,src/gage/miscGage,5435
teem-1.6.0-src,src/gage/shape,3828
teem-1.6.0-src,src/ell/miscEll,1251
teem-1.6.0-src,src/ell/genmat,3971
teem-1.6.0-src,src/ell/vecEll,2088
teem-1.6.0-src,src/ell/eigen,5856
teem-1.6.0-src,src/ell/quat,21166
teem-1.6.0-src,src/ell/cubicEll,2828
teem-1.6.0-src,src/ell/mat,34260
teem-1.6.0-src,src/ell/test/sort3,878
teem-1.6.0-src,src/ell/test/invert,857
teem-1.6.0-src,src/ell/test/tq,7607
ttt-0.10.1.preproc,src/engine,2276
ttt-0.10.1.preproc,src/parse,1447
ttt-0.10.1.preproc,src/main,1369
ttt-0.10.1.preproc,src/util,1988
ttt-0.10.1.preproc,src/ttt,5945
ttt-0.10.1.preproc,src/connect4,3997
unrarlib-0.4.0,samples/unix/getfile/getfile,837
unrarlib-0.4.0,samples/unix/listarchive/listarchive,1038
unrarlib-0.4.0,unrarlib/unrarlib,12976
zlib-1.1.4,compress,182
zlib-1.1.4,crc32,1320
zlib-1.1.4,zutil,215
zlib-1.1.4,inffast,1094
zlib-1.1.4,uncompr,150
zlib-1.1.4,adler32,372
zlib-1.1.4,deflate,6677
zlib-1.1.4,inftrees,6964
zlib-1.1.4,gzio,4067
zlib-1.1.4,trees,9580
zlib-1.1.4,inflate,2243
zlib-1.1.4,infutil,392
zlib-1.1.4,infblock,2970
zlib-1.1.4,infcodes,1698
