size
"2",,"","","","","arm-none-eabi-gcc (GCC) 4.6.4"
"","-Os -std=gnu89 -marm -mcpu=arm966e-s -mno-thumb-interwork"
bzip2-1.0.2,compress,10071
bzip2-1.0.2,huffman,1664
bzip2-1.0.2,blocksort,7463
bzip2-1.0.2,crctable,1024
bzip2-1.0.2,decompress,10459
bzip2-1.0.2,bzip2,18733
bzip2-1.0.2,randtable,2048
bzip2-1.0.2,bzip2recover,4013
bzip2-1.0.2,bzlib,11983
cg_compiler_opensrc,cpp,7662
cg_compiler_opensrc,parser,16091
cg_compiler_opensrc,atom,3700
cg_compiler_opensrc,constfold,4724
cg_compiler_opensrc,printutils,10963
cg_compiler_opensrc,cgstruct,156
cg_compiler_opensrc,binding,1751
cg_compiler_opensrc,symbols,7277
cg_compiler_opensrc,compile,14614
cg_compiler_opensrc,memory,592
cg_compiler_opensrc,tokenize,690
cg_compiler_opensrc,inline,3046
cg_compiler_opensrc,semantic,4922
cg_compiler_opensrc,scanner,6919
cg_compiler_opensrc,stdlib,3222
cg_compiler_opensrc,support,26811
cg_compiler_opensrc,check,3765
cg_compiler_opensrc,tokens,3201
cg_compiler_opensrc,cgcmain,2543
cg_compiler_opensrc,support_iter,2382
cg_compiler_opensrc,hal,3051
cg_compiler_opensrc,generic_hal,2631
compiler,main,2654
compiler,parser,4868
compiler,scanner,3759
compiler,cg,3055
compiler,vam,4212
compiler,vas,6810
flex-2.5.31,parse,9390
flex-2.5.31,skel,94034
flex-2.5.31,tables,2281
flex-2.5.31,libmain,20
flex-2.5.31,regex,643
flex-2.5.31,main,22098
flex-2.5.31,ecs,648
flex-2.5.31,scan,48440
flex-2.5.31,tblcmp,4076
flex-2.5.31,sym,987
flex-2.5.31,ccl,1404
flex-2.5.31,yylex,1400
flex-2.5.31,nfa,4084
flex-2.5.31,filter,2413
flex-2.5.31,buf,1071
flex-2.5.31,gen,24938
flex-2.5.31,tables_shared,36
flex-2.5.31,options,2610
flex-2.5.31,libyywrap,8
flex-2.5.31,dfa,8202
flex-2.5.31,scanopt,4002
flex-2.5.31,misc,6322
jikespg-1.3,src/ctabs,50332
jikespg-1.3,src/main,6659
jikespg-1.3,src/mkfirst,16260
jikespg-1.3,src/mkstates,3242
jikespg-1.3,src/spacetab,22304
jikespg-1.3,src/partset,1956
jikespg-1.3,src/tabutil,14494
jikespg-1.3,src/prntstat,3668
jikespg-1.3,src/lpgparse,49965
jikespg-1.3,src/timetab,10796
jikespg-1.3,src/remsp,8998
jikespg-1.3,src/globals,268
jikespg-1.3,src/resolve,13912
jikespg-1.3,src/mkred,7736
jikespg-1.3,src/produce,12749
jikespg-1.3,src/ptables,3787
jikespg-1.3,src/lpgutil,5307
jpeg-6b,wrjpgcom,4007
jpeg-6b,jcdctmgr,1656
jpeg-6b,jddctmgr,940
jpeg-6b,jerror,5658
jpeg-6b,jdmainct,1904
jpeg-6b,jidctfst,1088
jpeg-6b,jfdctfst,544
jpeg-6b,jfdctint,736
jpeg-6b,jidctint,1376
jpeg-6b,jdmarker,7488
jpeg-6b,rdgif,93
jpeg-6b,jctrans,1732
jpeg-6b,djpeg,6615
jpeg-6b,jdapistd,1204
jpeg-6b,wrrle,0
jpeg-6b,jdtrans,436
jpeg-6b,jccolor,1736
jpeg-6b,cjpeg,6053
jpeg-6b,wrgif,4164
jpeg-6b,jcparam,3672
jpeg-6b,jchuff,4056
jpeg-6b,jdcolor,1480
jpeg-6b,jcomapi,184
jpeg-6b,jdphuff,3564
jpeg-6b,jccoefct,2232
jpeg-6b,jcapimin,1056
jpeg-6b,rdcolmap,1640
jpeg-6b,jdpostct,1008
jpeg-6b,transupp,6120
jpeg-6b,jdhuff,3196
jpeg-6b,wrtarga,1312
jpeg-6b,jcsample,2556
jpeg-6b,jdatasrc,416
jpeg-6b,jcmainct,484
jpeg-6b,wrbmp,3764
jpeg-6b,rdbmp,2508
jpeg-6b,jcinit,224
jpeg-6b,rdrle,0
jpeg-6b,jquant2,5512
jpeg-6b,jdinput,1564
jpeg-6b,rdjpgcom,2643
jpeg-6b,jdsample,1996
jpeg-6b,jdmaster,2232
jpeg-6b,ansi2knr,3120
jpeg-6b,jdmerge,1696
jpeg-6b,jdatadst,356
jpeg-6b,jcmaster,3344
jpeg-6b,jcapistd,652
jpeg-6b,jcprepct,1592
jpeg-6b,jpegtran,4164
jpeg-6b,jidctflt,1628
jpeg-6b,jmemnobs,80
jpeg-6b,rdswitch,2400
jpeg-6b,wrppm,770
jpeg-6b,jidctred,1440
jpeg-6b,rdppm,2164
jpeg-6b,jdcoefct,4032
jpeg-6b,jquant1,3576
jpeg-6b,jfdctflt,1140
jpeg-6b,jdapimin,1412
jpeg-6b,jcmarker,2304
jpeg-6b,rdtarga,2212
jpeg-6b,jcphuff,3352
jpeg-6b,jmemmgr,3766
jpeg-6b,jutils,456
jpeg-6b,cdjpeg,152
libmspack,mspack/system,870
libmspack,mspack/chmd,4580
libmspack,mspack/hlpc,12
libmspack,mspack/qtmc,0
libmspack,mspack/kwajd,12
libmspack,mspack/chmc,12
libmspack,mspack/litc,12
libmspack,mspack/qtmd,6248
libmspack,mspack/lzxc,0
libmspack,mspack/cabc,12
libmspack,mspack/litd,12
libmspack,mspack/hlpd,12
libmspack,mspack/mszipc,0
libmspack,mspack/lzxd,7516
libmspack,mspack/cabd,7392
libmspack,mspack/mszipd,44
libmspack,mspack/kwajc,12
libmspack,mspack/szddd,12
libmspack,mspack/szddc,12
libmspack,test/cabd_md5,1385
libmspack,test/cabextract_md5,26734
libmspack,test/md5,3632
libmspack,test/chmd_md5,1198
libmspack,test/cabrip,531
libmspack,test/cabd_test,11360
libpng-1.2.5,pngtest,7240
libpng-1.2.5,png2pnm,3001
libpng-1.2.5,pngrtran,21496
libpng-1.2.5,pngrio,341
libpng-1.2.5,pngwtran,2012
libpng-1.2.5,pngget,3244
libpng-1.2.5,pngtrans,2396
libpng-1.2.5,pngread,7602
libpng-1.2.5,pnm2png,3421
libpng-1.2.5,pngerror,1091
libpng-1.2.5,png,2909
libpng-1.2.5,pngwio,389
libpng-1.2.5,pngwrite,6965
libpng-1.2.5,pngpread,6739
libpng-1.2.5,pngwutil,13697
libpng-1.2.5,pngset,6977
libpng-1.2.5,pngrutil,16975
libpng-1.2.5,pngmem,553
linux-2.4.23-pre3-testplatform,arch/testplatform/mm/init,3031
linux-2.4.23-pre3-testplatform,arch/testplatform/mm/ioremap,723
linux-2.4.23-pre3-testplatform,arch/testplatform/mm/fault,4212
linux-2.4.23-pre3-testplatform,arch/testplatform/mm/extable,88
linux-2.4.23-pre3-testplatform,arch/testplatform/lib/checksum,8
linux-2.4.23-pre3-testplatform,arch/testplatform/lib/strcmp,8
linux-2.4.23-pre3-testplatform,arch/testplatform/lib/misaligned,144
linux-2.4.23-pre3-testplatform,arch/testplatform/lib/memcpy,8
linux-2.4.23-pre3-testplatform,arch/testplatform/lib/delay,8
linux-2.4.23-pre3-testplatform,arch/testplatform/lib/strncpy,8
linux-2.4.23-pre3-testplatform,arch/testplatform/lib/memset,8
linux-2.4.23-pre3-testplatform,arch/testplatform/lib/uaccess,24
linux-2.4.23-pre3-testplatform,arch/testplatform/kernel/s390_ext,728
linux-2.4.23-pre3-testplatform,arch/testplatform/kernel/sys_s390,1005
linux-2.4.23-pre3-testplatform,arch/testplatform/kernel/cpcmd,4
linux-2.4.23-pre3-testplatform,arch/testplatform/kernel/init_task,16384
linux-2.4.23-pre3-testplatform,arch/testplatform/kernel/signal,4116
linux-2.4.23-pre3-testplatform,arch/testplatform/kernel/ebcdic,1536
linux-2.4.23-pre3-testplatform,arch/testplatform/kernel/entry,36
linux-2.4.23-pre3-testplatform,arch/testplatform/kernel/head,4
linux-2.4.23-pre3-testplatform,arch/testplatform/kernel/ptrace,1624
linux-2.4.23-pre3-testplatform,arch/testplatform/kernel/irq,36
linux-2.4.23-pre3-testplatform,arch/testplatform/kernel/bitmap,3
linux-2.4.23-pre3-testplatform,arch/testplatform/kernel/semaphore,304
linux-2.4.23-pre3-testplatform,arch/testplatform/kernel/time,20
linux-2.4.23-pre3-testplatform,arch/testplatform/kernel/s390fpu,28
linux-2.4.23-pre3-testplatform,arch/testplatform/kernel/debug,4142
linux-2.4.23-pre3-testplatform,arch/testplatform/kernel/needed,32
linux-2.4.23-pre3-testplatform,arch/testplatform/kernel/setup,2794
linux-2.4.23-pre3-testplatform,arch/testplatform/kernel/traps,6286
linux-2.4.23-pre3-testplatform,arch/testplatform/kernel/process,1227
linux-2.4.23-pre3-testplatform,arch/testplatform/kernel/reipl,4
linux-2.4.23-pre3-testplatform,fs/char_dev,443
linux-2.4.23-pre3-testplatform,fs/namespace,4899
linux-2.4.23-pre3-testplatform,fs/xattr,924
linux-2.4.23-pre3-testplatform,fs/attr,842
linux-2.4.23-pre3-testplatform,fs/partitions/msdos,412
linux-2.4.23-pre3-testplatform,fs/partitions/check,1739
linux-2.4.23-pre3-testplatform,fs/exec,4772
linux-2.4.23-pre3-testplatform,fs/locks,8172
linux-2.4.23-pre3-testplatform,fs/iobuf,1079
linux-2.4.23-pre3-testplatform,fs/binfmt_script,468
linux-2.4.23-pre3-testplatform,fs/dnotify,652
linux-2.4.23-pre3-testplatform,fs/fcntl,1766
linux-2.4.23-pre3-testplatform,fs/pipe,2944
linux-2.4.23-pre3-testplatform,fs/quota,3010
linux-2.4.23-pre3-testplatform,fs/nfsd/nfsctl,955
linux-2.4.23-pre3-testplatform,fs/nfsd/vfs,8036
linux-2.4.23-pre3-testplatform,fs/nfsd/nfscache,1963
linux-2.4.23-pre3-testplatform,fs/nfsd/nfssvc,1478
linux-2.4.23-pre3-testplatform,fs/nfsd/stats,44
linux-2.4.23-pre3-testplatform,fs/nfsd/lockd,280
linux-2.4.23-pre3-testplatform,fs/nfsd/auth,144
linux-2.4.23-pre3-testplatform,fs/nfsd/nfsproc,3563
linux-2.4.23-pre3-testplatform,fs/nfsd/export,5449
linux-2.4.23-pre3-testplatform,fs/nfsd/nfsxdr,2304
linux-2.4.23-pre3-testplatform,fs/nfsd/nfs3xdr,5032
linux-2.4.23-pre3-testplatform,fs/nfsd/nfs3proc,3262
linux-2.4.23-pre3-testplatform,fs/nfsd/nfsfh,5082
linux-2.4.23-pre3-testplatform,fs/fifo,768
linux-2.4.23-pre3-testplatform,fs/ramfs/inode,1419
linux-2.4.23-pre3-testplatform,fs/filesystems,0
linux-2.4.23-pre3-testplatform,fs/file_table,1003
linux-2.4.23-pre3-testplatform,fs/block_dev,3901
linux-2.4.23-pre3-testplatform,fs/readdir,1729
linux-2.4.23-pre3-testplatform,fs/binfmt_elf,0
linux-2.4.23-pre3-testplatform,fs/inode,5041
linux-2.4.23-pre3-testplatform,fs/nfs/unlink,816
linux-2.4.23-pre3-testplatform,fs/nfs/symlink,432
linux-2.4.23-pre3-testplatform,fs/nfs/proc,1816
linux-2.4.23-pre3-testplatform,fs/nfs/write,6014
linux-2.4.23-pre3-testplatform,fs/nfs/inode,6896
linux-2.4.23-pre3-testplatform,fs/nfs/file,1064
linux-2.4.23-pre3-testplatform,fs/nfs/dir,4860
linux-2.4.23-pre3-testplatform,fs/nfs/nfs3xdr,5544
linux-2.4.23-pre3-testplatform,fs/nfs/pagelist,2507
linux-2.4.23-pre3-testplatform,fs/nfs/read,2304
linux-2.4.23-pre3-testplatform,fs/nfs/flushd,584
linux-2.4.23-pre3-testplatform,fs/nfs/nfs2xdr,3868
linux-2.4.23-pre3-testplatform,fs/nfs/nfs3proc,3108
linux-2.4.23-pre3-testplatform,fs/devices,998
linux-2.4.23-pre3-testplatform,fs/lockd/svcproc,2900
linux-2.4.23-pre3-testplatform,fs/lockd/svcshare,452
linux-2.4.23-pre3-testplatform,fs/lockd/xdr,3947
linux-2.4.23-pre3-testplatform,fs/lockd/svc4proc,2852
linux-2.4.23-pre3-testplatform,fs/lockd/clntproc,2979
linux-2.4.23-pre3-testplatform,fs/lockd/svcsubs,1263
linux-2.4.23-pre3-testplatform,fs/lockd/mon,1094
linux-2.4.23-pre3-testplatform,fs/lockd/host,1700
linux-2.4.23-pre3-testplatform,fs/lockd/xdr4,3864
linux-2.4.23-pre3-testplatform,fs/lockd/svc,1632
linux-2.4.23-pre3-testplatform,fs/lockd/svclock,2527
linux-2.4.23-pre3-testplatform,fs/lockd/clntlock,964
linux-2.4.23-pre3-testplatform,fs/lockd/lockd_syms,0
linux-2.4.23-pre3-testplatform,fs/file,749
linux-2.4.23-pre3-testplatform,fs/jbd/commit,4542
linux-2.4.23-pre3-testplatform,fs/jbd/journal,8239
linux-2.4.23-pre3-testplatform,fs/jbd/transaction,10184
linux-2.4.23-pre3-testplatform,fs/jbd/checkpoint,3470
linux-2.4.23-pre3-testplatform,fs/jbd/revoke,2339
linux-2.4.23-pre3-testplatform,fs/jbd/recovery,2238
linux-2.4.23-pre3-testplatform,fs/bad_inode,256
linux-2.4.23-pre3-testplatform,fs/stat,712
linux-2.4.23-pre3-testplatform,fs/open,4028
linux-2.4.23-pre3-testplatform,fs/super,3510
linux-2.4.23-pre3-testplatform,fs/select,2424
linux-2.4.23-pre3-testplatform,fs/seq_file,2328
linux-2.4.23-pre3-testplatform,fs/namei,9649
linux-2.4.23-pre3-testplatform,fs/read_write,2324
linux-2.4.23-pre3-testplatform,fs/ioctl,504
linux-2.4.23-pre3-testplatform,fs/buffer,12413
linux-2.4.23-pre3-testplatform,fs/dcache,4686
linux-2.4.23-pre3-testplatform,fs/ext3/fsync,273
linux-2.4.23-pre3-testplatform,fs/ext3/ialloc,2711
linux-2.4.23-pre3-testplatform,fs/ext3/symlink,108
linux-2.4.23-pre3-testplatform,fs/ext3/inode,10825
linux-2.4.23-pre3-testplatform,fs/ext3/file,364
linux-2.4.23-pre3-testplatform,fs/ext3/balloc,4444
linux-2.4.23-pre3-testplatform,fs/ext3/bitmap,152
linux-2.4.23-pre3-testplatform,fs/ext3/dir,1072
linux-2.4.23-pre3-testplatform,fs/ext3/super,9630
linux-2.4.23-pre3-testplatform,fs/ext3/namei,6651
linux-2.4.23-pre3-testplatform,fs/ext3/ioctl,827
linux-2.4.23-pre3-testplatform,mm/swap,522
linux-2.4.23-pre3-testplatform,mm/vmalloc,2243
linux-2.4.23-pre3-testplatform,mm/numa,904
linux-2.4.23-pre3-testplatform,mm/mmap,4955
linux-2.4.23-pre3-testplatform,mm/mprotect,1962
linux-2.4.23-pre3-testplatform,mm/bootmem,1743
linux-2.4.23-pre3-testplatform,mm/memory,8014
linux-2.4.23-pre3-testplatform,mm/swapfile,7252
linux-2.4.23-pre3-testplatform,mm/shmem,7199
linux-2.4.23-pre3-testplatform,mm/mlock,1444
linux-2.4.23-pre3-testplatform,mm/filemap,13941
linux-2.4.23-pre3-testplatform,mm/page_io,659
linux-2.4.23-pre3-testplatform,mm/page_alloc,4367
linux-2.4.23-pre3-testplatform,mm/slab,3934
linux-2.4.23-pre3-testplatform,mm/swap_state,1131
linux-2.4.23-pre3-testplatform,mm/oom_kill,671
linux-2.4.23-pre3-testplatform,mm/vmscan,2674
linux-2.4.23-pre3-testplatform,mm/mremap,2142
linux-2.4.23-pre3-testplatform,lib/string,916
linux-2.4.23-pre3-testplatform,lib/zlib_inflate/inffast,1038
linux-2.4.23-pre3-testplatform,lib/zlib_inflate/inflate_syms,0
linux-2.4.23-pre3-testplatform,lib/zlib_inflate/inftrees,6889
linux-2.4.23-pre3-testplatform,lib/zlib_inflate/inflate,2886
linux-2.4.23-pre3-testplatform,lib/zlib_inflate/infutil,392
linux-2.4.23-pre3-testplatform,lib/zlib_inflate/infblock,3118
linux-2.4.23-pre3-testplatform,lib/zlib_inflate/infcodes,2086
linux-2.4.23-pre3-testplatform,lib/vsprintf,3893
linux-2.4.23-pre3-testplatform,lib/bust_spinlocks,74
linux-2.4.23-pre3-testplatform,lib/errno,0
linux-2.4.23-pre3-testplatform,lib/brlock,0
linux-2.4.23-pre3-testplatform,lib/zlib_deflate/deflate_syms,0
linux-2.4.23-pre3-testplatform,lib/zlib_deflate/deflate,6356
linux-2.4.23-pre3-testplatform,lib/zlib_deflate/deftree,8900
linux-2.4.23-pre3-testplatform,lib/dec_and_lock,0
linux-2.4.23-pre3-testplatform,lib/cmdline,316
linux-2.4.23-pre3-testplatform,lib/ctype,256
linux-2.4.23-pre3-testplatform,lib/dump_stack,66
linux-2.4.23-pre3-testplatform,lib/rbtree,1120
linux-2.4.23-pre3-testplatform,lib/rwsem-spinlock,624
linux-2.4.23-pre3-testplatform,net/core/sock,4173
linux-2.4.23-pre3-testplatform,net/core/scm,1152
linux-2.4.23-pre3-testplatform,net/core/iovec,1068
linux-2.4.23-pre3-testplatform,net/core/skbuff,6281
linux-2.4.23-pre3-testplatform,net/core/ethtool,2728
linux-2.4.23-pre3-testplatform,net/core/datagram,2067
linux-2.4.23-pre3-testplatform,net/core/utils,289
linux-2.4.23-pre3-testplatform,net/core/dev_mcast,993
linux-2.4.23-pre3-testplatform,net/core/dst,992
linux-2.4.23-pre3-testplatform,net/core/neighbour,9041
linux-2.4.23-pre3-testplatform,net/core/dev,10602
linux-2.4.23-pre3-testplatform,net/core/rtnetlink,3293
linux-2.4.23-pre3-testplatform,net/socket,7246
linux-2.4.23-pre3-testplatform,net/802/p8023,130
linux-2.4.23-pre3-testplatform,net/ethernet/eth,693
linux-2.4.23-pre3-testplatform,net/8021q/vlan,2706
linux-2.4.23-pre3-testplatform,net/8021q/vlanproc,28
linux-2.4.23-pre3-testplatform,net/8021q/vlan_dev,4198
linux-2.4.23-pre3-testplatform,net/sunrpc/xdr,2000
linux-2.4.23-pre3-testplatform,net/sunrpc/auth_null,392
linux-2.4.23-pre3-testplatform,net/sunrpc/timer,204
linux-2.4.23-pre3-testplatform,net/sunrpc/auth,1164
linux-2.4.23-pre3-testplatform,net/sunrpc/clnt,4580
linux-2.4.23-pre3-testplatform,net/sunrpc/svcsock,6220
linux-2.4.23-pre3-testplatform,net/sunrpc/xprt,7353
linux-2.4.23-pre3-testplatform,net/sunrpc/pmap_clnt,845
linux-2.4.23-pre3-testplatform,net/sunrpc/svcauth,668
linux-2.4.23-pre3-testplatform,net/sunrpc/auth_unix,1062
linux-2.4.23-pre3-testplatform,net/sunrpc/sched,5124
linux-2.4.23-pre3-testplatform,net/sunrpc/svc,2285
linux-2.4.23-pre3-testplatform,net/sunrpc/sunrpc_syms,0
linux-2.4.23-pre3-testplatform,net/sched/sch_generic,2738
linux-2.4.23-pre3-testplatform,net/netlink/af_netlink,4884
linux-2.4.23-pre3-testplatform,net/ipv4/tcp_output,10020
linux-2.4.23-pre3-testplatform,net/ipv4/tcp_ipv4,14813
linux-2.4.23-pre3-testplatform,net/ipv4/tcp,17725
linux-2.4.23-pre3-testplatform,net/ipv4/route,12308
linux-2.4.23-pre3-testplatform,net/ipv4/ip_input,911
linux-2.4.23-pre3-testplatform,net/ipv4/sysctl_net_ipv4,0
linux-2.4.23-pre3-testplatform,net/ipv4/ip_options,3902
linux-2.4.23-pre3-testplatform,net/ipv4/tcp_timer,3926
linux-2.4.23-pre3-testplatform,net/ipv4/fib_hash,4285
linux-2.4.23-pre3-testplatform,net/ipv4/icmp,4262
linux-2.4.23-pre3-testplatform,net/ipv4/ip_fragment,3313
linux-2.4.23-pre3-testplatform,net/ipv4/proc,2806
linux-2.4.23-pre3-testplatform,net/ipv4/fib_semantics,3694
linux-2.4.23-pre3-testplatform,net/ipv4/igmp,11870
linux-2.4.23-pre3-testplatform,net/ipv4/fib_frontend,2908
linux-2.4.23-pre3-testplatform,net/ipv4/udp,5812
linux-2.4.23-pre3-testplatform,net/ipv4/af_inet,6169
linux-2.4.23-pre3-testplatform,net/ipv4/utils,104
linux-2.4.23-pre3-testplatform,net/ipv4/inetpeer,2254
linux-2.4.23-pre3-testplatform,net/ipv4/ip_forward,532
linux-2.4.23-pre3-testplatform,net/ipv4/protocol,606
linux-2.4.23-pre3-testplatform,net/ipv4/tcp_diag,3794
linux-2.4.23-pre3-testplatform,net/ipv4/tcp_input,22612
linux-2.4.23-pre3-testplatform,net/ipv4/ip_output,4895
linux-2.4.23-pre3-testplatform,net/ipv4/ip_sockglue,5916
linux-2.4.23-pre3-testplatform,net/ipv4/tcp_minisocks,4879
linux-2.4.23-pre3-testplatform,net/ipv4/raw,3724
linux-2.4.23-pre3-testplatform,net/ipv4/devinet,6163
linux-2.4.23-pre3-testplatform,net/ipv4/arp,5084
linux-2.4.23-pre3-testplatform,init/main,1603
linux-2.4.23-pre3-testplatform,init/do_mounts,3738
linux-2.4.23-pre3-testplatform,init/version,502
linux-2.4.23-pre3-testplatform,drivers/block/genhd,280
linux-2.4.23-pre3-testplatform,drivers/block/blkpg,1272
linux-2.4.23-pre3-testplatform,drivers/block/ll_rw_blk,6205
linux-2.4.23-pre3-testplatform,drivers/block/elevator,860
linux-2.4.23-pre3-testplatform,drivers/net/loopback,416
linux-2.4.23-pre3-testplatform,drivers/net/net_init,811
linux-2.4.23-pre3-testplatform,drivers/net/Space,3480
linux-2.4.23-pre3-testplatform,drivers/net/auto_irq,72
linux-2.4.23-pre3-testplatform,drivers/net/setup,48
linux-2.4.23-pre3-testplatform,drivers/char/n_tty,5299
linux-2.4.23-pre3-testplatform,drivers/char/random,5600
linux-2.4.23-pre3-testplatform,drivers/char/mem,2880
linux-2.4.23-pre3-testplatform,drivers/char/tty_io,11569
linux-2.4.23-pre3-testplatform,drivers/char/pty,1843
linux-2.4.23-pre3-testplatform,drivers/char/tty_ioctl,2091
linux-2.4.23-pre3-testplatform,drivers/char/raw,1608
linux-2.4.23-pre3-testplatform,drivers/char/misc,1116
linux-2.4.23-pre3-testplatform,kernel/sys,4659
linux-2.4.23-pre3-testplatform,kernel/resource,1277
linux-2.4.23-pre3-testplatform,kernel/softirq,1926
linux-2.4.23-pre3-testplatform,kernel/signal,4199
linux-2.4.23-pre3-testplatform,kernel/fork,4445
linux-2.4.23-pre3-testplatform,kernel/acct,8
linux-2.4.23-pre3-testplatform,kernel/itimer,676
linux-2.4.23-pre3-testplatform,kernel/timer,3213
linux-2.4.23-pre3-testplatform,kernel/context,755
linux-2.4.23-pre3-testplatform,kernel/exit,2651
linux-2.4.23-pre3-testplatform,kernel/dma,20
linux-2.4.23-pre3-testplatform,kernel/module,967
linux-2.4.23-pre3-testplatform,kernel/ptrace,1320
linux-2.4.23-pre3-testplatform,kernel/capability,92
linux-2.4.23-pre3-testplatform,kernel/printk,2488
linux-2.4.23-pre3-testplatform,kernel/kmod,844
linux-2.4.23-pre3-testplatform,kernel/exec_domain,863
linux-2.4.23-pre3-testplatform,kernel/sched,4439
linux-2.4.23-pre3-testplatform,kernel/time,1700
linux-2.4.23-pre3-testplatform,kernel/info,328
linux-2.4.23-pre3-testplatform,kernel/user,300
linux-2.4.23-pre3-testplatform,kernel/panic,650
linux-2.4.23-pre3-testplatform,kernel/sysctl,100
linux-2.4.23-pre3-testplatform,ipc/sem,5355
linux-2.4.23-pre3-testplatform,ipc/util,1139
linux-2.4.23-pre3-testplatform,ipc/shm,3411
linux-2.4.23-pre3-testplatform,ipc/msg,2906
lwip-0.5.3.preproc,proj/unixsim/simhost,414
lwip-0.5.3.preproc,proj/unixsim/simnode,382
lwip-0.5.3.preproc,proj/unixsim/apps/fs,39857
lwip-0.5.3.preproc,proj/unixsim/apps/udpecho,164
lwip-0.5.3.preproc,proj/unixsim/apps/shell,10013
lwip-0.5.3.preproc,proj/unixsim/apps/httpd,879
lwip-0.5.3.preproc,proj/unixsim/apps/tcpecho,160
lwip-0.5.3.preproc,proj/unixsim/simrouter,554
lwip-0.5.3.preproc,src/netif/tcpdump,1803
lwip-0.5.3.preproc,src/netif/loopif,148
lwip-0.5.3.preproc,src/netif/arp,1640
lwip-0.5.3.preproc,src/core/tcp_output,3172
lwip-0.5.3.preproc,src/core/sys,476
lwip-0.5.3.preproc,src/core/tcp,3469
lwip-0.5.3.preproc,src/core/pbuf,1824
lwip-0.5.3.preproc,src/core/inet,520
lwip-0.5.3.preproc,src/core/stats,24
lwip-0.5.3.preproc,src/core/udp,1380
lwip-0.5.3.preproc,src/core/mem,1252
lwip-0.5.3.preproc,src/core/memp,920
lwip-0.5.3.preproc,src/core/tcp_input,5704
lwip-0.5.3.preproc,src/core/netif,592
lwip-0.5.3.preproc,src/core/ipv4/ip_addr,4
lwip-0.5.3.preproc,src/core/ipv4/icmp,928
lwip-0.5.3.preproc,src/core/ipv4/ip,1892
lwip-0.5.3.preproc,src/api/err,0
lwip-0.5.3.preproc,src/api/api_msg,2056
lwip-0.5.3.preproc,src/api/api_lib,2560
lwip-0.5.3.preproc,src/api/tcpip,392
lwip-0.5.3.preproc,src/api/sockets,1376
mpeg2dec-0.3.1,libvo/video_out_sdl,857
mpeg2dec-0.3.1,libvo/video_out_pgm,557
mpeg2dec-0.3.1,libvo/video_out_dx,0
mpeg2dec-0.3.1,libvo/video_out_null,252
mpeg2dec-0.3.1,libvo/video_out,150
mpeg2dec-0.3.1,libvo/video_out_x11,0
mpeg2dec-0.3.1,libvo/yuv2rgb,4576
mpeg2dec-0.3.1,libvo/yuv2rgb_mmx,0
mpeg2dec-0.3.1,libvo/yuv2rgb_mlib,0
mpeg2dec-0.3.1,src/getopt,3504
mpeg2dec-0.3.1,src/gettimeofday,0
mpeg2dec-0.3.1,src/extract_mpeg2,3832
mpeg2dec-0.3.1,src/mpeg2dec,5266
mpeg2dec-0.3.1,libmpeg2/idct_alpha,0
mpeg2dec-0.3.1,libmpeg2/cpu_accel,8
mpeg2dec-0.3.1,libmpeg2/motion_comp,6392
mpeg2dec-0.3.1,libmpeg2/motion_comp_alpha,0
mpeg2dec-0.3.1,libmpeg2/cpu_state,4
mpeg2dec-0.3.1,libmpeg2/idct_mmx,0
mpeg2dec-0.3.1,libmpeg2/decode,2304
mpeg2dec-0.3.1,libmpeg2/slice,17012
mpeg2dec-0.3.1,libmpeg2/idct_mlib,0
mpeg2dec-0.3.1,libmpeg2/idct_altivec,0
mpeg2dec-0.3.1,libmpeg2/motion_comp_mlib,0
mpeg2dec-0.3.1,libmpeg2/idct,1780
mpeg2dec-0.3.1,libmpeg2/header,4468
mpeg2dec-0.3.1,libmpeg2/motion_comp_altivec,0
mpeg2dec-0.3.1,libmpeg2/motion_comp_mmx,0
mpeg2dec-0.3.1,libmpeg2/alloc,124
mpgcut-1.1,mpgcut,11775
OpenTCP-1.0.4,bootp/bootp,1536
OpenTCP-1.0.4,system,1312
OpenTCP-1.0.4,tcp,5962
OpenTCP-1.0.4,smtp/smtp_client,2428
OpenTCP-1.0.4,smtp/smtpc_callbacks,32
OpenTCP-1.0.4,dns/dns,1648
OpenTCP-1.0.4,icmp,428
OpenTCP-1.0.4,timers,272
OpenTCP-1.0.4,ethernet,2248
OpenTCP-1.0.4,pop3/pop3_client,4135
OpenTCP-1.0.4,pop3/pop3c_callbacks,32
OpenTCP-1.0.4,ip,2028
OpenTCP-1.0.4,udp,1750
OpenTCP-1.0.4,dhcp/dhcpc,2892
OpenTCP-1.0.4,demo/udp_demo,292
OpenTCP-1.0.4,demo/main_demo,312
OpenTCP-1.0.4,demo/tcp_client_demo,452
OpenTCP-1.0.4,demo/tcp_server_demo,400
OpenTCP-1.0.4,tftp/tftps,1008
OpenTCP-1.0.4,http/https_callbacks,672
OpenTCP-1.0.4,http/http_server,1624
OpenTCP-1.0.4,arp,2605
replaypc-0.4.0.preproc,dump-addressbook,505
replaypc-0.4.0.preproc,zipcode,399
replaypc-0.4.0.preproc,dump-guide,486
replaypc-0.4.0.preproc,rddnsclient,1166
replaypc-0.4.0.preproc,headend,1666
replaypc-0.4.0.preproc,ndx-dump,4256
replaypc-0.4.0.preproc,addressbook,699
replaypc-0.4.0.preproc,rtv,900
replaypc-0.4.0.preproc,ndx,525
replaypc-0.4.0.preproc,dump-cg2,507
replaypc-0.4.0.preproc,dump-filedarray,528
replaypc-0.4.0.preproc,un-protect,1282
replaypc-0.4.0.preproc,dump-programset,637
replaypc-0.4.0.preproc,dump-channelset,364
replaypc-0.4.0.preproc,crypt-test,1143
replaypc-0.4.0.preproc,guide,7490
replaypc-0.4.0.preproc,httpfsclient,2194
replaypc-0.4.0.preproc,program,4490
replaypc-0.4.0.preproc,bigfile,204
replaypc-0.4.0.preproc,rtvguide,1658
replaypc-0.4.0.preproc,httpclient,2440
replaypc-0.4.0.preproc,find-GOPs,212
replaypc-0.4.0.preproc,sleep,12
replaypc-0.4.0.preproc,cg,2219
replaypc-0.4.0.preproc,dump-replayshows,306
replaypc-0.4.0.preproc,rddns,537
replaypc-0.4.0.preproc,dump-replaychannels,326
replaypc-0.4.0.preproc,dump-headend,346
replaypc-0.4.0.preproc,channelset,207
replaypc-0.4.0.preproc,crypt,972
replaypc-0.4.0.preproc,mark-commercial,2150
replaypc-0.4.0.preproc,httpfs,6642
replaypc-0.4.0.preproc,filedarray,242
replaypc-0.4.0.preproc,build-ndx,568
replaypc-0.4.0.preproc,version-test,158
replaypc-0.4.0.preproc,dump,1633
replaypc-0.4.0.preproc,dump-zipcode2,298
replaypc-0.4.0.preproc,ReplayPC,4332
replaypc-0.4.0.preproc,guideclient,709
teem-1.6.0-src,src/air/sane,3352
teem-1.6.0-src,src/air/string,1440
teem-1.6.0-src,src/air/754,2091
teem-1.6.0-src,src/air/array,772
teem-1.6.0-src,src/air/parseAir,5340
teem-1.6.0-src,src/air/threadAir,1205
teem-1.6.0-src,src/air/endianAir,1340
teem-1.6.0-src,src/air/dio,1876
teem-1.6.0-src,src/air/enum,892
teem-1.6.0-src,src/air/miscAir,4908
teem-1.6.0-src,src/air/mop,1715
teem-1.6.0-src,src/air/test/doubleprint,718
teem-1.6.0-src,src/air/test/floatprint,728
teem-1.6.0-src,src/air/test/tline,489
teem-1.6.0-src,src/air/test/fp,1914
teem-1.6.0-src,src/air/test/tmop,763
teem-1.6.0-src,src/air/test/tok,318
teem-1.6.0-src,src/limn/hestLimn,1218
teem-1.6.0-src,src/limn/qn,3389
teem-1.6.0-src,src/limn/splineEval,7441
teem-1.6.0-src,src/limn/splineMethods,5695
teem-1.6.0-src,src/limn/renderLimn,3751
teem-1.6.0-src,src/limn/obj,1132
teem-1.6.0-src,src/limn/shapes,5000
teem-1.6.0-src,src/limn/methodsLimn,316
teem-1.6.0-src,src/limn/transform,3989
teem-1.6.0-src,src/limn/cam,5910
teem-1.6.0-src,src/limn/light,1066
teem-1.6.0-src,src/limn/splineMisc,14918
teem-1.6.0-src,src/limn/env,1456
teem-1.6.0-src,src/limn/io,909
teem-1.6.0-src,src/limn/test/soid,4653
teem-1.6.0-src,src/limn/test/tps,3500
teem-1.6.0-src,src/limn/test/tcam,1436
teem-1.6.0-src,src/limn/test/tbc,2068
teem-1.6.0-src,src/limn/test/tcamanim,4019
teem-1.6.0-src,src/limn/test/light,628
teem-1.6.0-src,src/limn/test/map,388
teem-1.6.0-src,src/limn/test/tspline,2453
teem-1.6.0-src,src/limn/defaultsLimn,13
teem-1.6.0-src,src/bane/gkmsFlotsam,3542
teem-1.6.0-src,src/bane/trex,430
teem-1.6.0-src,src/bane/methodsBane,715
teem-1.6.0-src,src/bane/clip,1579
teem-1.6.0-src,src/bane/gkmsHvol,3362
teem-1.6.0-src,src/bane/gkmsScat,1852
teem-1.6.0-src,src/bane/valid,2918
teem-1.6.0-src,src/bane/gkmsMite,1416
teem-1.6.0-src,src/bane/gkmsOpac,3709
teem-1.6.0-src,src/bane/gkmsTxf,3720
teem-1.6.0-src,src/bane/hvol,8397
teem-1.6.0-src,src/bane/scat,905
teem-1.6.0-src,src/bane/measr,1742
teem-1.6.0-src,src/bane/trnsf,5519
teem-1.6.0-src,src/bane/gkmsPvg,3646
teem-1.6.0-src,src/bane/gkmsInfo,1545
teem-1.6.0-src,src/bane/defaultsBane,29
teem-1.6.0-src,src/bane/test/sigma,209
teem-1.6.0-src,src/bane/test/pos,705
teem-1.6.0-src,src/bane/test/tblah,1173
teem-1.6.0-src,src/bane/test/opac,586
teem-1.6.0-src,src/bane/test/tinfo,633
teem-1.6.0-src,src/bane/inc,4513
teem-1.6.0-src,src/bane/rangeBane,1941
teem-1.6.0-src,src/alan/methodsAlan,2792
teem-1.6.0-src,src/alan/coreAlan,5463
teem-1.6.0-src,src/alan/enumsAlan,2480
teem-1.6.0-src,src/alan/test/tspot,1219
teem-1.6.0-src,src/echo/sqd,8893
teem-1.6.0-src,src/echo/set,1032
teem-1.6.0-src,src/echo/renderEcho,5694
teem-1.6.0-src,src/echo/bounds,7131
teem-1.6.0-src,src/echo/matter,476
teem-1.6.0-src,src/echo/methodsEcho,769
teem-1.6.0-src,src/echo/model,1472
teem-1.6.0-src,src/echo/intx,16800
teem-1.6.0-src,src/echo/enumsEcho,13168
teem-1.6.0-src,src/echo/list,1640
teem-1.6.0-src,src/echo/color,10184
teem-1.6.0-src,src/echo/lightEcho,897
teem-1.6.0-src,src/echo/objmethods,1448
teem-1.6.0-src,src/echo/test/test,1206
teem-1.6.0-src,src/echo/test/trend,9117
teem-1.6.0-src,src/nrrd/methodsNrrd,4921
teem-1.6.0-src,src/nrrd/endianNrrd,919
teem-1.6.0-src,src/nrrd/format,704
teem-1.6.0-src,src/nrrd/simple,5451
teem-1.6.0-src,src/nrrd/encodingRaw,2232
teem-1.6.0-src,src/nrrd/encodingGzip,621
teem-1.6.0-src,src/nrrd/range,788
teem-1.6.0-src,src/nrrd/apply1D,9404
teem-1.6.0-src,src/nrrd/histogram,7605
teem-1.6.0-src,src/nrrd/hestNrrd,1327
teem-1.6.0-src,src/nrrd/keyvalue,985
teem-1.6.0-src,src/nrrd/measure,11688
teem-1.6.0-src,src/nrrd/formatPNG,742
teem-1.6.0-src,src/nrrd/encoding,660
teem-1.6.0-src,src/nrrd/winKernel,25876
teem-1.6.0-src,src/nrrd/gzio,0
teem-1.6.0-src,src/nrrd/encodingBzip2,554
teem-1.6.0-src,src/nrrd/reorder,10868
teem-1.6.0-src,src/nrrd/cc,13538
teem-1.6.0-src,src/nrrd/write,4986
teem-1.6.0-src,src/nrrd/comment,591
teem-1.6.0-src,src/nrrd/axis,3812
teem-1.6.0-src,src/nrrd/convertNrrd,5620
teem-1.6.0-src,src/nrrd/tmfKernel,199677
teem-1.6.0-src,src/nrrd/arraysNrrd,2368
teem-1.6.0-src,src/nrrd/formatText,3198
teem-1.6.0-src,src/nrrd/formatNRRD,4280
teem-1.6.0-src,src/nrrd/resampleNrrd,8240
teem-1.6.0-src,src/nrrd/enumsNrrd,86276
teem-1.6.0-src,src/nrrd/subset,3216
teem-1.6.0-src,src/nrrd/kernel,31010
teem-1.6.0-src,src/nrrd/defaultsNrrd,803
teem-1.6.0-src,src/nrrd/filt,6998
teem-1.6.0-src,src/nrrd/map,6143
teem-1.6.0-src,src/nrrd/formatPNM,3527
teem-1.6.0-src,src/nrrd/formatVTK,6611
teem-1.6.0-src,src/nrrd/superset,5856
teem-1.6.0-src,src/nrrd/iter,859
teem-1.6.0-src,src/nrrd/read,3339
teem-1.6.0-src,src/nrrd/encodingAscii,1697
teem-1.6.0-src,src/nrrd/encodingHex,1624
teem-1.6.0-src,src/nrrd/test/tread,348
teem-1.6.0-src,src/nrrd/test/typestest,412
teem-1.6.0-src,src/nrrd/test/minmax,356
teem-1.6.0-src,src/nrrd/test/convo,2537
teem-1.6.0-src,src/nrrd/test/tkernel,2323
teem-1.6.0-src,src/nrrd/test/tline,442
teem-1.6.0-src,src/nrrd/test/trand,193
teem-1.6.0-src,src/nrrd/test/kv,439
teem-1.6.0-src,src/nrrd/test/ax,3497
teem-1.6.0-src,src/nrrd/test/io,485
teem-1.6.0-src,src/nrrd/test/quadvol,2169
teem-1.6.0-src,src/nrrd/test/genvol,1971
teem-1.6.0-src,src/nrrd/ccmethods,1472
teem-1.6.0-src,src/nrrd/parseNrrd,7242
teem-1.6.0-src,src/nrrd/accessors,8499
teem-1.6.0-src,src/nrrd/formatEPS,2793
teem-1.6.0-src,src/nrrd/arith,6863
teem-1.6.0-src,src/hoover/defaultsHoover,19
teem-1.6.0-src,src/hoover/rays,4419
teem-1.6.0-src,src/hoover/stub,80
teem-1.6.0-src,src/hoover/methodsHoover,2038
teem-1.6.0-src,src/hest/methodsHest,2793
teem-1.6.0-src,src/hest/usage,3446
teem-1.6.0-src,src/hest/parseHest,14218
teem-1.6.0-src,src/hest/defaultsHest,12
teem-1.6.0-src,src/hest/test/strings,1219
teem-1.6.0-src,src/hest/test/ex0,537
teem-1.6.0-src,src/hest/test/ex3,1778
teem-1.6.0-src,src/hest/test/bday,1274
teem-1.6.0-src,src/hest/test/ex5,989
teem-1.6.0-src,src/hest/test/ex4,1304
teem-1.6.0-src,src/hest/test/ex2,1192
teem-1.6.0-src,src/hest/test/ex1,1331
teem-1.6.0-src,src/biff/test/test,244
teem-1.6.0-src,src/biff/biff,2815
teem-1.6.0-src,src/ten/tendShrink,1168
teem-1.6.0-src,src/ten/tendSim,1652
teem-1.6.0-src,src/ten/defaultsTen,64
teem-1.6.0-src,src/ten/mod,3677
teem-1.6.0-src,src/ten/tendEvec,2138
teem-1.6.0-src,src/ten/tendMake,1189
teem-1.6.0-src,src/ten/tendPoint,1976
teem-1.6.0-src,src/ten/chan,10121
teem-1.6.0-src,src/ten/tendAnhist,1431
teem-1.6.0-src,src/ten/tendEllipse,3029
teem-1.6.0-src,src/ten/tendSatin,6660
teem-1.6.0-src,src/ten/tendEpireg,5080
teem-1.6.0-src,src/ten/tendEvq,2473
teem-1.6.0-src,src/ten/tendEvaladd,1216
teem-1.6.0-src,src/ten/tendSlice,1289
teem-1.6.0-src,src/ten/tendEvalclamp,1528
teem-1.6.0-src,src/ten/glyph,6495
teem-1.6.0-src,src/ten/tendBmat,1557
teem-1.6.0-src,src/ten/tendAnplot,1909
teem-1.6.0-src,src/ten/tensor,7906
teem-1.6.0-src,src/ten/fiber,5490
teem-1.6.0-src,src/ten/tenGage,4741
teem-1.6.0-src,src/ten/tendSten,1622
teem-1.6.0-src,src/ten/tendFiber,3068
teem-1.6.0-src,src/ten/enumsTen,26184
teem-1.6.0-src,src/ten/tendEval,2096
teem-1.6.0-src,src/ten/tendEvecrgb,2231
teem-1.6.0-src,src/ten/tendEstim,4377
teem-1.6.0-src,src/ten/tendFlotsam,1578
teem-1.6.0-src,src/ten/tendGlyph,7700
teem-1.6.0-src,src/ten/fiberMethods,3213
teem-1.6.0-src,src/ten/miscTen,4461
teem-1.6.0-src,src/ten/tendNorm,1577
teem-1.6.0-src,src/ten/tendAnscale,1663
teem-1.6.0-src,src/ten/tendAnvol,1761
teem-1.6.0-src,src/ten/aniso,4603
teem-1.6.0-src,src/ten/tendEvalpow,1127
teem-1.6.0-src,src/ten/test/tg,3219
teem-1.6.0-src,src/ten/test/tem,1224
teem-1.6.0-src,src/ten/test/tt,3650
teem-1.6.0-src,src/ten/bimod,7197
teem-1.6.0-src,src/ten/tendExpand,1712
teem-1.6.0-src,src/ten/epireg,16599
teem-1.6.0-src,src/moss/hestMoss,1310
teem-1.6.0-src,src/moss/methodsMoss,1284
teem-1.6.0-src,src/moss/sampler,2897
teem-1.6.0-src,src/moss/xform,3810
teem-1.6.0-src,src/moss/defaultsMoss,17
teem-1.6.0-src,src/moss/test/invert,388
teem-1.6.0-src,src/unrrdu/gamma,1638
teem-1.6.0-src,src/unrrdu/ccsettle,1386
teem-1.6.0-src,src/unrrdu/axsplit,1408
teem-1.6.0-src,src/unrrdu/swap,1121
teem-1.6.0-src,src/unrrdu/unquantize,1515
teem-1.6.0-src,src/unrrdu/flotsam,3310
teem-1.6.0-src,src/unrrdu/imap,2922
teem-1.6.0-src,src/unrrdu/jhisto,3165
teem-1.6.0-src,src/unrrdu/join,1756
teem-1.6.0-src,src/unrrdu/data,1512
teem-1.6.0-src,src/unrrdu/block,1366
teem-1.6.0-src,src/unrrdu/cmedian,2940
teem-1.6.0-src,src/unrrdu/ccadj,1425
teem-1.6.0-src,src/unrrdu/inset,1725
teem-1.6.0-src,src/unrrdu/resample,3834
teem-1.6.0-src,src/unrrdu/unblock,1430
teem-1.6.0-src,src/unrrdu/minmax,1418
teem-1.6.0-src,src/unrrdu/project,2197
teem-1.6.0-src,src/unrrdu/head,1810
teem-1.6.0-src,src/unrrdu/permute,1297
teem-1.6.0-src,src/unrrdu/ccmerge,3063
teem-1.6.0-src,src/unrrdu/1op,2019
teem-1.6.0-src,src/unrrdu/ccfind,2101
teem-1.6.0-src,src/unrrdu/lut,2493
teem-1.6.0-src,src/unrrdu/crop,1756
teem-1.6.0-src,src/unrrdu/rmap,2933
teem-1.6.0-src,src/unrrdu/axdelete,1810
teem-1.6.0-src,src/unrrdu/histo,1862
teem-1.6.0-src,src/unrrdu/flip,1078
teem-1.6.0-src,src/unrrdu/convert,1420
teem-1.6.0-src,src/unrrdu/slice,1593
teem-1.6.0-src,src/unrrdu/2op,2582
teem-1.6.0-src,src/unrrdu/dice,2218
teem-1.6.0-src,src/unrrdu/save,3166
teem-1.6.0-src,src/unrrdu/3op,2756
teem-1.6.0-src,src/unrrdu/axinfo,1869
teem-1.6.0-src,src/unrrdu/axmerge,1679
teem-1.6.0-src,src/unrrdu/histax,1675
teem-1.6.0-src,src/unrrdu/pad,2168
teem-1.6.0-src,src/unrrdu/dhisto,1630
teem-1.6.0-src,src/unrrdu/reshape,1254
teem-1.6.0-src,src/unrrdu/shuffle,2060
teem-1.6.0-src,src/unrrdu/axinsert,1413
teem-1.6.0-src,src/unrrdu/splice,1753
teem-1.6.0-src,src/unrrdu/make,7530
teem-1.6.0-src,src/unrrdu/quantize,1926
teem-1.6.0-src,src/unrrdu/about,2935
teem-1.6.0-src,src/unrrdu/heq,2445
teem-1.6.0-src,src/mite/renderMite,1337
teem-1.6.0-src,src/mite/ray,4694
teem-1.6.0-src,src/mite/txf,7999
teem-1.6.0-src,src/mite/thread,378
teem-1.6.0-src,src/mite/user,1011
teem-1.6.0-src,src/mite/defaultsMite,37
teem-1.6.0-src,src/hex/dehex,1435
teem-1.6.0-src,src/hex/enhex,905
teem-1.6.0-src,src/dye/methodsDye,2298
teem-1.6.0-src,src/dye/test/bow,738
teem-1.6.0-src,src/dye/test/conv,480
teem-1.6.0-src,src/dye/convertDye,4524
teem-1.6.0-src,src/gage/sclprint,1085
teem-1.6.0-src,src/gage/vecGage,14664
teem-1.6.0-src,src/gage/sclfilter,13225
teem-1.6.0-src,src/gage/scl,19232
teem-1.6.0-src,src/gage/update,5768
teem-1.6.0-src,src/gage/ctx,5620
teem-1.6.0-src,src/gage/print,7029
teem-1.6.0-src,src/gage/filter,4227
teem-1.6.0-src,src/gage/st,4183
teem-1.6.0-src,src/gage/sclanswer,9549
teem-1.6.0-src,src/gage/vecprint,52
teem-1.6.0-src,src/gage/defaultsGage,53
teem-1.6.0-src,src/gage/pvl,1843
teem-1.6.0-src,src/gage/miscGage,5467
teem-1.6.0-src,src/gage/shape,3840
teem-1.6.0-src,src/ell/miscEll,1275
teem-1.6.0-src,src/ell/genmat,4083
teem-1.6.0-src,src/ell/vecEll,2068
teem-1.6.0-src,src/ell/eigen,5540
teem-1.6.0-src,src/ell/quat,21070
teem-1.6.0-src,src/ell/cubicEll,2868
teem-1.6.0-src,src/ell/mat,34280
teem-1.6.0-src,src/ell/test/sort3,834
teem-1.6.0-src,src/ell/test/invert,857
teem-1.6.0-src,src/ell/test/tq,7715
ttt-0.10.1.preproc,src/engine,2388
ttt-0.10.1.preproc,src/parse,1499
ttt-0.10.1.preproc,src/main,1377
ttt-0.10.1.preproc,src/util,1980
ttt-0.10.1.preproc,src/ttt,6361
ttt-0.10.1.preproc,src/connect4,4249
unrarlib-0.4.0,samples/unix/getfile/getfile,841
unrarlib-0.4.0,samples/unix/listarchive/listarchive,1022
unrarlib-0.4.0,unrarlib/unrarlib,13128
zlib-1.1.4,compress,178
zlib-1.1.4,crc32,1312
zlib-1.1.4,zutil,215
zlib-1.1.4,inffast,1142
zlib-1.1.4,uncompr,150
zlib-1.1.4,adler32,368
zlib-1.1.4,deflate,6996
zlib-1.1.4,inftrees,7041
zlib-1.1.4,gzio,4039
zlib-1.1.4,trees,9864
zlib-1.1.4,inflate,2231
zlib-1.1.4,infutil,392
zlib-1.1.4,infblock,3586
zlib-1.1.4,infcodes,2150
