size
"2",,"","","","","arm-none-eabi-gcc (GCC) 4.7.4"
"","-Os -std=gnu89 -mcpu=cortex-m3"
bzip2-1.0.2,compress,7987
bzip2-1.0.2,huffman,832
bzip2-1.0.2,blocksort,4995
bzip2-1.0.2,crctable,1024
bzip2-1.0.2,decompress,6551
bzip2-1.0.2,bzip2,14401
bzip2-1.0.2,randtable,2048
bzip2-1.0.2,bzip2recover,2965
bzip2-1.0.2,bzlib,8015
cg_compiler_opensrc,cpp,5150
cg_compiler_opensrc,parser,13663
cg_compiler_opensrc,atom,2872
cg_compiler_opensrc,constfold,3244
cg_compiler_opensrc,printutils,7883
cg_compiler_opensrc,cgstruct,92
cg_compiler_opensrc,binding,1107
cg_compiler_opensrc,symbols,4889
cg_compiler_opensrc,compile,9534
cg_compiler_opensrc,memory,362
cg_compiler_opensrc,tokenize,542
cg_compiler_opensrc,inline,2150
cg_compiler_opensrc,semantic,3446
cg_compiler_opensrc,scanner,4691
cg_compiler_opensrc,stdlib,3222
cg_compiler_opensrc,support,18135
cg_compiler_opensrc,check,2593
cg_compiler_opensrc,tokens,2209
cg_compiler_opensrc,cgcmain,1863
cg_compiler_opensrc,support_iter,1502
cg_compiler_opensrc,hal,1967
cg_compiler_opensrc,generic_hal,2139
compiler,main,1874
compiler,parser,3672
compiler,scanner,2879
compiler,cg,2115
compiler,vam,3142
compiler,vas,5682
flex-2.5.31,parse,7146
flex-2.5.31,skel,94034
flex-2.5.31,tables,1545
flex-2.5.31,libmain,12
flex-2.5.31,regex,419
flex-2.5.31,main,16542
flex-2.5.31,ecs,416
flex-2.5.31,scan,38564
flex-2.5.31,tblcmp,2652
flex-2.5.31,sym,699
flex-2.5.31,ccl,872
flex-2.5.31,yylex,880
flex-2.5.31,nfa,2888
flex-2.5.31,filter,1741
flex-2.5.31,buf,723
flex-2.5.31,gen,20186
flex-2.5.31,tables_shared,20
flex-2.5.31,options,2610
flex-2.5.31,libyywrap,4
flex-2.5.31,dfa,5442
flex-2.5.31,scanopt,2618
flex-2.5.31,misc,4378
jikespg-1.3,src/ctabs,41692
jikespg-1.3,src/main,5219
jikespg-1.3,src/mkfirst,11252
jikespg-1.3,src/mkstates,2182
jikespg-1.3,src/spacetab,15296
jikespg-1.3,src/partset,1192
jikespg-1.3,src/tabutil,9938
jikespg-1.3,src/prntstat,2648
jikespg-1.3,src/lpgparse,36733
jikespg-1.3,src/timetab,7700
jikespg-1.3,src/remsp,5770
jikespg-1.3,src/globals,268
jikespg-1.3,src/resolve,9256
jikespg-1.3,src/mkred,5416
jikespg-1.3,src/produce,8537
jikespg-1.3,src/ptables,2639
jikespg-1.3,src/lpgutil,3583
jpeg-6b,wrjpgcom,2863
jpeg-6b,jcdctmgr,1124
jpeg-6b,jddctmgr,696
jpeg-6b,jerror,5398
jpeg-6b,jdmainct,1212
jpeg-6b,jidctfst,778
jpeg-6b,jfdctfst,370
jpeg-6b,jfdctint,576
jpeg-6b,jidctint,964
jpeg-6b,jdmarker,4624
jpeg-6b,rdgif,81
jpeg-6b,jctrans,1092
jpeg-6b,djpeg,5375
jpeg-6b,jdapistd,694
jpeg-6b,wrrle,0
jpeg-6b,jdtrans,244
jpeg-6b,jccolor,1168
jpeg-6b,cjpeg,4969
jpeg-6b,wrgif,2352
jpeg-6b,jcparam,2660
jpeg-6b,jchuff,2516
jpeg-6b,jdcolor,900
jpeg-6b,jcomapi,98
jpeg-6b,jdphuff,2300
jpeg-6b,jccoefct,1356
jpeg-6b,jcapimin,584
jpeg-6b,rdcolmap,1028
jpeg-6b,jdpostct,592
jpeg-6b,transupp,3734
jpeg-6b,jdhuff,2104
jpeg-6b,wrtarga,796
jpeg-6b,jcsample,1696
jpeg-6b,jdatasrc,224
jpeg-6b,jcmainct,276
jpeg-6b,wrbmp,2276
jpeg-6b,rdbmp,1620
jpeg-6b,jcinit,142
jpeg-6b,rdrle,0
jpeg-6b,jquant2,3296
jpeg-6b,jdinput,996
jpeg-6b,rdjpgcom,2051
jpeg-6b,jdsample,1244
jpeg-6b,jdmaster,1276
jpeg-6b,ansi2knr,2128
jpeg-6b,jdmerge,1100
jpeg-6b,jdatadst,204
jpeg-6b,jcmaster,2060
jpeg-6b,jcapistd,370
jpeg-6b,jcprepct,1004
jpeg-6b,jpegtran,3244
jpeg-6b,jidctflt,1152
jpeg-6b,jmemnobs,48
jpeg-6b,rdswitch,1608
jpeg-6b,wrppm,462
jpeg-6b,jidctred,964
jpeg-6b,rdppm,1276
jpeg-6b,jdcoefct,2512
jpeg-6b,jquant1,2272
jpeg-6b,jfdctflt,796
jpeg-6b,jdapimin,828
jpeg-6b,jcmarker,1428
jpeg-6b,rdtarga,1364
jpeg-6b,jcphuff,1988
jpeg-6b,jmemmgr,2354
jpeg-6b,jutils,404
jpeg-6b,cdjpeg,88
libmspack,mspack/system,514
libmspack,mspack/chmd,3020
libmspack,mspack/hlpc,6
libmspack,mspack/qtmc,0
libmspack,mspack/kwajd,6
libmspack,mspack/chmc,6
libmspack,mspack/litc,6
libmspack,mspack/qtmd,3876
libmspack,mspack/lzxc,0
libmspack,mspack/cabc,6
libmspack,mspack/litd,6
libmspack,mspack/hlpd,6
libmspack,mspack/mszipc,0
libmspack,mspack/lzxd,5128
libmspack,mspack/cabd,4660
libmspack,mspack/mszipd,20
libmspack,mspack/kwajc,6
libmspack,mspack/szddd,6
libmspack,mspack/szddc,6
libmspack,test/cabd_md5,1073
libmspack,test/cabextract_md5,17930
libmspack,test/md5,2616
libmspack,test/chmd_md5,954
libmspack,test/cabrip,373
libmspack,test/cabd_test,8788
libpng-1.2.5,pngtest,5260
libpng-1.2.5,png2pnm,2157
libpng-1.2.5,pngrtran,14936
libpng-1.2.5,pngrio,277
libpng-1.2.5,pngwtran,1314
libpng-1.2.5,pngget,1964
libpng-1.2.5,pngtrans,1732
libpng-1.2.5,pngread,5234
libpng-1.2.5,pnm2png,2353
libpng-1.2.5,pngerror,723
libpng-1.2.5,png,2241
libpng-1.2.5,pngwio,305
libpng-1.2.5,pngwrite,5013
libpng-1.2.5,pngpread,4803
libpng-1.2.5,pngwutil,10133
libpng-1.2.5,pngset,5221
libpng-1.2.5,pngrutil,12767
libpng-1.2.5,pngmem,365
linux-2.4.23-pre3-testplatform,arch/testplatform/mm/init,1639
linux-2.4.23-pre3-testplatform,arch/testplatform/mm/ioremap,531
linux-2.4.23-pre3-testplatform,arch/testplatform/mm/fault,2164
linux-2.4.23-pre3-testplatform,arch/testplatform/mm/extable,64
linux-2.4.23-pre3-testplatform,arch/testplatform/lib/checksum,4
linux-2.4.23-pre3-testplatform,arch/testplatform/lib/strcmp,4
linux-2.4.23-pre3-testplatform,arch/testplatform/lib/misaligned,132
linux-2.4.23-pre3-testplatform,arch/testplatform/lib/memcpy,4
linux-2.4.23-pre3-testplatform,arch/testplatform/lib/delay,4
linux-2.4.23-pre3-testplatform,arch/testplatform/lib/strncpy,4
linux-2.4.23-pre3-testplatform,arch/testplatform/lib/memset,4
linux-2.4.23-pre3-testplatform,arch/testplatform/lib/uaccess,12
linux-2.4.23-pre3-testplatform,arch/testplatform/kernel/s390_ext,228
linux-2.4.23-pre3-testplatform,arch/testplatform/kernel/sys_s390,589
linux-2.4.23-pre3-testplatform,arch/testplatform/kernel/cpcmd,2
linux-2.4.23-pre3-testplatform,arch/testplatform/kernel/init_task,16384
linux-2.4.23-pre3-testplatform,arch/testplatform/kernel/signal,1872
linux-2.4.23-pre3-testplatform,arch/testplatform/kernel/ebcdic,1536
linux-2.4.23-pre3-testplatform,arch/testplatform/kernel/entry,18
linux-2.4.23-pre3-testplatform,arch/testplatform/kernel/head,2
linux-2.4.23-pre3-testplatform,arch/testplatform/kernel/ptrace,1052
linux-2.4.23-pre3-testplatform,arch/testplatform/kernel/irq,18
linux-2.4.23-pre3-testplatform,arch/testplatform/kernel/bitmap,3
linux-2.4.23-pre3-testplatform,arch/testplatform/kernel/semaphore,178
linux-2.4.23-pre3-testplatform,arch/testplatform/kernel/time,10
linux-2.4.23-pre3-testplatform,arch/testplatform/kernel/s390fpu,16
linux-2.4.23-pre3-testplatform,arch/testplatform/kernel/debug,2918
linux-2.4.23-pre3-testplatform,arch/testplatform/kernel/needed,16
linux-2.4.23-pre3-testplatform,arch/testplatform/kernel/setup,1978
linux-2.4.23-pre3-testplatform,arch/testplatform/kernel/traps,2990
linux-2.4.23-pre3-testplatform,arch/testplatform/kernel/process,767
linux-2.4.23-pre3-testplatform,arch/testplatform/kernel/reipl,2
linux-2.4.23-pre3-testplatform,fs/char_dev,319
linux-2.4.23-pre3-testplatform,fs/namespace,3319
linux-2.4.23-pre3-testplatform,fs/xattr,586
linux-2.4.23-pre3-testplatform,fs/attr,538
linux-2.4.23-pre3-testplatform,fs/partitions/msdos,280
linux-2.4.23-pre3-testplatform,fs/partitions/check,1207
linux-2.4.23-pre3-testplatform,fs/exec,3200
linux-2.4.23-pre3-testplatform,fs/locks,5740
linux-2.4.23-pre3-testplatform,fs/iobuf,695
linux-2.4.23-pre3-testplatform,fs/binfmt_script,310
linux-2.4.23-pre3-testplatform,fs/dnotify,440
linux-2.4.23-pre3-testplatform,fs/fcntl,1142
linux-2.4.23-pre3-testplatform,fs/pipe,2128
linux-2.4.23-pre3-testplatform,fs/quota,1822
linux-2.4.23-pre3-testplatform,fs/nfsd/nfsctl,611
linux-2.4.23-pre3-testplatform,fs/nfsd/vfs,5392
linux-2.4.23-pre3-testplatform,fs/nfsd/nfscache,1355
linux-2.4.23-pre3-testplatform,fs/nfsd/nfssvc,1030
linux-2.4.23-pre3-testplatform,fs/nfsd/stats,40
linux-2.4.23-pre3-testplatform,fs/nfsd/lockd,180
linux-2.4.23-pre3-testplatform,fs/nfsd/auth,104
linux-2.4.23-pre3-testplatform,fs/nfsd/nfsproc,2835
linux-2.4.23-pre3-testplatform,fs/nfsd/export,3897
linux-2.4.23-pre3-testplatform,fs/nfsd/nfsxdr,1572
linux-2.4.23-pre3-testplatform,fs/nfsd/nfs3xdr,3236
linux-2.4.23-pre3-testplatform,fs/nfsd/nfs3proc,2534
linux-2.4.23-pre3-testplatform,fs/nfsd/nfsfh,3486
linux-2.4.23-pre3-testplatform,fs/fifo,508
linux-2.4.23-pre3-testplatform,fs/ramfs/inode,1011
linux-2.4.23-pre3-testplatform,fs/filesystems,0
linux-2.4.23-pre3-testplatform,fs/file_table,623
linux-2.4.23-pre3-testplatform,fs/block_dev,2649
linux-2.4.23-pre3-testplatform,fs/readdir,1189
linux-2.4.23-pre3-testplatform,fs/binfmt_elf,0
linux-2.4.23-pre3-testplatform,fs/inode,3457
linux-2.4.23-pre3-testplatform,fs/nfs/unlink,544
linux-2.4.23-pre3-testplatform,fs/nfs/symlink,300
linux-2.4.23-pre3-testplatform,fs/nfs/proc,1252
linux-2.4.23-pre3-testplatform,fs/nfs/write,4206
linux-2.4.23-pre3-testplatform,fs/nfs/inode,5324
linux-2.4.23-pre3-testplatform,fs/nfs/file,744
linux-2.4.23-pre3-testplatform,fs/nfs/dir,3272
linux-2.4.23-pre3-testplatform,fs/nfs/nfs3xdr,3844
linux-2.4.23-pre3-testplatform,fs/nfs/pagelist,1607
linux-2.4.23-pre3-testplatform,fs/nfs/read,1640
linux-2.4.23-pre3-testplatform,fs/nfs/flushd,348
linux-2.4.23-pre3-testplatform,fs/nfs/nfs2xdr,2852
linux-2.4.23-pre3-testplatform,fs/nfs/nfs3proc,1988
linux-2.4.23-pre3-testplatform,fs/devices,722
linux-2.4.23-pre3-testplatform,fs/lockd/svcproc,2168
linux-2.4.23-pre3-testplatform,fs/lockd/svcshare,282
linux-2.4.23-pre3-testplatform,fs/lockd/xdr,3031
linux-2.4.23-pre3-testplatform,fs/lockd/svc4proc,2124
linux-2.4.23-pre3-testplatform,fs/lockd/clntproc,2195
linux-2.4.23-pre3-testplatform,fs/lockd/svcsubs,959
linux-2.4.23-pre3-testplatform,fs/lockd/mon,850
linux-2.4.23-pre3-testplatform,fs/lockd/host,1204
linux-2.4.23-pre3-testplatform,fs/lockd/xdr4,2924
linux-2.4.23-pre3-testplatform,fs/lockd/svc,1204
linux-2.4.23-pre3-testplatform,fs/lockd/svclock,1727
linux-2.4.23-pre3-testplatform,fs/lockd/clntlock,636
linux-2.4.23-pre3-testplatform,fs/lockd/lockd_syms,0
linux-2.4.23-pre3-testplatform,fs/file,533
linux-2.4.23-pre3-testplatform,fs/jbd/commit,3358
linux-2.4.23-pre3-testplatform,fs/jbd/journal,6075
linux-2.4.23-pre3-testplatform,fs/jbd/transaction,7052
linux-2.4.23-pre3-testplatform,fs/jbd/checkpoint,2570
linux-2.4.23-pre3-testplatform,fs/jbd/revoke,1659
linux-2.4.23-pre3-testplatform,fs/jbd/recovery,1614
linux-2.4.23-pre3-testplatform,fs/bad_inode,228
linux-2.4.23-pre3-testplatform,fs/stat,412
linux-2.4.23-pre3-testplatform,fs/open,2684
linux-2.4.23-pre3-testplatform,fs/super,2246
linux-2.4.23-pre3-testplatform,fs/select,1480
linux-2.4.23-pre3-testplatform,fs/seq_file,1528
linux-2.4.23-pre3-testplatform,fs/namei,6181
linux-2.4.23-pre3-testplatform,fs/read_write,1528
linux-2.4.23-pre3-testplatform,fs/ioctl,330
linux-2.4.23-pre3-testplatform,fs/buffer,8041
linux-2.4.23-pre3-testplatform,fs/dcache,3126
linux-2.4.23-pre3-testplatform,fs/ext3/fsync,233
linux-2.4.23-pre3-testplatform,fs/ext3/ialloc,2047
linux-2.4.23-pre3-testplatform,fs/ext3/symlink,102
linux-2.4.23-pre3-testplatform,fs/ext3/inode,7429
linux-2.4.23-pre3-testplatform,fs/ext3/file,300
linux-2.4.23-pre3-testplatform,fs/ext3/balloc,3164
linux-2.4.23-pre3-testplatform,fs/ext3/bitmap,116
linux-2.4.23-pre3-testplatform,fs/ext3/dir,832
linux-2.4.23-pre3-testplatform,fs/ext3/super,8062
linux-2.4.23-pre3-testplatform,fs/ext3/namei,4723
linux-2.4.23-pre3-testplatform,fs/ext3/ioctl,555
linux-2.4.23-pre3-testplatform,mm/swap,282
linux-2.4.23-pre3-testplatform,mm/vmalloc,1575
linux-2.4.23-pre3-testplatform,mm/numa,876
linux-2.4.23-pre3-testplatform,mm/mmap,3151
linux-2.4.23-pre3-testplatform,mm/mprotect,1310
linux-2.4.23-pre3-testplatform,mm/bootmem,1193
linux-2.4.23-pre3-testplatform,mm/memory,5042
linux-2.4.23-pre3-testplatform,mm/swapfile,4904
linux-2.4.23-pre3-testplatform,mm/shmem,4923
linux-2.4.23-pre3-testplatform,mm/mlock,932
linux-2.4.23-pre3-testplatform,mm/filemap,9185
linux-2.4.23-pre3-testplatform,mm/page_io,443
linux-2.4.23-pre3-testplatform,mm/page_alloc,2931
linux-2.4.23-pre3-testplatform,mm/slab,2674
linux-2.4.23-pre3-testplatform,mm/swap_state,823
linux-2.4.23-pre3-testplatform,mm/oom_kill,447
linux-2.4.23-pre3-testplatform,mm/vmscan,1798
linux-2.4.23-pre3-testplatform,mm/mremap,1530
linux-2.4.23-pre3-testplatform,lib/string,496
linux-2.4.23-pre3-testplatform,lib/zlib_inflate/inffast,794
linux-2.4.23-pre3-testplatform,lib/zlib_inflate/inflate_syms,0
linux-2.4.23-pre3-testplatform,lib/zlib_inflate/inftrees,6245
linux-2.4.23-pre3-testplatform,lib/zlib_inflate/inflate,1702
linux-2.4.23-pre3-testplatform,lib/zlib_inflate/infutil,252
linux-2.4.23-pre3-testplatform,lib/zlib_inflate/infblock,2054
linux-2.4.23-pre3-testplatform,lib/zlib_inflate/infcodes,1354
linux-2.4.23-pre3-testplatform,lib/vsprintf,2517
linux-2.4.23-pre3-testplatform,lib/bust_spinlocks,46
linux-2.4.23-pre3-testplatform,lib/errno,0
linux-2.4.23-pre3-testplatform,lib/brlock,0
linux-2.4.23-pre3-testplatform,lib/zlib_deflate/deflate_syms,0
linux-2.4.23-pre3-testplatform,lib/zlib_deflate/deflate,3696
linux-2.4.23-pre3-testplatform,lib/zlib_deflate/deftree,6072
linux-2.4.23-pre3-testplatform,lib/dec_and_lock,0
linux-2.4.23-pre3-testplatform,lib/cmdline,174
linux-2.4.23-pre3-testplatform,lib/ctype,256
linux-2.4.23-pre3-testplatform,lib/dump_stack,66
linux-2.4.23-pre3-testplatform,lib/rbtree,590
linux-2.4.23-pre3-testplatform,lib/rwsem-spinlock,354
linux-2.4.23-pre3-testplatform,net/core/sock,2633
linux-2.4.23-pre3-testplatform,net/core/scm,712
linux-2.4.23-pre3-testplatform,net/core/iovec,668
linux-2.4.23-pre3-testplatform,net/core/skbuff,4305
linux-2.4.23-pre3-testplatform,net/core/ethtool,1634
linux-2.4.23-pre3-testplatform,net/core/datagram,1395
linux-2.4.23-pre3-testplatform,net/core/utils,189
linux-2.4.23-pre3-testplatform,net/core/dev_mcast,599
linux-2.4.23-pre3-testplatform,net/core/dst,596
linux-2.4.23-pre3-testplatform,net/core/neighbour,5649
linux-2.4.23-pre3-testplatform,net/core/dev,7282
linux-2.4.23-pre3-testplatform,net/core/rtnetlink,2285
linux-2.4.23-pre3-testplatform,net/socket,4766
linux-2.4.23-pre3-testplatform,net/802/p8023,78
linux-2.4.23-pre3-testplatform,net/ethernet/eth,453
linux-2.4.23-pre3-testplatform,net/8021q/vlan,1954
linux-2.4.23-pre3-testplatform,net/8021q/vlanproc,14
linux-2.4.23-pre3-testplatform,net/8021q/vlan_dev,2942
linux-2.4.23-pre3-testplatform,net/sunrpc/xdr,1332
linux-2.4.23-pre3-testplatform,net/sunrpc/auth_null,264
linux-2.4.23-pre3-testplatform,net/sunrpc/timer,134
linux-2.4.23-pre3-testplatform,net/sunrpc/auth,704
linux-2.4.23-pre3-testplatform,net/sunrpc/clnt,3416
linux-2.4.23-pre3-testplatform,net/sunrpc/svcsock,4104
linux-2.4.23-pre3-testplatform,net/sunrpc/xprt,4893
linux-2.4.23-pre3-testplatform,net/sunrpc/pmap_clnt,617
linux-2.4.23-pre3-testplatform,net/sunrpc/svcauth,468
linux-2.4.23-pre3-testplatform,net/sunrpc/auth_unix,658
linux-2.4.23-pre3-testplatform,net/sunrpc/sched,3424
linux-2.4.23-pre3-testplatform,net/sunrpc/svc,1577
linux-2.4.23-pre3-testplatform,net/sunrpc/sunrpc_syms,0
linux-2.4.23-pre3-testplatform,net/sched/sch_generic,1890
linux-2.4.23-pre3-testplatform,net/netlink/af_netlink,3220
linux-2.4.23-pre3-testplatform,net/ipv4/tcp_output,7020
linux-2.4.23-pre3-testplatform,net/ipv4/tcp_ipv4,9893
linux-2.4.23-pre3-testplatform,net/ipv4/tcp,12073
linux-2.4.23-pre3-testplatform,net/ipv4/route,7776
linux-2.4.23-pre3-testplatform,net/ipv4/ip_input,547
linux-2.4.23-pre3-testplatform,net/ipv4/sysctl_net_ipv4,0
linux-2.4.23-pre3-testplatform,net/ipv4/ip_options,2430
linux-2.4.23-pre3-testplatform,net/ipv4/tcp_timer,2718
linux-2.4.23-pre3-testplatform,net/ipv4/fib_hash,2689
linux-2.4.23-pre3-testplatform,net/ipv4/icmp,2966
linux-2.4.23-pre3-testplatform,net/ipv4/ip_fragment,2293
linux-2.4.23-pre3-testplatform,net/ipv4/proc,2518
linux-2.4.23-pre3-testplatform,net/ipv4/fib_semantics,2290
linux-2.4.23-pre3-testplatform,net/ipv4/igmp,7378
linux-2.4.23-pre3-testplatform,net/ipv4/fib_frontend,1860
linux-2.4.23-pre3-testplatform,net/ipv4/udp,3884
linux-2.4.23-pre3-testplatform,net/ipv4/af_inet,4045
linux-2.4.23-pre3-testplatform,net/ipv4/utils,52
linux-2.4.23-pre3-testplatform,net/ipv4/inetpeer,1386
linux-2.4.23-pre3-testplatform,net/ipv4/ip_forward,324
linux-2.4.23-pre3-testplatform,net/ipv4/protocol,382
linux-2.4.23-pre3-testplatform,net/ipv4/tcp_diag,2346
linux-2.4.23-pre3-testplatform,net/ipv4/tcp_input,15900
linux-2.4.23-pre3-testplatform,net/ipv4/ip_output,3315
linux-2.4.23-pre3-testplatform,net/ipv4/ip_sockglue,3636
linux-2.4.23-pre3-testplatform,net/ipv4/tcp_minisocks,3239
linux-2.4.23-pre3-testplatform,net/ipv4/raw,2560
linux-2.4.23-pre3-testplatform,net/ipv4/devinet,4131
linux-2.4.23-pre3-testplatform,net/ipv4/arp,3536
linux-2.4.23-pre3-testplatform,init/main,1211
linux-2.4.23-pre3-testplatform,init/do_mounts,3434
linux-2.4.23-pre3-testplatform,init/version,502
linux-2.4.23-pre3-testplatform,drivers/block/genhd,162
linux-2.4.23-pre3-testplatform,drivers/block/blkpg,828
linux-2.4.23-pre3-testplatform,drivers/block/ll_rw_blk,4165
linux-2.4.23-pre3-testplatform,drivers/block/elevator,500
linux-2.4.23-pre3-testplatform,drivers/net/loopback,272
linux-2.4.23-pre3-testplatform,drivers/net/net_init,571
linux-2.4.23-pre3-testplatform,drivers/net/Space,3368
linux-2.4.23-pre3-testplatform,drivers/net/auto_irq,48
linux-2.4.23-pre3-testplatform,drivers/net/setup,36
linux-2.4.23-pre3-testplatform,drivers/char/n_tty,3667
linux-2.4.23-pre3-testplatform,drivers/char/random,3888
linux-2.4.23-pre3-testplatform,drivers/char/mem,2064
linux-2.4.23-pre3-testplatform,drivers/char/tty_io,8229
linux-2.4.23-pre3-testplatform,drivers/char/pty,1339
linux-2.4.23-pre3-testplatform,drivers/char/tty_ioctl,1383
linux-2.4.23-pre3-testplatform,drivers/char/raw,1076
linux-2.4.23-pre3-testplatform,drivers/char/misc,724
linux-2.4.23-pre3-testplatform,kernel/sys,3007
linux-2.4.23-pre3-testplatform,kernel/resource,845
linux-2.4.23-pre3-testplatform,kernel/softirq,1542
linux-2.4.23-pre3-testplatform,kernel/signal,2719
linux-2.4.23-pre3-testplatform,kernel/fork,2985
linux-2.4.23-pre3-testplatform,kernel/acct,6
linux-2.4.23-pre3-testplatform,kernel/itimer,456
linux-2.4.23-pre3-testplatform,kernel/timer,2113
linux-2.4.23-pre3-testplatform,kernel/context,535
linux-2.4.23-pre3-testplatform,kernel/exit,1775
linux-2.4.23-pre3-testplatform,kernel/dma,12
linux-2.4.23-pre3-testplatform,kernel/module,747
linux-2.4.23-pre3-testplatform,kernel/ptrace,880
linux-2.4.23-pre3-testplatform,kernel/capability,60
linux-2.4.23-pre3-testplatform,kernel/printk,1668
linux-2.4.23-pre3-testplatform,kernel/kmod,580
linux-2.4.23-pre3-testplatform,kernel/exec_domain,591
linux-2.4.23-pre3-testplatform,kernel/sched,3163
linux-2.4.23-pre3-testplatform,kernel/time,1088
linux-2.4.23-pre3-testplatform,kernel/info,208
linux-2.4.23-pre3-testplatform,kernel/user,192
linux-2.4.23-pre3-testplatform,kernel/panic,526
linux-2.4.23-pre3-testplatform,kernel/sysctl,72
linux-2.4.23-pre3-testplatform,ipc/sem,3531
linux-2.4.23-pre3-testplatform,ipc/util,735
linux-2.4.23-pre3-testplatform,ipc/shm,2255
linux-2.4.23-pre3-testplatform,ipc/msg,1946
lwip-0.5.3.preproc,proj/unixsim/simhost,334
lwip-0.5.3.preproc,proj/unixsim/simnode,310
lwip-0.5.3.preproc,proj/unixsim/apps/fs,39817
lwip-0.5.3.preproc,proj/unixsim/apps/udpecho,120
lwip-0.5.3.preproc,proj/unixsim/apps/shell,7933
lwip-0.5.3.preproc,proj/unixsim/apps/httpd,527
lwip-0.5.3.preproc,proj/unixsim/apps/tcpecho,112
lwip-0.5.3.preproc,proj/unixsim/simrouter,454
lwip-0.5.3.preproc,src/netif/tcpdump,863
lwip-0.5.3.preproc,src/netif/loopif,80
lwip-0.5.3.preproc,src/netif/arp,688
lwip-0.5.3.preproc,src/core/tcp_output,1796
lwip-0.5.3.preproc,src/core/sys,260
lwip-0.5.3.preproc,src/core/tcp,2005
lwip-0.5.3.preproc,src/core/pbuf,1108
lwip-0.5.3.preproc,src/core/inet,264
lwip-0.5.3.preproc,src/core/stats,16
lwip-0.5.3.preproc,src/core/udp,724
lwip-0.5.3.preproc,src/core/mem,828
lwip-0.5.3.preproc,src/core/memp,624
lwip-0.5.3.preproc,src/core/tcp_input,3036
lwip-0.5.3.preproc,src/core/netif,196
lwip-0.5.3.preproc,src/core/ipv4/ip_addr,4
lwip-0.5.3.preproc,src/core/ipv4/icmp,492
lwip-0.5.3.preproc,src/core/ipv4/ip,900
lwip-0.5.3.preproc,src/api/err,0
lwip-0.5.3.preproc,src/api/api_msg,1208
lwip-0.5.3.preproc,src/api/api_lib,1442
lwip-0.5.3.preproc,src/api/tcpip,252
lwip-0.5.3.preproc,src/api/sockets,816
mpeg2dec-0.3.1,libvo/video_out_sdl,621
mpeg2dec-0.3.1,libvo/video_out_pgm,365
mpeg2dec-0.3.1,libvo/video_out_dx,0
mpeg2dec-0.3.1,libvo/video_out_null,148
mpeg2dec-0.3.1,libvo/video_out,146
mpeg2dec-0.3.1,libvo/video_out_x11,0
mpeg2dec-0.3.1,libvo/yuv2rgb,3600
mpeg2dec-0.3.1,libvo/yuv2rgb_mmx,0
mpeg2dec-0.3.1,libvo/yuv2rgb_mlib,0
mpeg2dec-0.3.1,src/getopt,2348
mpeg2dec-0.3.1,src/gettimeofday,0
mpeg2dec-0.3.1,src/extract_mpeg2,2668
mpeg2dec-0.3.1,src/mpeg2dec,3762
mpeg2dec-0.3.1,libmpeg2/idct_alpha,0
mpeg2dec-0.3.1,libmpeg2/cpu_accel,4
mpeg2dec-0.3.1,libmpeg2/motion_comp,3856
mpeg2dec-0.3.1,libmpeg2/motion_comp_alpha,0
mpeg2dec-0.3.1,libmpeg2/cpu_state,2
mpeg2dec-0.3.1,libmpeg2/idct_mmx,0
mpeg2dec-0.3.1,libmpeg2/decode,1656
mpeg2dec-0.3.1,libmpeg2/slice,14012
mpeg2dec-0.3.1,libmpeg2/idct_mlib,0
mpeg2dec-0.3.1,libmpeg2/idct_altivec,0
mpeg2dec-0.3.1,libmpeg2/motion_comp_mlib,0
mpeg2dec-0.3.1,libmpeg2/idct,1204
mpeg2dec-0.3.1,libmpeg2/header,3344
mpeg2dec-0.3.1,libmpeg2/motion_comp_altivec,0
mpeg2dec-0.3.1,libmpeg2/motion_comp_mmx,0
mpeg2dec-0.3.1,libmpeg2/alloc,84
mpgcut-1.1,mpgcut,8683
OpenTCP-1.0.4,bootp/bootp,1000
OpenTCP-1.0.4,system,780
OpenTCP-1.0.4,tcp,3694
OpenTCP-1.0.4,smtp/smtp_client,1496
OpenTCP-1.0.4,smtp/smtpc_callbacks,16
OpenTCP-1.0.4,dns/dns,1000
OpenTCP-1.0.4,icmp,252
OpenTCP-1.0.4,timers,176
OpenTCP-1.0.4,ethernet,1504
OpenTCP-1.0.4,pop3/pop3_client,2583
OpenTCP-1.0.4,pop3/pop3c_callbacks,18
OpenTCP-1.0.4,ip,1284
OpenTCP-1.0.4,udp,1090
OpenTCP-1.0.4,dhcp/dhcpc,1784
OpenTCP-1.0.4,demo/udp_demo,184
OpenTCP-1.0.4,demo/main_demo,212
OpenTCP-1.0.4,demo/tcp_client_demo,288
OpenTCP-1.0.4,demo/tcp_server_demo,252
OpenTCP-1.0.4,tftp/tftps,592
OpenTCP-1.0.4,http/https_callbacks,592
OpenTCP-1.0.4,http/http_server,1020
OpenTCP-1.0.4,arp,1637
replaypc-0.4.0.preproc,dump-addressbook,377
replaypc-0.4.0.preproc,zipcode,351
replaypc-0.4.0.preproc,dump-guide,340
replaypc-0.4.0.preproc,rddnsclient,910
replaypc-0.4.0.preproc,headend,1538
replaypc-0.4.0.preproc,ndx-dump,3312
replaypc-0.4.0.preproc,addressbook,559
replaypc-0.4.0.preproc,rtv,528
replaypc-0.4.0.preproc,ndx,361
replaypc-0.4.0.preproc,dump-cg2,371
replaypc-0.4.0.preproc,dump-filedarray,376
replaypc-0.4.0.preproc,un-protect,1070
replaypc-0.4.0.preproc,dump-programset,485
replaypc-0.4.0.preproc,dump-channelset,264
replaypc-0.4.0.preproc,crypt-test,911
replaypc-0.4.0.preproc,guide,6026
replaypc-0.4.0.preproc,httpfsclient,1610
replaypc-0.4.0.preproc,program,4346
replaypc-0.4.0.preproc,bigfile,124
replaypc-0.4.0.preproc,rtvguide,1394
replaypc-0.4.0.preproc,httpclient,1688
replaypc-0.4.0.preproc,find-GOPs,164
replaypc-0.4.0.preproc,sleep,10
replaypc-0.4.0.preproc,cg,1567
replaypc-0.4.0.preproc,dump-replayshows,222
replaypc-0.4.0.preproc,rddns,425
replaypc-0.4.0.preproc,dump-replaychannels,230
replaypc-0.4.0.preproc,dump-headend,242
replaypc-0.4.0.preproc,channelset,155
replaypc-0.4.0.preproc,crypt,680
replaypc-0.4.0.preproc,mark-commercial,1750
replaypc-0.4.0.preproc,httpfs,5118
replaypc-0.4.0.preproc,filedarray,186
replaypc-0.4.0.preproc,build-ndx,400
replaypc-0.4.0.preproc,version-test,122
replaypc-0.4.0.preproc,dump,1225
replaypc-0.4.0.preproc,dump-zipcode2,208
replaypc-0.4.0.preproc,ReplayPC,3520
replaypc-0.4.0.preproc,guideclient,529
teem-1.6.0-src,src/air/sane,3148
teem-1.6.0-src,src/air/string,860
teem-1.6.0-src,src/air/754,1455
teem-1.6.0-src,src/air/array,434
teem-1.6.0-src,src/air/parseAir,4652
teem-1.6.0-src,src/air/threadAir,993
teem-1.6.0-src,src/air/endianAir,1340
teem-1.6.0-src,src/air/dio,1852
teem-1.6.0-src,src/air/enum,580
teem-1.6.0-src,src/air/miscAir,3640
teem-1.6.0-src,src/air/mop,1363
teem-1.6.0-src,src/air/test/doubleprint,562
teem-1.6.0-src,src/air/test/floatprint,556
teem-1.6.0-src,src/air/test/tline,365
teem-1.6.0-src,src/air/test/fp,1514
teem-1.6.0-src,src/air/test/tmop,555
teem-1.6.0-src,src/air/test/tok,250
teem-1.6.0-src,src/limn/hestLimn,966
teem-1.6.0-src,src/limn/qn,2501
teem-1.6.0-src,src/limn/splineEval,5561
teem-1.6.0-src,src/limn/splineMethods,4335
teem-1.6.0-src,src/limn/renderLimn,2855
teem-1.6.0-src,src/limn/obj,676
teem-1.6.0-src,src/limn/shapes,3440
teem-1.6.0-src,src/limn/methodsLimn,192
teem-1.6.0-src,src/limn/transform,2833
teem-1.6.0-src,src/limn/cam,4558
teem-1.6.0-src,src/limn/light,762
teem-1.6.0-src,src/limn/splineMisc,14262
teem-1.6.0-src,src/limn/env,1116
teem-1.6.0-src,src/limn/io,685
teem-1.6.0-src,src/limn/test/soid,3293
teem-1.6.0-src,src/limn/test/tps,2400
teem-1.6.0-src,src/limn/test/tcam,1164
teem-1.6.0-src,src/limn/test/tbc,1596
teem-1.6.0-src,src/limn/test/tcamanim,3087
teem-1.6.0-src,src/limn/test/light,448
teem-1.6.0-src,src/limn/test/map,254
teem-1.6.0-src,src/limn/test/tspline,1905
teem-1.6.0-src,src/limn/defaultsLimn,13
teem-1.6.0-src,src/bane/gkmsFlotsam,2906
teem-1.6.0-src,src/bane/trex,342
teem-1.6.0-src,src/bane/methodsBane,531
teem-1.6.0-src,src/bane/clip,1427
teem-1.6.0-src,src/bane/gkmsHvol,2714
teem-1.6.0-src,src/bane/gkmsScat,1456
teem-1.6.0-src,src/bane/valid,2226
teem-1.6.0-src,src/bane/gkmsMite,1112
teem-1.6.0-src,src/bane/gkmsOpac,3065
teem-1.6.0-src,src/bane/gkmsTxf,2948
teem-1.6.0-src,src/bane/hvol,6153
teem-1.6.0-src,src/bane/scat,681
teem-1.6.0-src,src/bane/measr,1694
teem-1.6.0-src,src/bane/trnsf,4039
teem-1.6.0-src,src/bane/gkmsPvg,2846
teem-1.6.0-src,src/bane/gkmsInfo,1269
teem-1.6.0-src,src/bane/defaultsBane,29
teem-1.6.0-src,src/bane/test/sigma,137
teem-1.6.0-src,src/bane/test/pos,529
teem-1.6.0-src,src/bane/test/tblah,937
teem-1.6.0-src,src/bane/test/opac,422
teem-1.6.0-src,src/bane/test/tinfo,469
teem-1.6.0-src,src/bane/inc,3637
teem-1.6.0-src,src/bane/rangeBane,1665
teem-1.6.0-src,src/alan/methodsAlan,2004
teem-1.6.0-src,src/alan/coreAlan,3843
teem-1.6.0-src,src/alan/enumsAlan,2480
teem-1.6.0-src,src/alan/test/tspot,855
teem-1.6.0-src,src/echo/sqd,6925
teem-1.6.0-src,src/echo/set,832
teem-1.6.0-src,src/echo/renderEcho,4446
teem-1.6.0-src,src/echo/bounds,6099
teem-1.6.0-src,src/echo/matter,300
teem-1.6.0-src,src/echo/methodsEcho,481
teem-1.6.0-src,src/echo/model,1056
teem-1.6.0-src,src/echo/intx,12652
teem-1.6.0-src,src/echo/enumsEcho,13168
teem-1.6.0-src,src/echo/list,1204
teem-1.6.0-src,src/echo/color,7524
teem-1.6.0-src,src/echo/lightEcho,641
teem-1.6.0-src,src/echo/objmethods,1056
teem-1.6.0-src,src/echo/test/test,858
teem-1.6.0-src,src/echo/test/trend,7049
teem-1.6.0-src,src/nrrd/methodsNrrd,3621
teem-1.6.0-src,src/nrrd/endianNrrd,667
teem-1.6.0-src,src/nrrd/format,644
teem-1.6.0-src,src/nrrd/simple,4087
teem-1.6.0-src,src/nrrd/encodingRaw,1772
teem-1.6.0-src,src/nrrd/encodingGzip,605
teem-1.6.0-src,src/nrrd/range,512
teem-1.6.0-src,src/nrrd/apply1D,7082
teem-1.6.0-src,src/nrrd/histogram,5505
teem-1.6.0-src,src/nrrd/hestNrrd,1019
teem-1.6.0-src,src/nrrd/keyvalue,629
teem-1.6.0-src,src/nrrd/measure,7572
teem-1.6.0-src,src/nrrd/formatPNG,678
teem-1.6.0-src,src/nrrd/encoding,620
teem-1.6.0-src,src/nrrd/winKernel,19144
teem-1.6.0-src,src/nrrd/gzio,0
teem-1.6.0-src,src/nrrd/encodingBzip2,530
teem-1.6.0-src,src/nrrd/reorder,7996
teem-1.6.0-src,src/nrrd/cc,9638
teem-1.6.0-src,src/nrrd/write,3586
teem-1.6.0-src,src/nrrd/comment,359
teem-1.6.0-src,src/nrrd/axis,2536
teem-1.6.0-src,src/nrrd/convertNrrd,3278
teem-1.6.0-src,src/nrrd/tmfKernel,146541
teem-1.6.0-src,src/nrrd/arraysNrrd,2368
teem-1.6.0-src,src/nrrd/formatText,2454
teem-1.6.0-src,src/nrrd/formatNRRD,3260
teem-1.6.0-src,src/nrrd/resampleNrrd,5832
teem-1.6.0-src,src/nrrd/enumsNrrd,86276
teem-1.6.0-src,src/nrrd/subset,2268
teem-1.6.0-src,src/nrrd/kernel,22422
teem-1.6.0-src,src/nrrd/defaultsNrrd,655
teem-1.6.0-src,src/nrrd/filt,4998
teem-1.6.0-src,src/nrrd/map,4683
teem-1.6.0-src,src/nrrd/formatPNM,2623
teem-1.6.0-src,src/nrrd/formatVTK,5051
teem-1.6.0-src,src/nrrd/superset,4060
teem-1.6.0-src,src/nrrd/iter,511
teem-1.6.0-src,src/nrrd/read,2483
teem-1.6.0-src,src/nrrd/encodingAscii,1325
teem-1.6.0-src,src/nrrd/encodingHex,1464
teem-1.6.0-src,src/nrrd/test/tread,252
teem-1.6.0-src,src/nrrd/test/typestest,368
teem-1.6.0-src,src/nrrd/test/minmax,276
teem-1.6.0-src,src/nrrd/test/convo,1673
teem-1.6.0-src,src/nrrd/test/tkernel,1699
teem-1.6.0-src,src/nrrd/test/tline,310
teem-1.6.0-src,src/nrrd/test/trand,145
teem-1.6.0-src,src/nrrd/test/kv,327
teem-1.6.0-src,src/nrrd/test/ax,2819
teem-1.6.0-src,src/nrrd/test/io,341
teem-1.6.0-src,src/nrrd/test/quadvol,1577
teem-1.6.0-src,src/nrrd/test/genvol,1515
teem-1.6.0-src,src/nrrd/ccmethods,992
teem-1.6.0-src,src/nrrd/parseNrrd,5586
teem-1.6.0-src,src/nrrd/accessors,5715
teem-1.6.0-src,src/nrrd/formatEPS,2261
teem-1.6.0-src,src/nrrd/arith,4823
teem-1.6.0-src,src/hoover/defaultsHoover,19
teem-1.6.0-src,src/hoover/rays,3235
teem-1.6.0-src,src/hoover/stub,44
teem-1.6.0-src,src/hoover/methodsHoover,1550
teem-1.6.0-src,src/hest/methodsHest,1893
teem-1.6.0-src,src/hest/usage,2206
teem-1.6.0-src,src/hest/parseHest,10338
teem-1.6.0-src,src/hest/defaultsHest,12
teem-1.6.0-src,src/hest/test/strings,1087
teem-1.6.0-src,src/hest/test/ex0,401
teem-1.6.0-src,src/hest/test/ex3,1466
teem-1.6.0-src,src/hest/test/bday,970
teem-1.6.0-src,src/hest/test/ex5,721
teem-1.6.0-src,src/hest/test/ex4,1036
teem-1.6.0-src,src/hest/test/ex2,952
teem-1.6.0-src,src/hest/test/ex1,1047
teem-1.6.0-src,src/biff/test/test,212
teem-1.6.0-src,src/biff/biff,2147
teem-1.6.0-src,src/ten/tendShrink,912
teem-1.6.0-src,src/ten/tendSim,1316
teem-1.6.0-src,src/ten/defaultsTen,64
teem-1.6.0-src,src/ten/mod,2593
teem-1.6.0-src,src/ten/tendEvec,1626
teem-1.6.0-src,src/ten/tendMake,925
teem-1.6.0-src,src/ten/tendPoint,1524
teem-1.6.0-src,src/ten/chan,7493
teem-1.6.0-src,src/ten/tendAnhist,1123
teem-1.6.0-src,src/ten/tendEllipse,2353
teem-1.6.0-src,src/ten/tendSatin,5088
teem-1.6.0-src,src/ten/tendEpireg,4336
teem-1.6.0-src,src/ten/tendEvq,2133
teem-1.6.0-src,src/ten/tendEvaladd,944
teem-1.6.0-src,src/ten/tendSlice,965
teem-1.6.0-src,src/ten/tendEvalclamp,1228
teem-1.6.0-src,src/ten/glyph,4719
teem-1.6.0-src,src/ten/tendBmat,1293
teem-1.6.0-src,src/ten/tendAnplot,1601
teem-1.6.0-src,src/ten/tensor,5826
teem-1.6.0-src,src/ten/fiber,4110
teem-1.6.0-src,src/ten/tenGage,3569
teem-1.6.0-src,src/ten/tendSten,1298
teem-1.6.0-src,src/ten/tendFiber,2496
teem-1.6.0-src,src/ten/enumsTen,26184
teem-1.6.0-src,src/ten/tendEval,1564
teem-1.6.0-src,src/ten/tendEvecrgb,1843
teem-1.6.0-src,src/ten/tendEstim,3733
teem-1.6.0-src,src/ten/tendFlotsam,1250
teem-1.6.0-src,src/ten/tendGlyph,6456
teem-1.6.0-src,src/ten/fiberMethods,2481
teem-1.6.0-src,src/ten/miscTen,3237
teem-1.6.0-src,src/ten/tendNorm,1269
teem-1.6.0-src,src/ten/tendAnscale,1335
teem-1.6.0-src,src/ten/tendAnvol,1457
teem-1.6.0-src,src/ten/aniso,3227
teem-1.6.0-src,src/ten/tendEvalpow,855
teem-1.6.0-src,src/ten/test/tg,2311
teem-1.6.0-src,src/ten/test/tem,1004
teem-1.6.0-src,src/ten/test/tt,2646
teem-1.6.0-src,src/ten/bimod,5441
teem-1.6.0-src,src/ten/tendExpand,1404
teem-1.6.0-src,src/ten/epireg,12075
teem-1.6.0-src,src/moss/hestMoss,1050
teem-1.6.0-src,src/moss/methodsMoss,960
teem-1.6.0-src,src/moss/sampler,1997
teem-1.6.0-src,src/moss/xform,2842
teem-1.6.0-src,src/moss/defaultsMoss,17
teem-1.6.0-src,src/moss/test/invert,296
teem-1.6.0-src,src/unrrdu/gamma,1290
teem-1.6.0-src,src/unrrdu/ccsettle,1018
teem-1.6.0-src,src/unrrdu/axsplit,1104
teem-1.6.0-src,src/unrrdu/swap,841
teem-1.6.0-src,src/unrrdu/unquantize,1111
teem-1.6.0-src,src/unrrdu/flotsam,2614
teem-1.6.0-src,src/unrrdu/imap,2414
teem-1.6.0-src,src/unrrdu/jhisto,2493
teem-1.6.0-src,src/unrrdu/join,1440
teem-1.6.0-src,src/unrrdu/data,1264
teem-1.6.0-src,src/unrrdu/block,1102
teem-1.6.0-src,src/unrrdu/cmedian,2412
teem-1.6.0-src,src/unrrdu/ccadj,1149
teem-1.6.0-src,src/unrrdu/inset,1333
teem-1.6.0-src,src/unrrdu/resample,3274
teem-1.6.0-src,src/unrrdu/unblock,1122
teem-1.6.0-src,src/unrrdu/minmax,1074
teem-1.6.0-src,src/unrrdu/project,1841
teem-1.6.0-src,src/unrrdu/head,1374
teem-1.6.0-src,src/unrrdu/permute,997
teem-1.6.0-src,src/unrrdu/ccmerge,2587
teem-1.6.0-src,src/unrrdu/1op,1623
teem-1.6.0-src,src/unrrdu/ccfind,1669
teem-1.6.0-src,src/unrrdu/lut,2029
teem-1.6.0-src,src/unrrdu/crop,1372
teem-1.6.0-src,src/unrrdu/rmap,2469
teem-1.6.0-src,src/unrrdu/axdelete,1366
teem-1.6.0-src,src/unrrdu/histo,1458
teem-1.6.0-src,src/unrrdu/flip,802
teem-1.6.0-src,src/unrrdu/convert,1140
teem-1.6.0-src,src/unrrdu/slice,1201
teem-1.6.0-src,src/unrrdu/2op,2126
teem-1.6.0-src,src/unrrdu/dice,1722
teem-1.6.0-src,src/unrrdu/save,2694
teem-1.6.0-src,src/unrrdu/3op,2236
teem-1.6.0-src,src/unrrdu/axinfo,1353
teem-1.6.0-src,src/unrrdu/axmerge,1323
teem-1.6.0-src,src/unrrdu/histax,1283
teem-1.6.0-src,src/unrrdu/pad,1720
teem-1.6.0-src,src/unrrdu/dhisto,1286
teem-1.6.0-src,src/unrrdu/reshape,974
teem-1.6.0-src,src/unrrdu/shuffle,1628
teem-1.6.0-src,src/unrrdu/axinsert,1077
teem-1.6.0-src,src/unrrdu/splice,1345
teem-1.6.0-src,src/unrrdu/make,6218
teem-1.6.0-src,src/unrrdu/quantize,1590
teem-1.6.0-src,src/unrrdu/about,2715
teem-1.6.0-src,src/unrrdu/heq,2025
teem-1.6.0-src,src/mite/renderMite,989
teem-1.6.0-src,src/mite/ray,3694
teem-1.6.0-src,src/mite/txf,7055
teem-1.6.0-src,src/mite/thread,262
teem-1.6.0-src,src/mite/user,787
teem-1.6.0-src,src/mite/defaultsMite,37
teem-1.6.0-src,src/hex/dehex,1231
teem-1.6.0-src,src/hex/enhex,709
teem-1.6.0-src,src/dye/methodsDye,1886
teem-1.6.0-src,src/dye/test/bow,558
teem-1.6.0-src,src/dye/test/conv,356
teem-1.6.0-src,src/dye/convertDye,3228
teem-1.6.0-src,src/gage/sclprint,873
teem-1.6.0-src,src/gage/vecGage,13804
teem-1.6.0-src,src/gage/sclfilter,9649
teem-1.6.0-src,src/gage/scl,19232
teem-1.6.0-src,src/gage/update,4104
teem-1.6.0-src,src/gage/ctx,3996
teem-1.6.0-src,src/gage/print,5205
teem-1.6.0-src,src/gage/filter,3019
teem-1.6.0-src,src/gage/st,2831
teem-1.6.0-src,src/gage/sclanswer,6729
teem-1.6.0-src,src/gage/vecprint,48
teem-1.6.0-src,src/gage/defaultsGage,53
teem-1.6.0-src,src/gage/pvl,1323
teem-1.6.0-src,src/gage/miscGage,5195
teem-1.6.0-src,src/gage/shape,2860
teem-1.6.0-src,src/ell/miscEll,975
teem-1.6.0-src,src/ell/genmat,2863
teem-1.6.0-src,src/ell/vecEll,1454
teem-1.6.0-src,src/ell/eigen,4196
teem-1.6.0-src,src/ell/quat,14626
teem-1.6.0-src,src/ell/cubicEll,1964
teem-1.6.0-src,src/ell/mat,24754
teem-1.6.0-src,src/ell/test/sort3,594
teem-1.6.0-src,src/ell/test/invert,625
teem-1.6.0-src,src/ell/test/tq,5299
ttt-0.10.1.preproc,src/engine,1460
ttt-0.10.1.preproc,src/parse,1075
ttt-0.10.1.preproc,src/main,945
ttt-0.10.1.preproc,src/util,1692
ttt-0.10.1.preproc,src/ttt,4237
ttt-0.10.1.preproc,src/connect4,2861
unrarlib-0.4.0,samples/unix/getfile/getfile,725
unrarlib-0.4.0,samples/unix/listarchive/listarchive,906
unrarlib-0.4.0,unrarlib/unrarlib,9524
zlib-1.1.4,compress,114
zlib-1.1.4,crc32,1216
zlib-1.1.4,zutil,203
zlib-1.1.4,inffast,846
zlib-1.1.4,uncompr,94
zlib-1.1.4,adler32,184
zlib-1.1.4,deflate,4184
zlib-1.1.4,inftrees,6357
zlib-1.1.4,gzio,2499
zlib-1.1.4,trees,7496
zlib-1.1.4,inflate,1327
zlib-1.1.4,infutil,252
zlib-1.1.4,infblock,2270
zlib-1.1.4,infcodes,1374
