size
"2",,"","","","","arm-none-eabi-gcc (GCC) 12.1.0"
"","-Os -std=gnu89 -mthumb -mcpu=arm966e-s -mno-thumb-interwork"
bzip2-1.0.2,huffman,908
bzip2-1.0.2,decompress,6851
bzip2-1.0.2,bzip2recover,2837
bzip2-1.0.2,crctable,1024
bzip2-1.0.2,compress,6451
bzip2-1.0.2,randtable,2048
bzip2-1.0.2,bzlib,8515
bzip2-1.0.2,blocksort,5003
bzip2-1.0.2,bzip2,13689
cg_compiler_opensrc,support,18443
cg_compiler_opensrc,cgcmain,1959
cg_compiler_opensrc,constfold,3344
cg_compiler_opensrc,support_iter,1434
cg_compiler_opensrc,symbols,4749
cg_compiler_opensrc,printutils,7963
cg_compiler_opensrc,atom,2804
cg_compiler_opensrc,cpp,4906
cg_compiler_opensrc,compile,9594
cg_compiler_opensrc,cgstruct,76
cg_compiler_opensrc,tokens,2269
cg_compiler_opensrc,binding,1059
cg_compiler_opensrc,hal,1895
cg_compiler_opensrc,stdlib,3222
cg_compiler_opensrc,check,2561
cg_compiler_opensrc,generic_hal,2111
cg_compiler_opensrc,memory,384
cg_compiler_opensrc,tokenize,546
cg_compiler_opensrc,scanner,4591
cg_compiler_opensrc,parser,13435
cg_compiler_opensrc,semantic,3482
cg_compiler_opensrc,inline,2114
compiler,cg,1999
compiler,vam,3081
compiler,vas,5582
compiler,scanner,2731
compiler,parser,3699
compiler,main,1830
flex-2.5.31,regex,419
flex-2.5.31,yylex,760
flex-2.5.31,skel,94034
flex-2.5.31,filter,1741
flex-2.5.31,scanopt,2406
flex-2.5.31,ccl,736
flex-2.5.31,parse,6777
flex-2.5.31,nfa,2852
flex-2.5.31,misc,4298
flex-2.5.31,scan,36946
flex-2.5.31,dfa,5254
flex-2.5.31,tblcmp,2576
flex-2.5.31,tables,1549
flex-2.5.31,buf,711
flex-2.5.31,ecs,412
flex-2.5.31,sym,687
flex-2.5.31,libmain,12
flex-2.5.31,tables_shared,22
flex-2.5.31,options,2610
flex-2.5.31,libyywrap,4
flex-2.5.31,main,14278
flex-2.5.31,gen,20002
jikespg-1.3,src/mkstates,2186
jikespg-1.3,src/prntstat,2476
jikespg-1.3,src/resolve,9040
jikespg-1.3,src/globals,264
jikespg-1.3,src/ctabs,41264
jikespg-1.3,src/produce,8233
jikespg-1.3,src/mkred,5296
jikespg-1.3,src/ptables,2551
jikespg-1.3,src/lpgparse,36389
jikespg-1.3,src/lpgutil,3447
jikespg-1.3,src/spacetab,15176
jikespg-1.3,src/remsp,5842
jikespg-1.3,src/partset,1304
jikespg-1.3,src/mkfirst,11168
jikespg-1.3,src/main,5203
jikespg-1.3,src/tabutil,9822
jikespg-1.3,src/timetab,7472
jpeg-6b,jcmainct,304
jpeg-6b,wrtarga,688
jpeg-6b,jdmainct,1252
jpeg-6b,jdsample,1288
jpeg-6b,jdmaster,1392
jpeg-6b,jdpostct,612
jpeg-6b,jquant1,2336
jpeg-6b,wrbmp,1844
jpeg-6b,djpeg,5403
jpeg-6b,jcinit,156
jpeg-6b,rdjpgcom,1971
jpeg-6b,rdgif,81
jpeg-6b,jfdctint,556
jpeg-6b,wrppm,450
jpeg-6b,wrjpgcom,2735
jpeg-6b,jcapistd,368
jpeg-6b,jchuff,2500
jpeg-6b,jdcolor,944
jpeg-6b,jpegtran,3296
jpeg-6b,jcparam,2508
jpeg-6b,jdmerge,1084
jpeg-6b,jddctmgr,664
jpeg-6b,ansi2knr,2008
jpeg-6b,jfdctfst,360
jpeg-6b,jccolor,1212
jpeg-6b,jdphuff,2424
jpeg-6b,jmemmgr,2382
jpeg-6b,jfdctflt,732
jpeg-6b,wrrle,0
jpeg-6b,jidctfst,700
jpeg-6b,jcmaster,2000
jpeg-6b,jdatadst,204
jpeg-6b,jutils,408
jpeg-6b,rdswitch,1472
jpeg-6b,jcprepct,1016
jpeg-6b,rdcolmap,1080
jpeg-6b,jcdctmgr,1112
jpeg-6b,jdapimin,800
jpeg-6b,jcomapi,106
jpeg-6b,rdbmp,1368
jpeg-6b,jdcoefct,2660
jpeg-6b,jerror,5382
jpeg-6b,jidctred,1000
jpeg-6b,jidctint,920
jpeg-6b,cjpeg,5049
jpeg-6b,rdppm,1320
jpeg-6b,jquant2,3244
jpeg-6b,jdapistd,704
jpeg-6b,cdjpeg,96
jpeg-6b,transupp,3384
jpeg-6b,rdtarga,1348
jpeg-6b,wrgif,1716
jpeg-6b,jdhuff,2092
jpeg-6b,jctrans,1128
jpeg-6b,jdmarker,4864
jpeg-6b,jcmarker,1544
jpeg-6b,jccoefct,1444
jpeg-6b,jcsample,1568
jpeg-6b,jcapimin,600
jpeg-6b,jmemnobs,64
jpeg-6b,jidctflt,1116
jpeg-6b,jdtrans,268
jpeg-6b,jdatasrc,228
jpeg-6b,jdinput,980
jpeg-6b,jcphuff,2068
jpeg-6b,rdrle,0
libmspack,test/md5,2628
libmspack,test/cabd_md5,1009
libmspack,test/cabextract_md5,17750
libmspack,test/cabrip,349
libmspack,test/chmd_md5,882
libmspack,test/cabd_test,8782
libmspack,mspack/lzxc,0
libmspack,mspack/qtmc,0
libmspack,mspack/kwajc,6
libmspack,mspack/cabc,6
libmspack,mspack/szddc,6
libmspack,mspack/cabd,4288
libmspack,mspack/hlpd,6
libmspack,mspack/litd,6
libmspack,mspack/mszipd,22
libmspack,mspack/kwajd,6
libmspack,mspack/qtmd,4368
libmspack,mspack/litc,6
libmspack,mspack/lzxd,4980
libmspack,mspack/mszipc,0
libmspack,mspack/chmd,2596
libmspack,mspack/szddd,6
libmspack,mspack/chmc,6
libmspack,mspack/system,522
libmspack,mspack/hlpc,6
libpng-1.2.5,pngtrans,1708
libpng-1.2.5,pngwrite,5197
libpng-1.2.5,pngtest,5224
libpng-1.2.5,pngerror,703
libpng-1.2.5,pngpread,5003
libpng-1.2.5,pngrutil,13023
libpng-1.2.5,pngrio,273
libpng-1.2.5,pngread,5406
libpng-1.2.5,pngrtran,14992
libpng-1.2.5,pngwio,309
libpng-1.2.5,pngwtran,1300
libpng-1.2.5,png,2329
libpng-1.2.5,png2pnm,2170
libpng-1.2.5,pngwutil,10226
libpng-1.2.5,pngmem,425
libpng-1.2.5,pnm2png,2413
libpng-1.2.5,pngget,2148
libpng-1.2.5,pngset,5021
linux-2.4.23-pre3-testplatform,net/socket,4380
linux-2.4.23-pre3-testplatform,net/8021q/vlanproc,14
linux-2.4.23-pre3-testplatform,net/8021q/vlan,548
linux-2.4.23-pre3-testplatform,net/8021q/vlan_dev,2962
linux-2.4.23-pre3-testplatform,net/802/p8023,86
linux-2.4.23-pre3-testplatform,net/netlink/af_netlink,2928
linux-2.4.23-pre3-testplatform,net/ipv4/ip_sockglue,3588
linux-2.4.23-pre3-testplatform,net/ipv4/proc,2506
linux-2.4.23-pre3-testplatform,net/ipv4/inetpeer,1422
linux-2.4.23-pre3-testplatform,net/ipv4/tcp,10261
linux-2.4.23-pre3-testplatform,net/ipv4/tcp_timer,2770
linux-2.4.23-pre3-testplatform,net/ipv4/ip_forward,340
linux-2.4.23-pre3-testplatform,net/ipv4/ip_output,3451
linux-2.4.23-pre3-testplatform,net/ipv4/ip_input,520
linux-2.4.23-pre3-testplatform,net/ipv4/tcp_input,16323
linux-2.4.23-pre3-testplatform,net/ipv4/tcp_ipv4,10109
linux-2.4.23-pre3-testplatform,net/ipv4/sysctl_net_ipv4,0
linux-2.4.23-pre3-testplatform,net/ipv4/route,8168
linux-2.4.23-pre3-testplatform,net/ipv4/protocol,366
linux-2.4.23-pre3-testplatform,net/ipv4/devinet,4015
linux-2.4.23-pre3-testplatform,net/ipv4/tcp_output,7375
linux-2.4.23-pre3-testplatform,net/ipv4/udp,4136
linux-2.4.23-pre3-testplatform,net/ipv4/ip_options,2414
linux-2.4.23-pre3-testplatform,net/ipv4/tcp_minisocks,3319
linux-2.4.23-pre3-testplatform,net/ipv4/utils,56
linux-2.4.23-pre3-testplatform,net/ipv4/igmp,7486
linux-2.4.23-pre3-testplatform,net/ipv4/arp,3568
linux-2.4.23-pre3-testplatform,net/ipv4/af_inet,3869
linux-2.4.23-pre3-testplatform,net/ipv4/ip_fragment,2281
linux-2.4.23-pre3-testplatform,net/ipv4/fib_hash,2605
linux-2.4.23-pre3-testplatform,net/ipv4/tcp_diag,2566
linux-2.4.23-pre3-testplatform,net/ipv4/raw,2668
linux-2.4.23-pre3-testplatform,net/ipv4/fib_semantics,2423
linux-2.4.23-pre3-testplatform,net/ipv4/fib_frontend,1752
linux-2.4.23-pre3-testplatform,net/ipv4/icmp,3086
linux-2.4.23-pre3-testplatform,net/sunrpc/xprt,4450
linux-2.4.23-pre3-testplatform,net/sunrpc/timer,128
linux-2.4.23-pre3-testplatform,net/sunrpc/auth_null,240
linux-2.4.23-pre3-testplatform,net/sunrpc/sched,2811
linux-2.4.23-pre3-testplatform,net/sunrpc/sunrpc_syms,0
linux-2.4.23-pre3-testplatform,net/sunrpc/svcauth,448
linux-2.4.23-pre3-testplatform,net/sunrpc/svcsock,3089
linux-2.4.23-pre3-testplatform,net/sunrpc/xdr,1420
linux-2.4.23-pre3-testplatform,net/sunrpc/auth_unix,554
linux-2.4.23-pre3-testplatform,net/sunrpc/clnt,3320
linux-2.4.23-pre3-testplatform,net/sunrpc/pmap_clnt,617
linux-2.4.23-pre3-testplatform,net/sunrpc/auth,688
linux-2.4.23-pre3-testplatform,net/sunrpc/svc,1609
linux-2.4.23-pre3-testplatform,net/ethernet/eth,489
linux-2.4.23-pre3-testplatform,net/sched/sch_generic,1926
linux-2.4.23-pre3-testplatform,net/core/skbuff,4469
linux-2.4.23-pre3-testplatform,net/core/neighbour,5785
linux-2.4.23-pre3-testplatform,net/core/iovec,664
linux-2.4.23-pre3-testplatform,net/core/dst,636
linux-2.4.23-pre3-testplatform,net/core/dev_mcast,623
linux-2.4.23-pre3-testplatform,net/core/sock,2469
linux-2.4.23-pre3-testplatform,net/core/utils,185
linux-2.4.23-pre3-testplatform,net/core/rtnetlink,2245
linux-2.4.23-pre3-testplatform,net/core/scm,602
linux-2.4.23-pre3-testplatform,net/core/dev,7072
linux-2.4.23-pre3-testplatform,net/core/ethtool,98
linux-2.4.23-pre3-testplatform,net/core/datagram,1291
linux-2.4.23-pre3-testplatform,kernel/timer,1789
linux-2.4.23-pre3-testplatform,kernel/printk,1432
linux-2.4.23-pre3-testplatform,kernel/info,188
linux-2.4.23-pre3-testplatform,kernel/sched,2174
linux-2.4.23-pre3-testplatform,kernel/ptrace,592
linux-2.4.23-pre3-testplatform,kernel/kmod,208
linux-2.4.23-pre3-testplatform,kernel/dma,12
linux-2.4.23-pre3-testplatform,kernel/fork,953
linux-2.4.23-pre3-testplatform,kernel/time,480
linux-2.4.23-pre3-testplatform,kernel/acct,6
linux-2.4.23-pre3-testplatform,kernel/context,359
linux-2.4.23-pre3-testplatform,kernel/user,164
linux-2.4.23-pre3-testplatform,kernel/exit,591
linux-2.4.23-pre3-testplatform,kernel/capability,16
linux-2.4.23-pre3-testplatform,kernel/softirq,1514
linux-2.4.23-pre3-testplatform,kernel/sysctl,72
linux-2.4.23-pre3-testplatform,kernel/itimer,288
linux-2.4.23-pre3-testplatform,kernel/resource,857
linux-2.4.23-pre3-testplatform,kernel/exec_domain,455
linux-2.4.23-pre3-testplatform,kernel/sys,1528
linux-2.4.23-pre3-testplatform,kernel/module,743
linux-2.4.23-pre3-testplatform,kernel/signal,1991
linux-2.4.23-pre3-testplatform,kernel/panic,471
linux-2.4.23-pre3-testplatform,ipc/msg,1218
linux-2.4.23-pre3-testplatform,ipc/sem,2306
linux-2.4.23-pre3-testplatform,ipc/util,615
linux-2.4.23-pre3-testplatform,ipc/shm,1439
linux-2.4.23-pre3-testplatform,arch/testplatform/kernel/init_task,9916
linux-2.4.23-pre3-testplatform,arch/testplatform/kernel/head,2
linux-2.4.23-pre3-testplatform,arch/testplatform/kernel/sys_s390,448
linux-2.4.23-pre3-testplatform,arch/testplatform/kernel/s390fpu,16
linux-2.4.23-pre3-testplatform,arch/testplatform/kernel/entry,18
linux-2.4.23-pre3-testplatform,arch/testplatform/kernel/ptrace,976
linux-2.4.23-pre3-testplatform,arch/testplatform/kernel/cpcmd,2
linux-2.4.23-pre3-testplatform,arch/testplatform/kernel/traps,3866
linux-2.4.23-pre3-testplatform,arch/testplatform/kernel/time,10
linux-2.4.23-pre3-testplatform,arch/testplatform/kernel/debug,2866
linux-2.4.23-pre3-testplatform,arch/testplatform/kernel/s390_ext,460
linux-2.4.23-pre3-testplatform,arch/testplatform/kernel/reipl,2
linux-2.4.23-pre3-testplatform,arch/testplatform/kernel/bitmap,3
linux-2.4.23-pre3-testplatform,arch/testplatform/kernel/ebcdic,1536
linux-2.4.23-pre3-testplatform,arch/testplatform/kernel/needed,16
linux-2.4.23-pre3-testplatform,arch/testplatform/kernel/signal,1032
linux-2.4.23-pre3-testplatform,arch/testplatform/kernel/setup,1664
linux-2.4.23-pre3-testplatform,arch/testplatform/kernel/irq,18
linux-2.4.23-pre3-testplatform,arch/testplatform/kernel/semaphore,46
linux-2.4.23-pre3-testplatform,arch/testplatform/kernel/process,568
linux-2.4.23-pre3-testplatform,arch/testplatform/mm/fault,178
linux-2.4.23-pre3-testplatform,arch/testplatform/mm/ioremap,539
linux-2.4.23-pre3-testplatform,arch/testplatform/mm/init,1360
linux-2.4.23-pre3-testplatform,arch/testplatform/mm/extable,60
linux-2.4.23-pre3-testplatform,arch/testplatform/lib/checksum,4
linux-2.4.23-pre3-testplatform,arch/testplatform/lib/strncpy,4
linux-2.4.23-pre3-testplatform,arch/testplatform/lib/uaccess,12
linux-2.4.23-pre3-testplatform,arch/testplatform/lib/delay,4
linux-2.4.23-pre3-testplatform,arch/testplatform/lib/misaligned,132
linux-2.4.23-pre3-testplatform,arch/testplatform/lib/strcmp,4
linux-2.4.23-pre3-testplatform,arch/testplatform/lib/memset,4
linux-2.4.23-pre3-testplatform,arch/testplatform/lib/memcpy,4
linux-2.4.23-pre3-testplatform,mm/mlock,460
linux-2.4.23-pre3-testplatform,mm/slab,2734
linux-2.4.23-pre3-testplatform,mm/swap,350
linux-2.4.23-pre3-testplatform,mm/shmem,4147
linux-2.4.23-pre3-testplatform,mm/swap_state,827
linux-2.4.23-pre3-testplatform,mm/oom_kill,479
linux-2.4.23-pre3-testplatform,mm/swapfile,2475
linux-2.4.23-pre3-testplatform,mm/vmalloc,1579
linux-2.4.23-pre3-testplatform,mm/mremap,520
linux-2.4.23-pre3-testplatform,mm/vmscan,46
linux-2.4.23-pre3-testplatform,mm/filemap,7037
linux-2.4.23-pre3-testplatform,mm/mmap,1798
linux-2.4.23-pre3-testplatform,mm/page_io,443
linux-2.4.23-pre3-testplatform,mm/page_alloc,2335
linux-2.4.23-pre3-testplatform,mm/memory,2780
linux-2.4.23-pre3-testplatform,mm/numa,880
linux-2.4.23-pre3-testplatform,mm/bootmem,1255
linux-2.4.23-pre3-testplatform,mm/mprotect,568
linux-2.4.23-pre3-testplatform,lib/dec_and_lock,0
linux-2.4.23-pre3-testplatform,lib/rbtree,642
linux-2.4.23-pre3-testplatform,lib/dump_stack,70
linux-2.4.23-pre3-testplatform,lib/zlib_inflate/inffast,718
linux-2.4.23-pre3-testplatform,lib/zlib_inflate/inftrees,6133
linux-2.4.23-pre3-testplatform,lib/zlib_inflate/infblock,1954
linux-2.4.23-pre3-testplatform,lib/zlib_inflate/infutil,258
linux-2.4.23-pre3-testplatform,lib/zlib_inflate/infcodes,1294
linux-2.4.23-pre3-testplatform,lib/zlib_inflate/inflate,1722
linux-2.4.23-pre3-testplatform,lib/zlib_inflate/inflate_syms,0
linux-2.4.23-pre3-testplatform,lib/zlib_deflate/deflate_syms,0
linux-2.4.23-pre3-testplatform,lib/zlib_deflate/deflate,3828
linux-2.4.23-pre3-testplatform,lib/zlib_deflate/deftree,6048
linux-2.4.23-pre3-testplatform,lib/rwsem-spinlock,270
linux-2.4.23-pre3-testplatform,lib/bust_spinlocks,50
linux-2.4.23-pre3-testplatform,lib/vsprintf,2625
linux-2.4.23-pre3-testplatform,lib/brlock,0
linux-2.4.23-pre3-testplatform,lib/string,500
linux-2.4.23-pre3-testplatform,lib/ctype,256
linux-2.4.23-pre3-testplatform,lib/errno,0
linux-2.4.23-pre3-testplatform,lib/cmdline,172
linux-2.4.23-pre3-testplatform,init/do_mounts,3237
linux-2.4.23-pre3-testplatform,init/version,499
linux-2.4.23-pre3-testplatform,init/main,946
linux-2.4.23-pre3-testplatform,fs/seq_file,1332
linux-2.4.23-pre3-testplatform,fs/block_dev,2629
linux-2.4.23-pre3-testplatform,fs/dnotify,196
linux-2.4.23-pre3-testplatform,fs/pipe,1598
linux-2.4.23-pre3-testplatform,fs/xattr,616
linux-2.4.23-pre3-testplatform,fs/binfmt_elf,0
linux-2.4.23-pre3-testplatform,fs/attr,434
linux-2.4.23-pre3-testplatform,fs/filesystems,0
linux-2.4.23-pre3-testplatform,fs/locks,4202
linux-2.4.23-pre3-testplatform,fs/partitions/check,1199
linux-2.4.23-pre3-testplatform,fs/partitions/msdos,984
linux-2.4.23-pre3-testplatform,fs/bad_inode,236
linux-2.4.23-pre3-testplatform,fs/iobuf,631
linux-2.4.23-pre3-testplatform,fs/nfsd/export,3729
linux-2.4.23-pre3-testplatform,fs/nfsd/nfsproc,2903
linux-2.4.23-pre3-testplatform,fs/nfsd/stats,40
linux-2.4.23-pre3-testplatform,fs/nfsd/nfsctl,10
linux-2.4.23-pre3-testplatform,fs/nfsd/nfsxdr,1556
linux-2.4.23-pre3-testplatform,fs/nfsd/nfsfh,3558
linux-2.4.23-pre3-testplatform,fs/nfsd/nfs3proc,2594
linux-2.4.23-pre3-testplatform,fs/nfsd/lockd,192
linux-2.4.23-pre3-testplatform,fs/nfsd/nfs3xdr,3316
linux-2.4.23-pre3-testplatform,fs/nfsd/nfssvc,617
linux-2.4.23-pre3-testplatform,fs/nfsd/auth,116
linux-2.4.23-pre3-testplatform,fs/nfsd/nfscache,1319
linux-2.4.23-pre3-testplatform,fs/nfsd/vfs,5116
linux-2.4.23-pre3-testplatform,fs/fifo,384
linux-2.4.23-pre3-testplatform,fs/exec,1591
linux-2.4.23-pre3-testplatform,fs/file_table,579
linux-2.4.23-pre3-testplatform,fs/buffer,7337
linux-2.4.23-pre3-testplatform,fs/open,2097
linux-2.4.23-pre3-testplatform,fs/devices,742
linux-2.4.23-pre3-testplatform,fs/select,376
linux-2.4.23-pre3-testplatform,fs/super,2270
linux-2.4.23-pre3-testplatform,fs/fcntl,998
linux-2.4.23-pre3-testplatform,fs/dcache,2922
linux-2.4.23-pre3-testplatform,fs/char_dev,291
linux-2.4.23-pre3-testplatform,fs/read_write,1524
linux-2.4.23-pre3-testplatform,fs/namespace,1523
linux-2.4.23-pre3-testplatform,fs/ext3/balloc,4012
linux-2.4.23-pre3-testplatform,fs/ext3/symlink,112
linux-2.4.23-pre3-testplatform,fs/ext3/ialloc,2511
linux-2.4.23-pre3-testplatform,fs/ext3/super,10864
linux-2.4.23-pre3-testplatform,fs/ext3/bitmap,116
linux-2.4.23-pre3-testplatform,fs/ext3/ioctl,251
linux-2.4.23-pre3-testplatform,fs/ext3/fsync,8
linux-2.4.23-pre3-testplatform,fs/ext3/inode,7708
linux-2.4.23-pre3-testplatform,fs/ext3/namei,5267
linux-2.4.23-pre3-testplatform,fs/ext3/dir,1084
linux-2.4.23-pre3-testplatform,fs/ext3/file,300
linux-2.4.23-pre3-testplatform,fs/lockd/host,1216
linux-2.4.23-pre3-testplatform,fs/lockd/svcsubs,931
linux-2.4.23-pre3-testplatform,fs/lockd/clntlock,563
linux-2.4.23-pre3-testplatform,fs/lockd/svc4proc,2224
linux-2.4.23-pre3-testplatform,fs/lockd/svclock,1699
linux-2.4.23-pre3-testplatform,fs/lockd/lockd_syms,0
linux-2.4.23-pre3-testplatform,fs/lockd/xdr4,2780
linux-2.4.23-pre3-testplatform,fs/lockd/xdr,2979
linux-2.4.23-pre3-testplatform,fs/lockd/clntproc,1389
linux-2.4.23-pre3-testplatform,fs/lockd/svcproc,2304
linux-2.4.23-pre3-testplatform,fs/lockd/svcshare,290
linux-2.4.23-pre3-testplatform,fs/lockd/mon,854
linux-2.4.23-pre3-testplatform,fs/lockd/svc,659
linux-2.4.23-pre3-testplatform,fs/ioctl,308
linux-2.4.23-pre3-testplatform,fs/readdir,1145
linux-2.4.23-pre3-testplatform,fs/nfs/proc,1240
linux-2.4.23-pre3-testplatform,fs/nfs/unlink,552
linux-2.4.23-pre3-testplatform,fs/nfs/symlink,308
linux-2.4.23-pre3-testplatform,fs/nfs/nfs2xdr,2912
linux-2.4.23-pre3-testplatform,fs/nfs/read,1644
linux-2.4.23-pre3-testplatform,fs/nfs/flushd,348
linux-2.4.23-pre3-testplatform,fs/nfs/nfs3proc,1976
linux-2.4.23-pre3-testplatform,fs/nfs/pagelist,1495
linux-2.4.23-pre3-testplatform,fs/nfs/write,4146
linux-2.4.23-pre3-testplatform,fs/nfs/nfs3xdr,3908
linux-2.4.23-pre3-testplatform,fs/nfs/inode,5169
linux-2.4.23-pre3-testplatform,fs/nfs/dir,3300
linux-2.4.23-pre3-testplatform,fs/nfs/file,776
linux-2.4.23-pre3-testplatform,fs/ramfs/inode,743
linux-2.4.23-pre3-testplatform,fs/stat,432
linux-2.4.23-pre3-testplatform,fs/jbd/commit,3350
linux-2.4.23-pre3-testplatform,fs/jbd/checkpoint,2630
linux-2.4.23-pre3-testplatform,fs/jbd/journal,6071
linux-2.4.23-pre3-testplatform,fs/jbd/transaction,6485
linux-2.4.23-pre3-testplatform,fs/jbd/revoke,1647
linux-2.4.23-pre3-testplatform,fs/jbd/recovery,1650
linux-2.4.23-pre3-testplatform,fs/binfmt_script,300
linux-2.4.23-pre3-testplatform,fs/inode,3421
linux-2.4.23-pre3-testplatform,fs/namei,3336
linux-2.4.23-pre3-testplatform,fs/quota,1430
linux-2.4.23-pre3-testplatform,fs/file,549
linux-2.4.23-pre3-testplatform,drivers/net/net_init,571
linux-2.4.23-pre3-testplatform,drivers/net/auto_irq,48
linux-2.4.23-pre3-testplatform,drivers/net/setup,32
linux-2.4.23-pre3-testplatform,drivers/net/loopback,268
linux-2.4.23-pre3-testplatform,drivers/net/Space,3352
linux-2.4.23-pre3-testplatform,drivers/char/n_tty,4011
linux-2.4.23-pre3-testplatform,drivers/char/misc,692
linux-2.4.23-pre3-testplatform,drivers/char/pty,1343
linux-2.4.23-pre3-testplatform,drivers/char/mem,1812
linux-2.4.23-pre3-testplatform,drivers/char/random,3468
linux-2.4.23-pre3-testplatform,drivers/char/raw,964
linux-2.4.23-pre3-testplatform,drivers/char/tty_io,7468
linux-2.4.23-pre3-testplatform,drivers/char/tty_ioctl,1239
linux-2.4.23-pre3-testplatform,drivers/block/blkpg,652
linux-2.4.23-pre3-testplatform,drivers/block/elevator,504
linux-2.4.23-pre3-testplatform,drivers/block/genhd,182
linux-2.4.23-pre3-testplatform,drivers/block/ll_rw_blk,4009
lwip-0.5.3.preproc,src/core/ipv4/ip_addr,4
lwip-0.5.3.preproc,src/core/ipv4/ip,1192
lwip-0.5.3.preproc,src/core/ipv4/icmp,612
lwip-0.5.3.preproc,src/core/tcp,2043
lwip-0.5.3.preproc,src/core/pbuf,1060
lwip-0.5.3.preproc,src/core/inet,336
lwip-0.5.3.preproc,src/core/stats,20
lwip-0.5.3.preproc,src/core/tcp_input,3752
lwip-0.5.3.preproc,src/core/tcp_output,2028
lwip-0.5.3.preproc,src/core/mem,824
lwip-0.5.3.preproc,src/core/udp,884
lwip-0.5.3.preproc,src/core/sys,262
lwip-0.5.3.preproc,src/core/memp,584
lwip-0.5.3.preproc,src/core/netif,380
lwip-0.5.3.preproc,src/api/err,0
lwip-0.5.3.preproc,src/api/api_msg,1248
lwip-0.5.3.preproc,src/api/api_lib,1516
lwip-0.5.3.preproc,src/api/tcpip,244
lwip-0.5.3.preproc,src/api/sockets,828
lwip-0.5.3.preproc,src/netif/loopif,80
lwip-0.5.3.preproc,src/netif/arp,1068
lwip-0.5.3.preproc,src/netif/tcpdump,1307
lwip-0.5.3.preproc,proj/unixsim/simnode,322
lwip-0.5.3.preproc,proj/unixsim/apps/httpd,571
lwip-0.5.3.preproc,proj/unixsim/apps/shell,7765
lwip-0.5.3.preproc,proj/unixsim/apps/fs,39808
lwip-0.5.3.preproc,proj/unixsim/apps/tcpecho,112
lwip-0.5.3.preproc,proj/unixsim/apps/udpecho,128
lwip-0.5.3.preproc,proj/unixsim/simrouter,466
lwip-0.5.3.preproc,proj/unixsim/simhost,338
mpeg2dec-0.3.1,src/getopt,2236
mpeg2dec-0.3.1,src/extract_mpeg2,2620
mpeg2dec-0.3.1,src/gettimeofday,0
mpeg2dec-0.3.1,src/mpeg2dec,3490
mpeg2dec-0.3.1,libvo/video_out,146
mpeg2dec-0.3.1,libvo/yuv2rgb,3196
mpeg2dec-0.3.1,libvo/yuv2rgb_mlib,0
mpeg2dec-0.3.1,libvo/yuv2rgb_mmx,0
mpeg2dec-0.3.1,libvo/video_out_pgm,405
mpeg2dec-0.3.1,libvo/video_out_null,184
mpeg2dec-0.3.1,libvo/video_out_dx,0
mpeg2dec-0.3.1,libvo/video_out_x11,0
mpeg2dec-0.3.1,libvo/video_out_sdl,625
mpeg2dec-0.3.1,libmpeg2/cpu_accel,4
mpeg2dec-0.3.1,libmpeg2/cpu_state,2
mpeg2dec-0.3.1,libmpeg2/motion_comp_altivec,0
mpeg2dec-0.3.1,libmpeg2/idct,1152
mpeg2dec-0.3.1,libmpeg2/idct_alpha,0
mpeg2dec-0.3.1,libmpeg2/alloc,92
mpeg2dec-0.3.1,libmpeg2/idct_mlib,0
mpeg2dec-0.3.1,libmpeg2/idct_altivec,0
mpeg2dec-0.3.1,libmpeg2/decode,1848
mpeg2dec-0.3.1,libmpeg2/motion_comp_mlib,0
mpeg2dec-0.3.1,libmpeg2/motion_comp_alpha,0
mpeg2dec-0.3.1,libmpeg2/header,3444
mpeg2dec-0.3.1,libmpeg2/motion_comp,3424
mpeg2dec-0.3.1,libmpeg2/motion_comp_mmx,0
mpeg2dec-0.3.1,libmpeg2/slice,15008
mpeg2dec-0.3.1,libmpeg2/idct_mmx,0
mpgcut-1.1,mpgcut,7999
OpenTCP-1.0.4,tcp,3978
OpenTCP-1.0.4,dns/dns,940
OpenTCP-1.0.4,timers,180
OpenTCP-1.0.4,ip,1436
OpenTCP-1.0.4,http/http_server,1000
OpenTCP-1.0.4,http/https_callbacks,592
OpenTCP-1.0.4,smtp/smtpc_callbacks,22
OpenTCP-1.0.4,smtp/smtp_client,1472
OpenTCP-1.0.4,tftp/tftps,584
OpenTCP-1.0.4,udp,1162
OpenTCP-1.0.4,pop3/pop3c_callbacks,20
OpenTCP-1.0.4,pop3/pop3_client,2567
OpenTCP-1.0.4,dhcp/dhcpc,1732
OpenTCP-1.0.4,arp,1697
OpenTCP-1.0.4,bootp/bootp,988
OpenTCP-1.0.4,system,804
OpenTCP-1.0.4,icmp,280
OpenTCP-1.0.4,ethernet,1492
OpenTCP-1.0.4,demo/udp_demo,196
OpenTCP-1.0.4,demo/main_demo,196
OpenTCP-1.0.4,demo/tcp_client_demo,276
OpenTCP-1.0.4,demo/tcp_server_demo,260
replaypc-0.4.0.preproc,headend,1502
replaypc-0.4.0.preproc,program,4346
replaypc-0.4.0.preproc,cg,1599
replaypc-0.4.0.preproc,bigfile,138
replaypc-0.4.0.preproc,ndx,345
replaypc-0.4.0.preproc,ReplayPC,3488
replaypc-0.4.0.preproc,dump-replayshows,218
replaypc-0.4.0.preproc,addressbook,487
replaypc-0.4.0.preproc,dump-addressbook,353
replaypc-0.4.0.preproc,un-protect,1058
replaypc-0.4.0.preproc,find-GOPs,156
replaypc-0.4.0.preproc,rtvguide,1394
replaypc-0.4.0.preproc,crypt,672
replaypc-0.4.0.preproc,dump,1210
replaypc-0.4.0.preproc,mark-commercial,1762
replaypc-0.4.0.preproc,rddns,453
replaypc-0.4.0.preproc,httpfs,5010
replaypc-0.4.0.preproc,filedarray,182
replaypc-0.4.0.preproc,rddnsclient,930
replaypc-0.4.0.preproc,dump-channelset,252
replaypc-0.4.0.preproc,httpclient,1716
replaypc-0.4.0.preproc,guide,6114
replaypc-0.4.0.preproc,dump-guide,338
replaypc-0.4.0.preproc,dump-filedarray,360
replaypc-0.4.0.preproc,guideclient,541
replaypc-0.4.0.preproc,version-test,110
replaypc-0.4.0.preproc,zipcode,339
replaypc-0.4.0.preproc,build-ndx,344
replaypc-0.4.0.preproc,dump-programset,461
replaypc-0.4.0.preproc,channelset,155
replaypc-0.4.0.preproc,rtv,512
replaypc-0.4.0.preproc,httpfsclient,1594
replaypc-0.4.0.preproc,ndx-dump,3340
replaypc-0.4.0.preproc,sleep,14
replaypc-0.4.0.preproc,dump-headend,226
replaypc-0.4.0.preproc,dump-replaychannels,226
replaypc-0.4.0.preproc,dump-cg2,355
replaypc-0.4.0.preproc,dump-zipcode2,196
replaypc-0.4.0.preproc,crypt-test,880
teem-1.6.0-src,src/echo/matter,336
teem-1.6.0-src,src/echo/color,7240
teem-1.6.0-src,src/echo/lightEcho,617
teem-1.6.0-src,src/echo/list,1244
teem-1.6.0-src,src/echo/enumsEcho,13165
teem-1.6.0-src,src/echo/renderEcho,4246
teem-1.6.0-src,src/echo/model,1036
teem-1.6.0-src,src/echo/test/test,850
teem-1.6.0-src,src/echo/test/trend,6437
teem-1.6.0-src,src/echo/sqd,6817
teem-1.6.0-src,src/echo/intx,12538
teem-1.6.0-src,src/echo/methodsEcho,457
teem-1.6.0-src,src/echo/objmethods,1064
teem-1.6.0-src,src/echo/bounds,5923
teem-1.6.0-src,src/echo/set,880
teem-1.6.0-src,src/dye/methodsDye,1853
teem-1.6.0-src,src/dye/convertDye,3112
teem-1.6.0-src,src/dye/test/bow,526
teem-1.6.0-src,src/dye/test/conv,352
teem-1.6.0-src,src/hex/enhex,701
teem-1.6.0-src,src/hex/dehex,1223
teem-1.6.0-src,src/mite/renderMite,1005
teem-1.6.0-src,src/mite/txf,6887
teem-1.6.0-src,src/mite/user,771
teem-1.6.0-src,src/mite/thread,238
teem-1.6.0-src,src/mite/defaultsMite,33
teem-1.6.0-src,src/mite/ray,3722
teem-1.6.0-src,src/biff/test/test,212
teem-1.6.0-src,src/biff/biff,2103
teem-1.6.0-src,src/air/mop,1347
teem-1.6.0-src,src/air/threadAir,849
teem-1.6.0-src,src/air/sane,3134
teem-1.6.0-src,src/air/dio,1852
teem-1.6.0-src,src/air/754,1299
teem-1.6.0-src,src/air/test/floatprint,572
teem-1.6.0-src,src/air/test/tline,369
teem-1.6.0-src,src/air/test/fp,1506
teem-1.6.0-src,src/air/test/tok,254
teem-1.6.0-src,src/air/test/tmop,543
teem-1.6.0-src,src/air/test/doubleprint,578
teem-1.6.0-src,src/air/parseAir,4550
teem-1.6.0-src,src/air/enum,604
teem-1.6.0-src,src/air/string,848
teem-1.6.0-src,src/air/endianAir,1338
teem-1.6.0-src,src/air/miscAir,3464
teem-1.6.0-src,src/air/array,404
teem-1.6.0-src,src/unrrdu/inset,1261
teem-1.6.0-src,src/unrrdu/crop,1292
teem-1.6.0-src,src/unrrdu/head,1298
teem-1.6.0-src,src/unrrdu/convert,1072
teem-1.6.0-src,src/unrrdu/reshape,910
teem-1.6.0-src,src/unrrdu/about,2707
teem-1.6.0-src,src/unrrdu/axinfo,1289
teem-1.6.0-src,src/unrrdu/swap,781
teem-1.6.0-src,src/unrrdu/jhisto,2445
teem-1.6.0-src,src/unrrdu/axmerge,1235
teem-1.6.0-src,src/unrrdu/histax,1215
teem-1.6.0-src,src/unrrdu/data,1208
teem-1.6.0-src,src/unrrdu/3op,2164
teem-1.6.0-src,src/unrrdu/permute,929
teem-1.6.0-src,src/unrrdu/quantize,1522
teem-1.6.0-src,src/unrrdu/lut,1961
teem-1.6.0-src,src/unrrdu/axinsert,1005
teem-1.6.0-src,src/unrrdu/ccsettle,970
teem-1.6.0-src,src/unrrdu/axdelete,1294
teem-1.6.0-src,src/unrrdu/imap,2334
teem-1.6.0-src,src/unrrdu/rmap,2401
teem-1.6.0-src,src/unrrdu/project,1793
teem-1.6.0-src,src/unrrdu/flip,738
teem-1.6.0-src,src/unrrdu/histo,1394
teem-1.6.0-src,src/unrrdu/save,2602
teem-1.6.0-src,src/unrrdu/gamma,1242
teem-1.6.0-src,src/unrrdu/splice,1285
teem-1.6.0-src,src/unrrdu/1op,1563
teem-1.6.0-src,src/unrrdu/ccfind,1625
teem-1.6.0-src,src/unrrdu/block,1050
teem-1.6.0-src,src/unrrdu/ccadj,1085
teem-1.6.0-src,src/unrrdu/dhisto,1242
teem-1.6.0-src,src/unrrdu/axsplit,1040
teem-1.6.0-src,src/unrrdu/resample,3194
teem-1.6.0-src,src/unrrdu/cmedian,2356
teem-1.6.0-src,src/unrrdu/join,1388
teem-1.6.0-src,src/unrrdu/unquantize,1071
teem-1.6.0-src,src/unrrdu/ccmerge,2511
teem-1.6.0-src,src/unrrdu/unblock,1062
teem-1.6.0-src,src/unrrdu/flotsam,2418
teem-1.6.0-src,src/unrrdu/shuffle,1536
teem-1.6.0-src,src/unrrdu/dice,1642
teem-1.6.0-src,src/unrrdu/minmax,1022
teem-1.6.0-src,src/unrrdu/heq,1957
teem-1.6.0-src,src/unrrdu/pad,1656
teem-1.6.0-src,src/unrrdu/make,6050
teem-1.6.0-src,src/unrrdu/slice,1157
teem-1.6.0-src,src/unrrdu/2op,2058
teem-1.6.0-src,src/moss/hestMoss,1002
teem-1.6.0-src,src/moss/methodsMoss,872
teem-1.6.0-src,src/moss/sampler,1977
teem-1.6.0-src,src/moss/test/invert,288
teem-1.6.0-src,src/moss/xform,2750
teem-1.6.0-src,src/moss/defaultsMoss,17
teem-1.6.0-src,src/gage/miscGage,5203
teem-1.6.0-src,src/gage/vecprint,56
teem-1.6.0-src,src/gage/sclfilter,8957
teem-1.6.0-src,src/gage/ctx,3932
teem-1.6.0-src,src/gage/filter,2963
teem-1.6.0-src,src/gage/sclprint,841
teem-1.6.0-src,src/gage/shape,2832
teem-1.6.0-src,src/gage/st,2835
teem-1.6.0-src,src/gage/print,5481
teem-1.6.0-src,src/gage/scl,19232
teem-1.6.0-src,src/gage/vecGage,13420
teem-1.6.0-src,src/gage/pvl,1211
teem-1.6.0-src,src/gage/defaultsGage,53
teem-1.6.0-src,src/gage/sclanswer,6301
teem-1.6.0-src,src/gage/update,4116
teem-1.6.0-src,src/bane/valid,2118
teem-1.6.0-src,src/bane/inc,3597
teem-1.6.0-src,src/bane/gkmsTxf,2876
teem-1.6.0-src,src/bane/rangeBane,1561
teem-1.6.0-src,src/bane/gkmsInfo,1233
teem-1.6.0-src,src/bane/clip,1363
teem-1.6.0-src,src/bane/measr,1670
teem-1.6.0-src,src/bane/trnsf,3911
teem-1.6.0-src,src/bane/gkmsMite,1092
teem-1.6.0-src,src/bane/gkmsOpac,2989
teem-1.6.0-src,src/bane/gkmsFlotsam,2822
teem-1.6.0-src,src/bane/gkmsScat,1444
teem-1.6.0-src,src/bane/hvol,6285
teem-1.6.0-src,src/bane/defaultsBane,29
teem-1.6.0-src,src/bane/gkmsHvol,2694
teem-1.6.0-src,src/bane/test/sigma,141
teem-1.6.0-src,src/bane/test/tinfo,469
teem-1.6.0-src,src/bane/test/tblah,945
teem-1.6.0-src,src/bane/test/pos,521
teem-1.6.0-src,src/bane/test/opac,426
teem-1.6.0-src,src/bane/gkmsPvg,2782
teem-1.6.0-src,src/bane/trex,318
teem-1.6.0-src,src/bane/methodsBane,531
teem-1.6.0-src,src/bane/scat,649
teem-1.6.0-src,src/hest/usage,2322
teem-1.6.0-src,src/hest/defaultsHest,12
teem-1.6.0-src,src/hest/parseHest,10518
teem-1.6.0-src,src/hest/methodsHest,1917
teem-1.6.0-src,src/hest/test/ex2,924
teem-1.6.0-src,src/hest/test/ex5,729
teem-1.6.0-src,src/hest/test/ex1,1059
teem-1.6.0-src,src/hest/test/ex0,401
teem-1.6.0-src,src/hest/test/bday,966
teem-1.6.0-src,src/hest/test/strings,1103
teem-1.6.0-src,src/hest/test/ex3,1414
teem-1.6.0-src,src/hest/test/ex4,1036
teem-1.6.0-src,src/hoover/stub,44
teem-1.6.0-src,src/hoover/methodsHoover,1550
teem-1.6.0-src,src/hoover/rays,3251
teem-1.6.0-src,src/hoover/defaultsHoover,19
teem-1.6.0-src,src/ell/vecEll,1464
teem-1.6.0-src,src/ell/cubicEll,1948
teem-1.6.0-src,src/ell/eigen,4392
teem-1.6.0-src,src/ell/miscEll,983
teem-1.6.0-src,src/ell/mat,24356
teem-1.6.0-src,src/ell/test/tq,5139
teem-1.6.0-src,src/ell/test/sort3,638
teem-1.6.0-src,src/ell/test/invert,609
teem-1.6.0-src,src/ell/quat,14650
teem-1.6.0-src,src/ell/genmat,2775
teem-1.6.0-src,src/nrrd/defaultsNrrd,659
teem-1.6.0-src,src/nrrd/encodingHex,1468
teem-1.6.0-src,src/nrrd/encoding,584
teem-1.6.0-src,src/nrrd/superset,4066
teem-1.6.0-src,src/nrrd/range,512
teem-1.6.0-src,src/nrrd/reorder,7576
teem-1.6.0-src,src/nrrd/encodingRaw,1716
teem-1.6.0-src,src/nrrd/encodingGzip,561
teem-1.6.0-src,src/nrrd/formatText,2342
teem-1.6.0-src,src/nrrd/hestNrrd,967
teem-1.6.0-src,src/nrrd/read,2395
teem-1.6.0-src,src/nrrd/ccmethods,960
teem-1.6.0-src,src/nrrd/formatNRRD,3184
teem-1.6.0-src,src/nrrd/apply1D,6986
teem-1.6.0-src,src/nrrd/formatVTK,4923
teem-1.6.0-src,src/nrrd/subset,2200
teem-1.6.0-src,src/nrrd/parseNrrd,5038
teem-1.6.0-src,src/nrrd/endianNrrd,431
teem-1.6.0-src,src/nrrd/keyvalue,649
teem-1.6.0-src,src/nrrd/encodingAscii,1309
teem-1.6.0-src,src/nrrd/gzio,0
teem-1.6.0-src,src/nrrd/measure,7640
teem-1.6.0-src,src/nrrd/test/genvol,1475
teem-1.6.0-src,src/nrrd/test/convo,1665
teem-1.6.0-src,src/nrrd/test/tkernel,1683
teem-1.6.0-src,src/nrrd/test/quadvol,1533
teem-1.6.0-src,src/nrrd/test/io,341
teem-1.6.0-src,src/nrrd/test/tread,252
teem-1.6.0-src,src/nrrd/test/tline,318
teem-1.6.0-src,src/nrrd/test/trand,141
teem-1.6.0-src,src/nrrd/test/ax,2881
teem-1.6.0-src,src/nrrd/test/kv,335
teem-1.6.0-src,src/nrrd/test/minmax,272
teem-1.6.0-src,src/nrrd/test/typestest,364
teem-1.6.0-src,src/nrrd/histogram,5341
teem-1.6.0-src,src/nrrd/arith,4819
teem-1.6.0-src,src/nrrd/accessors,5787
teem-1.6.0-src,src/nrrd/enumsNrrd,86275
teem-1.6.0-src,src/nrrd/formatPNM,2543
teem-1.6.0-src,src/nrrd/filt,4854
teem-1.6.0-src,src/nrrd/cc,9802
teem-1.6.0-src,src/nrrd/formatPNG,630
teem-1.6.0-src,src/nrrd/winKernel,17936
teem-1.6.0-src,src/nrrd/comment,379
teem-1.6.0-src,src/nrrd/write,3550
teem-1.6.0-src,src/nrrd/simple,3967
teem-1.6.0-src,src/nrrd/arraysNrrd,2364
teem-1.6.0-src,src/nrrd/kernel,22114
teem-1.6.0-src,src/nrrd/methodsNrrd,3449
teem-1.6.0-src,src/nrrd/axis,2328
teem-1.6.0-src,src/nrrd/map,4547
teem-1.6.0-src,src/nrrd/resampleNrrd,5512
teem-1.6.0-src,src/nrrd/convertNrrd,2502
teem-1.6.0-src,src/nrrd/tmfKernel,111333
teem-1.6.0-src,src/nrrd/format,592
teem-1.6.0-src,src/nrrd/encodingBzip2,494
teem-1.6.0-src,src/nrrd/iter,523
teem-1.6.0-src,src/nrrd/formatEPS,2169
teem-1.6.0-src,src/ten/tendSlice,937
teem-1.6.0-src,src/ten/tendEvecrgb,1823
teem-1.6.0-src,src/ten/tendEstim,3701
teem-1.6.0-src,src/ten/tensor,5626
teem-1.6.0-src,src/ten/tendEllipse,2249
teem-1.6.0-src,src/ten/epireg,11831
teem-1.6.0-src,src/ten/tendFlotsam,1186
teem-1.6.0-src,src/ten/tendNorm,1221
teem-1.6.0-src,src/ten/tendSten,1274
teem-1.6.0-src,src/ten/aniso,3099
teem-1.6.0-src,src/ten/fiberMethods,2305
teem-1.6.0-src,src/ten/fiber,4086
teem-1.6.0-src,src/ten/tendShrink,892
teem-1.6.0-src,src/ten/bimod,5381
teem-1.6.0-src,src/ten/tendPoint,1476
teem-1.6.0-src,src/ten/test/tt,2474
teem-1.6.0-src,src/ten/test/tg,2187
teem-1.6.0-src,src/ten/test/tem,988
teem-1.6.0-src,src/ten/tendAnhist,1103
teem-1.6.0-src,src/ten/enumsTen,26181
teem-1.6.0-src,src/ten/tendEvq,2109
teem-1.6.0-src,src/ten/tendMake,913
teem-1.6.0-src,src/ten/tendEvalpow,827
teem-1.6.0-src,src/ten/tendAnvol,1429
teem-1.6.0-src,src/ten/tendSim,1284
teem-1.6.0-src,src/ten/tendBmat,1281
teem-1.6.0-src,src/ten/chan,7453
teem-1.6.0-src,src/ten/tendGlyph,6320
teem-1.6.0-src,src/ten/tendEval,1492
teem-1.6.0-src,src/ten/miscTen,3059
teem-1.6.0-src,src/ten/mod,2477
teem-1.6.0-src,src/ten/glyph,4239
teem-1.6.0-src,src/ten/tendAnscale,1315
teem-1.6.0-src,src/ten/tendExpand,1384
teem-1.6.0-src,src/ten/tendEvaladd,916
teem-1.6.0-src,src/ten/tendEpireg,4324
teem-1.6.0-src,src/ten/defaultsTen,60
teem-1.6.0-src,src/ten/tendEvec,1534
teem-1.6.0-src,src/ten/tenGage,3165
teem-1.6.0-src,src/ten/tendSatin,4876
teem-1.6.0-src,src/ten/tendFiber,2448
teem-1.6.0-src,src/ten/tendEvalclamp,1204
teem-1.6.0-src,src/ten/tendAnplot,1585
teem-1.6.0-src,src/alan/enumsAlan,2480
teem-1.6.0-src,src/alan/methodsAlan,1880
teem-1.6.0-src,src/alan/test/tspot,871
teem-1.6.0-src,src/alan/coreAlan,3603
teem-1.6.0-src,src/limn/cam,4630
teem-1.6.0-src,src/limn/defaultsLimn,13
teem-1.6.0-src,src/limn/obj,652
teem-1.6.0-src,src/limn/io,641
teem-1.6.0-src,src/limn/splineMisc,14125
teem-1.6.0-src,src/limn/qn,2433
teem-1.6.0-src,src/limn/splineMethods,4043
teem-1.6.0-src,src/limn/test/tbc,1556
teem-1.6.0-src,src/limn/test/soid,3113
teem-1.6.0-src,src/limn/test/tspline,1857
teem-1.6.0-src,src/limn/test/tcam,1148
teem-1.6.0-src,src/limn/test/tcamanim,3023
teem-1.6.0-src,src/limn/test/light,436
teem-1.6.0-src,src/limn/test/tps,2272
teem-1.6.0-src,src/limn/test/map,260
teem-1.6.0-src,src/limn/methodsLimn,192
teem-1.6.0-src,src/limn/transform,2609
teem-1.6.0-src,src/limn/shapes,2864
teem-1.6.0-src,src/limn/renderLimn,2707
teem-1.6.0-src,src/limn/env,1044
teem-1.6.0-src,src/limn/splineEval,5453
teem-1.6.0-src,src/limn/light,730
teem-1.6.0-src,src/limn/hestLimn,958
ttt-0.10.1.preproc,src/ttt,4273
ttt-0.10.1.preproc,src/engine,1544
ttt-0.10.1.preproc,src/parse,1003
ttt-0.10.1.preproc,src/util,1696
ttt-0.10.1.preproc,src/connect4,2797
ttt-0.10.1.preproc,src/main,921
unrarlib-0.4.0,unrarlib/unrarlib,8730
unrarlib-0.4.0,samples/unix/listarchive/listarchive,906
unrarlib-0.4.0,samples/unix/getfile/getfile,729
zlib-1.1.4,inffast,766
zlib-1.1.4,inftrees,6256
zlib-1.1.4,adler32,196
zlib-1.1.4,infblock,2222
zlib-1.1.4,infutil,258
zlib-1.1.4,infcodes,1330
zlib-1.1.4,inflate,1327
zlib-1.1.4,gzio,2543
zlib-1.1.4,compress,114
zlib-1.1.4,zutil,211
zlib-1.1.4,trees,7512
zlib-1.1.4,deflate,4249
zlib-1.1.4,uncompr,94
zlib-1.1.4,crc32,1224
