size
"2",,"","","","","arm-none-eabi-gcc (GCC) 6.1.0"
"","-Os -std=gnu89 -mcpu=cortex-m0"
bzip2-1.0.2,compress,6471
bzip2-1.0.2,huffman,916
bzip2-1.0.2,blocksort,5075
bzip2-1.0.2,crctable,1024
bzip2-1.0.2,decompress,6983
bzip2-1.0.2,bzip2,14229
bzip2-1.0.2,randtable,2048
bzip2-1.0.2,bzip2recover,2849
bzip2-1.0.2,bzlib,8467
cg_compiler_opensrc,cpp,4946
cg_compiler_opensrc,parser,13515
cg_compiler_opensrc,atom,2836
cg_compiler_opensrc,constfold,3416
cg_compiler_opensrc,printutils,7823
cg_compiler_opensrc,cgstruct,92
cg_compiler_opensrc,binding,1039
cg_compiler_opensrc,symbols,4869
cg_compiler_opensrc,compile,9618
cg_compiler_opensrc,memory,352
cg_compiler_opensrc,tokenize,550
cg_compiler_opensrc,inline,2118
cg_compiler_opensrc,semantic,3454
cg_compiler_opensrc,scanner,4551
cg_compiler_opensrc,stdlib,3222
cg_compiler_opensrc,support,18627
cg_compiler_opensrc,check,2577
cg_compiler_opensrc,tokens,2221
cg_compiler_opensrc,cgcmain,1959
cg_compiler_opensrc,support_iter,1458
cg_compiler_opensrc,hal,1943
cg_compiler_opensrc,generic_hal,2131
compiler,main,1890
compiler,parser,3752
compiler,scanner,2815
compiler,cg,2003
compiler,vam,3269
compiler,vas,5662
flex-2.5.31,parse,7062
flex-2.5.31,skel,94034
flex-2.5.31,tables,1509
flex-2.5.31,libmain,12
flex-2.5.31,regex,419
flex-2.5.31,main,15818
flex-2.5.31,ecs,392
flex-2.5.31,scan,37968
flex-2.5.31,tblcmp,2572
flex-2.5.31,sym,715
flex-2.5.31,ccl,732
flex-2.5.31,yylex,764
flex-2.5.31,nfa,2848
flex-2.5.31,filter,1749
flex-2.5.31,buf,715
flex-2.5.31,gen,20130
flex-2.5.31,tables_shared,22
flex-2.5.31,options,2610
flex-2.5.31,libyywrap,4
flex-2.5.31,dfa,5266
flex-2.5.31,scanopt,2510
flex-2.5.31,misc,4306
jikespg-1.3,src/ctabs,41536
jikespg-1.3,src/main,5227
jikespg-1.3,src/mkfirst,11276
jikespg-1.3,src/mkstates,2250
jikespg-1.3,src/spacetab,15552
jikespg-1.3,src/partset,1256
jikespg-1.3,src/tabutil,9898
jikespg-1.3,src/prntstat,2468
jikespg-1.3,src/lpgparse,36425
jikespg-1.3,src/timetab,7628
jikespg-1.3,src/remsp,5954
jikespg-1.3,src/globals,264
jikespg-1.3,src/resolve,9056
jikespg-1.3,src/mkred,5252
jikespg-1.3,src/produce,8249
jikespg-1.3,src/ptables,2607
jikespg-1.3,src/lpgutil,3431
jpeg-6b,wrjpgcom,2755
jpeg-6b,jcdctmgr,1120
jpeg-6b,jddctmgr,688
jpeg-6b,jerror,5386
jpeg-6b,jdmainct,1288
jpeg-6b,jidctfst,740
jpeg-6b,jfdctfst,346
jpeg-6b,jfdctint,580
jpeg-6b,jidctint,1044
jpeg-6b,jdmarker,4728
jpeg-6b,rdgif,81
jpeg-6b,jctrans,1148
jpeg-6b,djpeg,5415
jpeg-6b,jdapistd,716
jpeg-6b,wrrle,0
jpeg-6b,jdtrans,268
jpeg-6b,jccolor,1208
jpeg-6b,cjpeg,5069
jpeg-6b,wrgif,1732
jpeg-6b,jcparam,2492
jpeg-6b,jchuff,2528
jpeg-6b,jdcolor,912
jpeg-6b,jcomapi,106
jpeg-6b,jdphuff,2412
jpeg-6b,jccoefct,1480
jpeg-6b,jcapimin,600
jpeg-6b,rdcolmap,1048
jpeg-6b,jdpostct,608
jpeg-6b,transupp,3464
jpeg-6b,jdhuff,2052
jpeg-6b,wrtarga,704
jpeg-6b,jcsample,1684
jpeg-6b,jdatasrc,228
jpeg-6b,jcmainct,300
jpeg-6b,wrbmp,1896
jpeg-6b,rdbmp,1580
jpeg-6b,jcinit,158
jpeg-6b,rdrle,0
jpeg-6b,jquant2,3388
jpeg-6b,jdinput,976
jpeg-6b,rdjpgcom,1979
jpeg-6b,jdsample,1328
jpeg-6b,jdmaster,1412
jpeg-6b,ansi2knr,2000
jpeg-6b,jdmerge,1076
jpeg-6b,jdatadst,200
jpeg-6b,jcmaster,2008
jpeg-6b,jcapistd,374
jpeg-6b,jcprepct,1008
jpeg-6b,jpegtran,3316
jpeg-6b,jidctflt,1172
jpeg-6b,jmemnobs,64
jpeg-6b,rdswitch,1548
jpeg-6b,wrppm,462
jpeg-6b,jidctred,1008
jpeg-6b,rdppm,1288
jpeg-6b,jdcoefct,2744
jpeg-6b,jquant1,2340
jpeg-6b,jfdctflt,732
jpeg-6b,jdapimin,820
jpeg-6b,jcmarker,1524
jpeg-6b,rdtarga,1340
jpeg-6b,jcphuff,2064
jpeg-6b,jmemmgr,2362
jpeg-6b,jutils,408
jpeg-6b,cdjpeg,92
libmspack,mspack/system,538
libmspack,mspack/chmd,2636
libmspack,mspack/hlpc,6
libmspack,mspack/qtmc,0
libmspack,mspack/kwajd,6
libmspack,mspack/chmc,6
libmspack,mspack/litc,6
libmspack,mspack/qtmd,4092
libmspack,mspack/lzxc,0
libmspack,mspack/cabc,6
libmspack,mspack/litd,6
libmspack,mspack/hlpd,6
libmspack,mspack/mszipc,0
libmspack,mspack/lzxd,5264
libmspack,mspack/cabd,4340
libmspack,mspack/mszipd,22
libmspack,mspack/kwajc,6
libmspack,mspack/szddd,6
libmspack,mspack/szddc,6
libmspack,test/cabd_md5,989
libmspack,test/cabextract_md5,17994
libmspack,test/md5,2668
libmspack,test/chmd_md5,890
libmspack,test/cabrip,347
libmspack,test/cabd_test,8386
libpng-1.2.5,pngtest,5208
libpng-1.2.5,png2pnm,2141
libpng-1.2.5,pngrtran,14628
libpng-1.2.5,pngrio,277
libpng-1.2.5,pngwtran,1288
libpng-1.2.5,pngget,2120
libpng-1.2.5,pngtrans,1704
libpng-1.2.5,pngread,5438
libpng-1.2.5,pnm2png,2353
libpng-1.2.5,pngerror,699
libpng-1.2.5,png,2340
libpng-1.2.5,pngwio,317
libpng-1.2.5,pngwrite,5137
libpng-1.2.5,pngpread,5147
libpng-1.2.5,pngwutil,10081
libpng-1.2.5,pngset,5201
libpng-1.2.5,pngrutil,12979
libpng-1.2.5,pngmem,417
linux-2.4.23-pre3-testplatform,arch/testplatform/mm/init,1400
linux-2.4.23-pre3-testplatform,arch/testplatform/mm/ioremap,551
linux-2.4.23-pre3-testplatform,arch/testplatform/mm/fault,282
linux-2.4.23-pre3-testplatform,arch/testplatform/mm/extable,64
linux-2.4.23-pre3-testplatform,arch/testplatform/lib/checksum,4
linux-2.4.23-pre3-testplatform,arch/testplatform/lib/strcmp,4
linux-2.4.23-pre3-testplatform,arch/testplatform/lib/misaligned,132
linux-2.4.23-pre3-testplatform,arch/testplatform/lib/memcpy,4
linux-2.4.23-pre3-testplatform,arch/testplatform/lib/delay,4
linux-2.4.23-pre3-testplatform,arch/testplatform/lib/strncpy,4
linux-2.4.23-pre3-testplatform,arch/testplatform/lib/memset,4
linux-2.4.23-pre3-testplatform,arch/testplatform/lib/uaccess,12
linux-2.4.23-pre3-testplatform,arch/testplatform/kernel/s390_ext,468
linux-2.4.23-pre3-testplatform,arch/testplatform/kernel/sys_s390,605
linux-2.4.23-pre3-testplatform,arch/testplatform/kernel/cpcmd,2
linux-2.4.23-pre3-testplatform,arch/testplatform/kernel/init_task,9916
linux-2.4.23-pre3-testplatform,arch/testplatform/kernel/signal,2904
linux-2.4.23-pre3-testplatform,arch/testplatform/kernel/ebcdic,1536
linux-2.4.23-pre3-testplatform,arch/testplatform/kernel/entry,18
linux-2.4.23-pre3-testplatform,arch/testplatform/kernel/head,2
linux-2.4.23-pre3-testplatform,arch/testplatform/kernel/ptrace,1004
linux-2.4.23-pre3-testplatform,arch/testplatform/kernel/irq,18
linux-2.4.23-pre3-testplatform,arch/testplatform/kernel/bitmap,3
linux-2.4.23-pre3-testplatform,arch/testplatform/kernel/semaphore,180
linux-2.4.23-pre3-testplatform,arch/testplatform/kernel/time,10
linux-2.4.23-pre3-testplatform,arch/testplatform/kernel/s390fpu,16
linux-2.4.23-pre3-testplatform,arch/testplatform/kernel/debug,2914
linux-2.4.23-pre3-testplatform,arch/testplatform/kernel/needed,16
linux-2.4.23-pre3-testplatform,arch/testplatform/kernel/setup,1664
linux-2.4.23-pre3-testplatform,arch/testplatform/kernel/traps,3606
linux-2.4.23-pre3-testplatform,arch/testplatform/kernel/process,847
linux-2.4.23-pre3-testplatform,arch/testplatform/kernel/reipl,2
linux-2.4.23-pre3-testplatform,fs/char_dev,311
linux-2.4.23-pre3-testplatform,fs/namespace,3323
linux-2.4.23-pre3-testplatform,fs/xattr,596
linux-2.4.23-pre3-testplatform,fs/attr,550
linux-2.4.23-pre3-testplatform,fs/partitions/msdos,276
linux-2.4.23-pre3-testplatform,fs/partitions/check,1167
linux-2.4.23-pre3-testplatform,fs/exec,3024
linux-2.4.23-pre3-testplatform,fs/locks,5708
linux-2.4.23-pre3-testplatform,fs/iobuf,691
linux-2.4.23-pre3-testplatform,fs/binfmt_script,300
linux-2.4.23-pre3-testplatform,fs/dnotify,368
linux-2.4.23-pre3-testplatform,fs/fcntl,1150
linux-2.4.23-pre3-testplatform,fs/pipe,1786
linux-2.4.23-pre3-testplatform,fs/quota,2150
linux-2.4.23-pre3-testplatform,fs/nfsd/nfsctl,607
linux-2.4.23-pre3-testplatform,fs/nfsd/vfs,5484
linux-2.4.23-pre3-testplatform,fs/nfsd/nfscache,1331
linux-2.4.23-pre3-testplatform,fs/nfsd/nfssvc,1074
linux-2.4.23-pre3-testplatform,fs/nfsd/stats,40
linux-2.4.23-pre3-testplatform,fs/nfsd/lockd,184
linux-2.4.23-pre3-testplatform,fs/nfsd/auth,120
linux-2.4.23-pre3-testplatform,fs/nfsd/nfsproc,2899
linux-2.4.23-pre3-testplatform,fs/nfsd/export,3953
linux-2.4.23-pre3-testplatform,fs/nfsd/nfsxdr,1588
linux-2.4.23-pre3-testplatform,fs/nfsd/nfs3xdr,3356
linux-2.4.23-pre3-testplatform,fs/nfsd/nfs3proc,2582
linux-2.4.23-pre3-testplatform,fs/nfsd/nfsfh,3494
linux-2.4.23-pre3-testplatform,fs/fifo,468
linux-2.4.23-pre3-testplatform,fs/ramfs/inode,1071
linux-2.4.23-pre3-testplatform,fs/filesystems,0
linux-2.4.23-pre3-testplatform,fs/file_table,639
linux-2.4.23-pre3-testplatform,fs/block_dev,2661
linux-2.4.23-pre3-testplatform,fs/readdir,1165
linux-2.4.23-pre3-testplatform,fs/binfmt_elf,0
linux-2.4.23-pre3-testplatform,fs/inode,3481
linux-2.4.23-pre3-testplatform,fs/nfs/unlink,560
linux-2.4.23-pre3-testplatform,fs/nfs/symlink,304
linux-2.4.23-pre3-testplatform,fs/nfs/proc,1252
linux-2.4.23-pre3-testplatform,fs/nfs/write,4246
linux-2.4.23-pre3-testplatform,fs/nfs/inode,5332
linux-2.4.23-pre3-testplatform,fs/nfs/file,792
linux-2.4.23-pre3-testplatform,fs/nfs/dir,3344
linux-2.4.23-pre3-testplatform,fs/nfs/nfs3xdr,3912
linux-2.4.23-pre3-testplatform,fs/nfs/pagelist,1595
linux-2.4.23-pre3-testplatform,fs/nfs/read,1628
linux-2.4.23-pre3-testplatform,fs/nfs/flushd,352
linux-2.4.23-pre3-testplatform,fs/nfs/nfs2xdr,2912
linux-2.4.23-pre3-testplatform,fs/nfs/nfs3proc,2012
linux-2.4.23-pre3-testplatform,fs/devices,726
linux-2.4.23-pre3-testplatform,fs/lockd/svcproc,2272
linux-2.4.23-pre3-testplatform,fs/lockd/svcshare,286
linux-2.4.23-pre3-testplatform,fs/lockd/xdr,3051
linux-2.4.23-pre3-testplatform,fs/lockd/svc4proc,2204
linux-2.4.23-pre3-testplatform,fs/lockd/clntproc,2235
linux-2.4.23-pre3-testplatform,fs/lockd/svcsubs,967
linux-2.4.23-pre3-testplatform,fs/lockd/mon,862
linux-2.4.23-pre3-testplatform,fs/lockd/host,1240
linux-2.4.23-pre3-testplatform,fs/lockd/xdr4,2920
linux-2.4.23-pre3-testplatform,fs/lockd/svc,1224
linux-2.4.23-pre3-testplatform,fs/lockd/svclock,1783
linux-2.4.23-pre3-testplatform,fs/lockd/clntlock,680
linux-2.4.23-pre3-testplatform,fs/lockd/lockd_syms,0
linux-2.4.23-pre3-testplatform,fs/file,577
linux-2.4.23-pre3-testplatform,fs/jbd/commit,3466
linux-2.4.23-pre3-testplatform,fs/jbd/journal,6239
linux-2.4.23-pre3-testplatform,fs/jbd/transaction,7548
linux-2.4.23-pre3-testplatform,fs/jbd/checkpoint,2670
linux-2.4.23-pre3-testplatform,fs/jbd/revoke,1659
linux-2.4.23-pre3-testplatform,fs/jbd/recovery,1682
linux-2.4.23-pre3-testplatform,fs/bad_inode,236
linux-2.4.23-pre3-testplatform,fs/stat,432
linux-2.4.23-pre3-testplatform,fs/open,2660
linux-2.4.23-pre3-testplatform,fs/super,2330
linux-2.4.23-pre3-testplatform,fs/select,1552
linux-2.4.23-pre3-testplatform,fs/seq_file,1532
linux-2.4.23-pre3-testplatform,fs/namei,6305
linux-2.4.23-pre3-testplatform,fs/read_write,1472
linux-2.4.23-pre3-testplatform,fs/ioctl,320
linux-2.4.23-pre3-testplatform,fs/buffer,8173
linux-2.4.23-pre3-testplatform,fs/dcache,3086
linux-2.4.23-pre3-testplatform,fs/ext3/fsync,241
linux-2.4.23-pre3-testplatform,fs/ext3/ialloc,2087
linux-2.4.23-pre3-testplatform,fs/ext3/symlink,112
linux-2.4.23-pre3-testplatform,fs/ext3/inode,7693
linux-2.4.23-pre3-testplatform,fs/ext3/file,302
linux-2.4.23-pre3-testplatform,fs/ext3/balloc,3264
linux-2.4.23-pre3-testplatform,fs/ext3/bitmap,116
linux-2.4.23-pre3-testplatform,fs/ext3/dir,852
linux-2.4.23-pre3-testplatform,fs/ext3/super,8216
linux-2.4.23-pre3-testplatform,fs/ext3/namei,4915
linux-2.4.23-pre3-testplatform,fs/ext3/ioctl,575
linux-2.4.23-pre3-testplatform,mm/swap,294
linux-2.4.23-pre3-testplatform,mm/vmalloc,1611
linux-2.4.23-pre3-testplatform,mm/numa,880
linux-2.4.23-pre3-testplatform,mm/mmap,3235
linux-2.4.23-pre3-testplatform,mm/mprotect,1334
linux-2.4.23-pre3-testplatform,mm/bootmem,1223
linux-2.4.23-pre3-testplatform,mm/memory,4510
linux-2.4.23-pre3-testplatform,mm/swapfile,5000
linux-2.4.23-pre3-testplatform,mm/shmem,4919
linux-2.4.23-pre3-testplatform,mm/mlock,932
linux-2.4.23-pre3-testplatform,mm/filemap,9077
linux-2.4.23-pre3-testplatform,mm/page_io,459
linux-2.4.23-pre3-testplatform,mm/page_alloc,2955
linux-2.4.23-pre3-testplatform,mm/slab,2750
linux-2.4.23-pre3-testplatform,mm/swap_state,827
linux-2.4.23-pre3-testplatform,mm/oom_kill,483
linux-2.4.23-pre3-testplatform,mm/vmscan,1842
linux-2.4.23-pre3-testplatform,mm/mremap,1574
linux-2.4.23-pre3-testplatform,lib/string,480
linux-2.4.23-pre3-testplatform,lib/zlib_inflate/inffast,782
linux-2.4.23-pre3-testplatform,lib/zlib_inflate/inflate_syms,0
linux-2.4.23-pre3-testplatform,lib/zlib_inflate/inftrees,6181
linux-2.4.23-pre3-testplatform,lib/zlib_inflate/inflate,1718
linux-2.4.23-pre3-testplatform,lib/zlib_inflate/infutil,258
linux-2.4.23-pre3-testplatform,lib/zlib_inflate/infblock,1958
linux-2.4.23-pre3-testplatform,lib/zlib_inflate/infcodes,1342
linux-2.4.23-pre3-testplatform,lib/vsprintf,2477
linux-2.4.23-pre3-testplatform,lib/bust_spinlocks,50
linux-2.4.23-pre3-testplatform,lib/errno,0
linux-2.4.23-pre3-testplatform,lib/brlock,0
linux-2.4.23-pre3-testplatform,lib/zlib_deflate/deflate_syms,0
linux-2.4.23-pre3-testplatform,lib/zlib_deflate/deflate,3764
linux-2.4.23-pre3-testplatform,lib/zlib_deflate/deftree,6120
linux-2.4.23-pre3-testplatform,lib/dec_and_lock,0
linux-2.4.23-pre3-testplatform,lib/cmdline,170
linux-2.4.23-pre3-testplatform,lib/ctype,256
linux-2.4.23-pre3-testplatform,lib/dump_stack,70
linux-2.4.23-pre3-testplatform,lib/rbtree,642
linux-2.4.23-pre3-testplatform,lib/rwsem-spinlock,352
linux-2.4.23-pre3-testplatform,net/core/sock,2829
linux-2.4.23-pre3-testplatform,net/core/scm,668
linux-2.4.23-pre3-testplatform,net/core/iovec,664
linux-2.4.23-pre3-testplatform,net/core/skbuff,4497
linux-2.4.23-pre3-testplatform,net/core/ethtool,2300
linux-2.4.23-pre3-testplatform,net/core/datagram,1447
linux-2.4.23-pre3-testplatform,net/core/utils,193
linux-2.4.23-pre3-testplatform,net/core/dev_mcast,611
linux-2.4.23-pre3-testplatform,net/core/dst,608
linux-2.4.23-pre3-testplatform,net/core/neighbour,5769
linux-2.4.23-pre3-testplatform,net/core/dev,7438
linux-2.4.23-pre3-testplatform,net/core/rtnetlink,2289
linux-2.4.23-pre3-testplatform,net/socket,4768
linux-2.4.23-pre3-testplatform,net/802/p8023,86
linux-2.4.23-pre3-testplatform,net/ethernet/eth,497
linux-2.4.23-pre3-testplatform,net/8021q/vlan,2042
linux-2.4.23-pre3-testplatform,net/8021q/vlanproc,14
linux-2.4.23-pre3-testplatform,net/8021q/vlan_dev,2970
linux-2.4.23-pre3-testplatform,net/sunrpc/xdr,1392
linux-2.4.23-pre3-testplatform,net/sunrpc/auth_null,276
linux-2.4.23-pre3-testplatform,net/sunrpc/timer,128
linux-2.4.23-pre3-testplatform,net/sunrpc/auth,696
linux-2.4.23-pre3-testplatform,net/sunrpc/clnt,3476
linux-2.4.23-pre3-testplatform,net/sunrpc/svcsock,4104
linux-2.4.23-pre3-testplatform,net/sunrpc/xprt,5157
linux-2.4.23-pre3-testplatform,net/sunrpc/pmap_clnt,609
linux-2.4.23-pre3-testplatform,net/sunrpc/svcauth,440
linux-2.4.23-pre3-testplatform,net/sunrpc/auth_unix,678
linux-2.4.23-pre3-testplatform,net/sunrpc/sched,3428
linux-2.4.23-pre3-testplatform,net/sunrpc/svc,1613
linux-2.4.23-pre3-testplatform,net/sunrpc/sunrpc_syms,0
linux-2.4.23-pre3-testplatform,net/sched/sch_generic,1914
linux-2.4.23-pre3-testplatform,net/netlink/af_netlink,3332
linux-2.4.23-pre3-testplatform,net/ipv4/tcp_output,7496
linux-2.4.23-pre3-testplatform,net/ipv4/tcp_ipv4,10265
linux-2.4.23-pre3-testplatform,net/ipv4/tcp,12661
linux-2.4.23-pre3-testplatform,net/ipv4/route,8036
linux-2.4.23-pre3-testplatform,net/ipv4/ip_input,575
linux-2.4.23-pre3-testplatform,net/ipv4/sysctl_net_ipv4,0
linux-2.4.23-pre3-testplatform,net/ipv4/ip_options,2418
linux-2.4.23-pre3-testplatform,net/ipv4/tcp_timer,2838
linux-2.4.23-pre3-testplatform,net/ipv4/fib_hash,2661
linux-2.4.23-pre3-testplatform,net/ipv4/icmp,3094
linux-2.4.23-pre3-testplatform,net/ipv4/ip_fragment,2317
linux-2.4.23-pre3-testplatform,net/ipv4/proc,2510
linux-2.4.23-pre3-testplatform,net/ipv4/fib_semantics,2390
linux-2.4.23-pre3-testplatform,net/ipv4/igmp,7482
linux-2.4.23-pre3-testplatform,net/ipv4/fib_frontend,1868
linux-2.4.23-pre3-testplatform,net/ipv4/udp,4040
linux-2.4.23-pre3-testplatform,net/ipv4/af_inet,4225
linux-2.4.23-pre3-testplatform,net/ipv4/utils,56
linux-2.4.23-pre3-testplatform,net/ipv4/inetpeer,1398
linux-2.4.23-pre3-testplatform,net/ipv4/ip_forward,340
linux-2.4.23-pre3-testplatform,net/ipv4/protocol,362
linux-2.4.23-pre3-testplatform,net/ipv4/tcp_diag,2498
linux-2.4.23-pre3-testplatform,net/ipv4/tcp_input,17012
linux-2.4.23-pre3-testplatform,net/ipv4/ip_output,3475
linux-2.4.23-pre3-testplatform,net/ipv4/ip_sockglue,3696
linux-2.4.23-pre3-testplatform,net/ipv4/tcp_minisocks,3279
linux-2.4.23-pre3-testplatform,net/ipv4/raw,2652
linux-2.4.23-pre3-testplatform,net/ipv4/devinet,4091
linux-2.4.23-pre3-testplatform,net/ipv4/arp,3636
linux-2.4.23-pre3-testplatform,init/main,1110
linux-2.4.23-pre3-testplatform,init/do_mounts,3406
linux-2.4.23-pre3-testplatform,init/version,501
linux-2.4.23-pre3-testplatform,drivers/block/genhd,166
linux-2.4.23-pre3-testplatform,drivers/block/blkpg,784
linux-2.4.23-pre3-testplatform,drivers/block/ll_rw_blk,4141
linux-2.4.23-pre3-testplatform,drivers/block/elevator,472
linux-2.4.23-pre3-testplatform,drivers/net/loopback,272
linux-2.4.23-pre3-testplatform,drivers/net/net_init,575
linux-2.4.23-pre3-testplatform,drivers/net/Space,3352
linux-2.4.23-pre3-testplatform,drivers/net/auto_irq,48
linux-2.4.23-pre3-testplatform,drivers/net/setup,36
linux-2.4.23-pre3-testplatform,drivers/char/n_tty,3887
linux-2.4.23-pre3-testplatform,drivers/char/random,3840
linux-2.4.23-pre3-testplatform,drivers/char/mem,2064
linux-2.4.23-pre3-testplatform,drivers/char/tty_io,8331
linux-2.4.23-pre3-testplatform,drivers/char/pty,1383
linux-2.4.23-pre3-testplatform,drivers/char/tty_ioctl,1467
linux-2.4.23-pre3-testplatform,drivers/char/raw,1084
linux-2.4.23-pre3-testplatform,drivers/char/misc,720
linux-2.4.23-pre3-testplatform,kernel/sys,2951
linux-2.4.23-pre3-testplatform,kernel/resource,857
linux-2.4.23-pre3-testplatform,kernel/softirq,1506
linux-2.4.23-pre3-testplatform,kernel/signal,2695
linux-2.4.23-pre3-testplatform,kernel/fork,2549
linux-2.4.23-pre3-testplatform,kernel/acct,6
linux-2.4.23-pre3-testplatform,kernel/itimer,476
linux-2.4.23-pre3-testplatform,kernel/timer,2077
linux-2.4.23-pre3-testplatform,kernel/context,539
linux-2.4.23-pre3-testplatform,kernel/exit,1763
linux-2.4.23-pre3-testplatform,kernel/dma,12
linux-2.4.23-pre3-testplatform,kernel/module,739
linux-2.4.23-pre3-testplatform,kernel/ptrace,864
linux-2.4.23-pre3-testplatform,kernel/capability,60
linux-2.4.23-pre3-testplatform,kernel/printk,1544
linux-2.4.23-pre3-testplatform,kernel/kmod,592
linux-2.4.23-pre3-testplatform,kernel/exec_domain,587
linux-2.4.23-pre3-testplatform,kernel/sched,3165
linux-2.4.23-pre3-testplatform,kernel/time,1128
linux-2.4.23-pre3-testplatform,kernel/info,192
linux-2.4.23-pre3-testplatform,kernel/user,164
linux-2.4.23-pre3-testplatform,kernel/panic,514
linux-2.4.23-pre3-testplatform,kernel/sysctl,72
linux-2.4.23-pre3-testplatform,ipc/sem,3387
linux-2.4.23-pre3-testplatform,ipc/util,735
linux-2.4.23-pre3-testplatform,ipc/shm,2303
linux-2.4.23-pre3-testplatform,ipc/msg,1910
lwip-0.5.3.preproc,proj/unixsim/simhost,338
lwip-0.5.3.preproc,proj/unixsim/simnode,322
lwip-0.5.3.preproc,proj/unixsim/apps/fs,39808
lwip-0.5.3.preproc,proj/unixsim/apps/udpecho,128
lwip-0.5.3.preproc,proj/unixsim/apps/shell,7777
lwip-0.5.3.preproc,proj/unixsim/apps/httpd,559
lwip-0.5.3.preproc,proj/unixsim/apps/tcpecho,112
lwip-0.5.3.preproc,proj/unixsim/simrouter,466
lwip-0.5.3.preproc,src/netif/tcpdump,1247
lwip-0.5.3.preproc,src/netif/loopif,80
lwip-0.5.3.preproc,src/netif/arp,1096
lwip-0.5.3.preproc,src/core/tcp_output,2056
lwip-0.5.3.preproc,src/core/sys,258
lwip-0.5.3.preproc,src/core/tcp,2159
lwip-0.5.3.preproc,src/core/pbuf,1044
lwip-0.5.3.preproc,src/core/inet,304
lwip-0.5.3.preproc,src/core/stats,20
lwip-0.5.3.preproc,src/core/udp,880
lwip-0.5.3.preproc,src/core/mem,812
lwip-0.5.3.preproc,src/core/memp,592
lwip-0.5.3.preproc,src/core/tcp_input,3744
lwip-0.5.3.preproc,src/core/netif,380
lwip-0.5.3.preproc,src/core/ipv4/ip_addr,4
lwip-0.5.3.preproc,src/core/ipv4/icmp,636
lwip-0.5.3.preproc,src/core/ipv4/ip,1172
lwip-0.5.3.preproc,src/api/err,0
lwip-0.5.3.preproc,src/api/api_msg,1240
lwip-0.5.3.preproc,src/api/api_lib,1502
lwip-0.5.3.preproc,src/api/tcpip,244
lwip-0.5.3.preproc,src/api/sockets,824
mpeg2dec-0.3.1,libvo/video_out_sdl,629
mpeg2dec-0.3.1,libvo/video_out_pgm,401
mpeg2dec-0.3.1,libvo/video_out_dx,0
mpeg2dec-0.3.1,libvo/video_out_null,184
mpeg2dec-0.3.1,libvo/video_out,146
mpeg2dec-0.3.1,libvo/video_out_x11,0
mpeg2dec-0.3.1,libvo/yuv2rgb,3272
mpeg2dec-0.3.1,libvo/yuv2rgb_mmx,0
mpeg2dec-0.3.1,libvo/yuv2rgb_mlib,0
mpeg2dec-0.3.1,src/getopt,2300
mpeg2dec-0.3.1,src/gettimeofday,0
mpeg2dec-0.3.1,src/extract_mpeg2,2624
mpeg2dec-0.3.1,src/mpeg2dec,3618
mpeg2dec-0.3.1,libmpeg2/idct_alpha,0
mpeg2dec-0.3.1,libmpeg2/cpu_accel,4
mpeg2dec-0.3.1,libmpeg2/motion_comp,3424
mpeg2dec-0.3.1,libmpeg2/motion_comp_alpha,0
mpeg2dec-0.3.1,libmpeg2/cpu_state,2
mpeg2dec-0.3.1,libmpeg2/idct_mmx,0
mpeg2dec-0.3.1,libmpeg2/decode,1888
mpeg2dec-0.3.1,libmpeg2/slice,14404
mpeg2dec-0.3.1,libmpeg2/idct_mlib,0
mpeg2dec-0.3.1,libmpeg2/idct_altivec,0
mpeg2dec-0.3.1,libmpeg2/motion_comp_mlib,0
mpeg2dec-0.3.1,libmpeg2/idct,1264
mpeg2dec-0.3.1,libmpeg2/header,3412
mpeg2dec-0.3.1,libmpeg2/motion_comp_altivec,0
mpeg2dec-0.3.1,libmpeg2/motion_comp_mmx,0
mpeg2dec-0.3.1,libmpeg2/alloc,92
mpgcut-1.1,mpgcut,8675
OpenTCP-1.0.4,bootp/bootp,980
OpenTCP-1.0.4,system,784
OpenTCP-1.0.4,tcp,3974
OpenTCP-1.0.4,smtp/smtp_client,1472
OpenTCP-1.0.4,smtp/smtpc_callbacks,22
OpenTCP-1.0.4,dns/dns,996
OpenTCP-1.0.4,icmp,256
OpenTCP-1.0.4,timers,176
OpenTCP-1.0.4,ethernet,1456
OpenTCP-1.0.4,pop3/pop3_client,2491
OpenTCP-1.0.4,pop3/pop3c_callbacks,20
OpenTCP-1.0.4,ip,1320
OpenTCP-1.0.4,udp,1154
OpenTCP-1.0.4,dhcp/dhcpc,1716
OpenTCP-1.0.4,demo/udp_demo,196
OpenTCP-1.0.4,demo/main_demo,212
OpenTCP-1.0.4,demo/tcp_client_demo,284
OpenTCP-1.0.4,demo/tcp_server_demo,244
OpenTCP-1.0.4,tftp/tftps,632
OpenTCP-1.0.4,http/https_callbacks,588
OpenTCP-1.0.4,http/http_server,964
OpenTCP-1.0.4,arp,1673
replaypc-0.4.0.preproc,dump-addressbook,353
replaypc-0.4.0.preproc,zipcode,343
replaypc-0.4.0.preproc,dump-guide,338
replaypc-0.4.0.preproc,rddnsclient,946
replaypc-0.4.0.preproc,headend,1502
replaypc-0.4.0.preproc,ndx-dump,3360
replaypc-0.4.0.preproc,addressbook,503
replaypc-0.4.0.preproc,rtv,496
replaypc-0.4.0.preproc,ndx,361
replaypc-0.4.0.preproc,dump-cg2,359
replaypc-0.4.0.preproc,dump-filedarray,360
replaypc-0.4.0.preproc,un-protect,1062
replaypc-0.4.0.preproc,dump-programset,457
replaypc-0.4.0.preproc,dump-channelset,252
replaypc-0.4.0.preproc,crypt-test,875
replaypc-0.4.0.preproc,guide,6122
replaypc-0.4.0.preproc,httpfsclient,1606
replaypc-0.4.0.preproc,program,4350
replaypc-0.4.0.preproc,bigfile,136
replaypc-0.4.0.preproc,rtvguide,1398
replaypc-0.4.0.preproc,httpclient,1720
replaypc-0.4.0.preproc,find-GOPs,160
replaypc-0.4.0.preproc,sleep,14
replaypc-0.4.0.preproc,cg,1579
replaypc-0.4.0.preproc,dump-replayshows,218
replaypc-0.4.0.preproc,rddns,441
replaypc-0.4.0.preproc,dump-replaychannels,226
replaypc-0.4.0.preproc,dump-headend,224
replaypc-0.4.0.preproc,channelset,155
replaypc-0.4.0.preproc,crypt,672
replaypc-0.4.0.preproc,mark-commercial,1798
replaypc-0.4.0.preproc,httpfs,5026
replaypc-0.4.0.preproc,filedarray,182
replaypc-0.4.0.preproc,build-ndx,368
replaypc-0.4.0.preproc,version-test,114
replaypc-0.4.0.preproc,dump,1190
replaypc-0.4.0.preproc,dump-zipcode2,196
replaypc-0.4.0.preproc,ReplayPC,3504
replaypc-0.4.0.preproc,guideclient,537
teem-1.6.0-src,src/air/sane,3166
teem-1.6.0-src,src/air/string,828
teem-1.6.0-src,src/air/754,1323
teem-1.6.0-src,src/air/array,446
teem-1.6.0-src,src/air/parseAir,4570
teem-1.6.0-src,src/air/threadAir,853
teem-1.6.0-src,src/air/endianAir,1338
teem-1.6.0-src,src/air/dio,1852
teem-1.6.0-src,src/air/enum,628
teem-1.6.0-src,src/air/miscAir,3584
teem-1.6.0-src,src/air/mop,1355
teem-1.6.0-src,src/air/test/doubleprint,574
teem-1.6.0-src,src/air/test/floatprint,552
teem-1.6.0-src,src/air/test/tline,365
teem-1.6.0-src,src/air/test/fp,1502
teem-1.6.0-src,src/air/test/tmop,539
teem-1.6.0-src,src/air/test/tok,254
teem-1.6.0-src,src/limn/hestLimn,954
teem-1.6.0-src,src/limn/qn,2465
teem-1.6.0-src,src/limn/splineEval,5561
teem-1.6.0-src,src/limn/splineMethods,4331
teem-1.6.0-src,src/limn/renderLimn,2735
teem-1.6.0-src,src/limn/obj,660
teem-1.6.0-src,src/limn/shapes,3248
teem-1.6.0-src,src/limn/methodsLimn,208
teem-1.6.0-src,src/limn/transform,2661
teem-1.6.0-src,src/limn/cam,4722
teem-1.6.0-src,src/limn/light,738
teem-1.6.0-src,src/limn/splineMisc,14189
teem-1.6.0-src,src/limn/env,1052
teem-1.6.0-src,src/limn/io,637
teem-1.6.0-src,src/limn/test/soid,3133
teem-1.6.0-src,src/limn/test/tps,2280
teem-1.6.0-src,src/limn/test/tcam,1148
teem-1.6.0-src,src/limn/test/tbc,1576
teem-1.6.0-src,src/limn/test/tcamanim,3063
teem-1.6.0-src,src/limn/test/light,436
teem-1.6.0-src,src/limn/test/map,260
teem-1.6.0-src,src/limn/test/tspline,1877
teem-1.6.0-src,src/limn/defaultsLimn,13
teem-1.6.0-src,src/bane/gkmsFlotsam,2830
teem-1.6.0-src,src/bane/trex,318
teem-1.6.0-src,src/bane/methodsBane,531
teem-1.6.0-src,src/bane/clip,1367
teem-1.6.0-src,src/bane/gkmsHvol,2690
teem-1.6.0-src,src/bane/gkmsScat,1444
teem-1.6.0-src,src/bane/valid,2150
teem-1.6.0-src,src/bane/gkmsMite,1104
teem-1.6.0-src,src/bane/gkmsOpac,3005
teem-1.6.0-src,src/bane/gkmsTxf,2924
teem-1.6.0-src,src/bane/hvol,6321
teem-1.6.0-src,src/bane/scat,657
teem-1.6.0-src,src/bane/measr,1670
teem-1.6.0-src,src/bane/trnsf,4035
teem-1.6.0-src,src/bane/gkmsPvg,2822
teem-1.6.0-src,src/bane/gkmsInfo,1233
teem-1.6.0-src,src/bane/defaultsBane,29
teem-1.6.0-src,src/bane/test/sigma,141
teem-1.6.0-src,src/bane/test/pos,521
teem-1.6.0-src,src/bane/test/tblah,949
teem-1.6.0-src,src/bane/test/opac,426
teem-1.6.0-src,src/bane/test/tinfo,473
teem-1.6.0-src,src/bane/inc,3605
teem-1.6.0-src,src/bane/rangeBane,1597
teem-1.6.0-src,src/alan/methodsAlan,1924
teem-1.6.0-src,src/alan/coreAlan,3739
teem-1.6.0-src,src/alan/enumsAlan,2480
teem-1.6.0-src,src/alan/test/tspot,871
teem-1.6.0-src,src/echo/sqd,6721
teem-1.6.0-src,src/echo/set,848
teem-1.6.0-src,src/echo/renderEcho,4406
teem-1.6.0-src,src/echo/bounds,5919
teem-1.6.0-src,src/echo/matter,332
teem-1.6.0-src,src/echo/methodsEcho,477
teem-1.6.0-src,src/echo/model,1048
teem-1.6.0-src,src/echo/intx,12882
teem-1.6.0-src,src/echo/enumsEcho,13165
teem-1.6.0-src,src/echo/list,1236
teem-1.6.0-src,src/echo/color,7420
teem-1.6.0-src,src/echo/lightEcho,605
teem-1.6.0-src,src/echo/objmethods,1064
teem-1.6.0-src,src/echo/test/test,850
teem-1.6.0-src,src/echo/test/trend,6441
teem-1.6.0-src,src/nrrd/methodsNrrd,3545
teem-1.6.0-src,src/nrrd/endianNrrd,407
teem-1.6.0-src,src/nrrd/format,592
teem-1.6.0-src,src/nrrd/simple,4035
teem-1.6.0-src,src/nrrd/encodingRaw,1752
teem-1.6.0-src,src/nrrd/encodingGzip,561
teem-1.6.0-src,src/nrrd/range,512
teem-1.6.0-src,src/nrrd/apply1D,7042
teem-1.6.0-src,src/nrrd/histogram,5449
teem-1.6.0-src,src/nrrd/hestNrrd,963
teem-1.6.0-src,src/nrrd/keyvalue,653
teem-1.6.0-src,src/nrrd/measure,7600
teem-1.6.0-src,src/nrrd/formatPNG,626
teem-1.6.0-src,src/nrrd/encoding,584
teem-1.6.0-src,src/nrrd/winKernel,18188
teem-1.6.0-src,src/nrrd/gzio,0
teem-1.6.0-src,src/nrrd/encodingBzip2,494
teem-1.6.0-src,src/nrrd/reorder,7872
teem-1.6.0-src,src/nrrd/cc,9314
teem-1.6.0-src,src/nrrd/write,3626
teem-1.6.0-src,src/nrrd/comment,383
teem-1.6.0-src,src/nrrd/axis,2560
teem-1.6.0-src,src/nrrd/convertNrrd,2622
teem-1.6.0-src,src/nrrd/tmfKernel,110745
teem-1.6.0-src,src/nrrd/arraysNrrd,2364
teem-1.6.0-src,src/nrrd/formatText,2438
teem-1.6.0-src,src/nrrd/formatNRRD,3248
teem-1.6.0-src,src/nrrd/resampleNrrd,5732
teem-1.6.0-src,src/nrrd/enumsNrrd,86275
teem-1.6.0-src,src/nrrd/subset,2260
teem-1.6.0-src,src/nrrd/kernel,22378
teem-1.6.0-src,src/nrrd/defaultsNrrd,659
teem-1.6.0-src,src/nrrd/filt,4922
teem-1.6.0-src,src/nrrd/map,4619
teem-1.6.0-src,src/nrrd/formatPNM,2599
teem-1.6.0-src,src/nrrd/formatVTK,5027
teem-1.6.0-src,src/nrrd/superset,4104
teem-1.6.0-src,src/nrrd/iter,519
teem-1.6.0-src,src/nrrd/read,2459
teem-1.6.0-src,src/nrrd/encodingAscii,1361
teem-1.6.0-src,src/nrrd/encodingHex,1444
teem-1.6.0-src,src/nrrd/test/tread,252
teem-1.6.0-src,src/nrrd/test/typestest,364
teem-1.6.0-src,src/nrrd/test/minmax,268
teem-1.6.0-src,src/nrrd/test/convo,1637
teem-1.6.0-src,src/nrrd/test/tkernel,1683
teem-1.6.0-src,src/nrrd/test/tline,318
teem-1.6.0-src,src/nrrd/test/trand,141
teem-1.6.0-src,src/nrrd/test/kv,331
teem-1.6.0-src,src/nrrd/test/ax,2859
teem-1.6.0-src,src/nrrd/test/io,345
teem-1.6.0-src,src/nrrd/test/quadvol,1565
teem-1.6.0-src,src/nrrd/test/genvol,1483
teem-1.6.0-src,src/nrrd/ccmethods,1008
teem-1.6.0-src,src/nrrd/parseNrrd,5218
teem-1.6.0-src,src/nrrd/accessors,5755
teem-1.6.0-src,src/nrrd/formatEPS,2197
teem-1.6.0-src,src/nrrd/arith,4871
teem-1.6.0-src,src/hoover/defaultsHoover,19
teem-1.6.0-src,src/hoover/rays,3299
teem-1.6.0-src,src/hoover/stub,44
teem-1.6.0-src,src/hoover/methodsHoover,1634
teem-1.6.0-src,src/hest/methodsHest,1877
teem-1.6.0-src,src/hest/usage,2286
teem-1.6.0-src,src/hest/parseHest,10546
teem-1.6.0-src,src/hest/defaultsHest,12
teem-1.6.0-src,src/hest/test/strings,1091
teem-1.6.0-src,src/hest/test/ex0,401
teem-1.6.0-src,src/hest/test/ex3,1410
teem-1.6.0-src,src/hest/test/bday,958
teem-1.6.0-src,src/hest/test/ex5,729
teem-1.6.0-src,src/hest/test/ex4,1040
teem-1.6.0-src,src/hest/test/ex2,924
teem-1.6.0-src,src/hest/test/ex1,1059
teem-1.6.0-src,src/biff/test/test,212
teem-1.6.0-src,src/biff/biff,2107
teem-1.6.0-src,src/ten/tendShrink,896
teem-1.6.0-src,src/ten/tendSim,1292
teem-1.6.0-src,src/ten/defaultsTen,60
teem-1.6.0-src,src/ten/mod,2481
teem-1.6.0-src,src/ten/tendEvec,1554
teem-1.6.0-src,src/ten/tendMake,917
teem-1.6.0-src,src/ten/tendPoint,1468
teem-1.6.0-src,src/ten/chan,7573
teem-1.6.0-src,src/ten/tendAnhist,1111
teem-1.6.0-src,src/ten/tendEllipse,2313
teem-1.6.0-src,src/ten/tendSatin,4940
teem-1.6.0-src,src/ten/tendEpireg,4336
teem-1.6.0-src,src/ten/tendEvq,2117
teem-1.6.0-src,src/ten/tendEvaladd,924
teem-1.6.0-src,src/ten/tendSlice,945
teem-1.6.0-src,src/ten/tendEvalclamp,1212
teem-1.6.0-src,src/ten/glyph,4347
teem-1.6.0-src,src/ten/tendBmat,1289
teem-1.6.0-src,src/ten/tendAnplot,1593
teem-1.6.0-src,src/ten/tensor,5678
teem-1.6.0-src,src/ten/fiber,4066
teem-1.6.0-src,src/ten/tenGage,3209
teem-1.6.0-src,src/ten/tendSten,1278
teem-1.6.0-src,src/ten/tendFiber,2472
teem-1.6.0-src,src/ten/enumsTen,26181
teem-1.6.0-src,src/ten/tendEval,1516
teem-1.6.0-src,src/ten/tendEvecrgb,1827
teem-1.6.0-src,src/ten/tendEstim,3737
teem-1.6.0-src,src/ten/tendFlotsam,1238
teem-1.6.0-src,src/ten/tendGlyph,6392
teem-1.6.0-src,src/ten/fiberMethods,2377
teem-1.6.0-src,src/ten/miscTen,3121
teem-1.6.0-src,src/ten/tendNorm,1225
teem-1.6.0-src,src/ten/tendAnscale,1323
teem-1.6.0-src,src/ten/tendAnvol,1437
teem-1.6.0-src,src/ten/aniso,3175
teem-1.6.0-src,src/ten/tendEvalpow,835
teem-1.6.0-src,src/ten/test/tg,2259
teem-1.6.0-src,src/ten/test/tem,984
teem-1.6.0-src,src/ten/test/tt,2530
teem-1.6.0-src,src/ten/bimod,5433
teem-1.6.0-src,src/ten/tendExpand,1392
teem-1.6.0-src,src/ten/epireg,11967
teem-1.6.0-src,src/moss/hestMoss,1006
teem-1.6.0-src,src/moss/methodsMoss,884
teem-1.6.0-src,src/moss/sampler,1997
teem-1.6.0-src,src/moss/xform,2882
teem-1.6.0-src,src/moss/defaultsMoss,17
teem-1.6.0-src,src/moss/test/invert,288
teem-1.6.0-src,src/unrrdu/gamma,1274
teem-1.6.0-src,src/unrrdu/ccsettle,1002
teem-1.6.0-src,src/unrrdu/axsplit,1076
teem-1.6.0-src,src/unrrdu/swap,813
teem-1.6.0-src,src/unrrdu/unquantize,1103
teem-1.6.0-src,src/unrrdu/flotsam,2470
teem-1.6.0-src,src/unrrdu/imap,2370
teem-1.6.0-src,src/unrrdu/jhisto,2505
teem-1.6.0-src,src/unrrdu/join,1420
teem-1.6.0-src,src/unrrdu/data,1240
teem-1.6.0-src,src/unrrdu/block,1086
teem-1.6.0-src,src/unrrdu/cmedian,2412
teem-1.6.0-src,src/unrrdu/ccadj,1117
teem-1.6.0-src,src/unrrdu/inset,1285
teem-1.6.0-src,src/unrrdu/resample,3242
teem-1.6.0-src,src/unrrdu/unblock,1094
teem-1.6.0-src,src/unrrdu/minmax,1058
teem-1.6.0-src,src/unrrdu/project,1825
teem-1.6.0-src,src/unrrdu/head,1334
teem-1.6.0-src,src/unrrdu/permute,965
teem-1.6.0-src,src/unrrdu/ccmerge,2547
teem-1.6.0-src,src/unrrdu/1op,1599
teem-1.6.0-src,src/unrrdu/ccfind,1657
teem-1.6.0-src,src/unrrdu/lut,1989
teem-1.6.0-src,src/unrrdu/crop,1356
teem-1.6.0-src,src/unrrdu/rmap,2429
teem-1.6.0-src,src/unrrdu/axdelete,1342
teem-1.6.0-src,src/unrrdu/histo,1426
teem-1.6.0-src,src/unrrdu/flip,770
teem-1.6.0-src,src/unrrdu/convert,1104
teem-1.6.0-src,src/unrrdu/slice,1193
teem-1.6.0-src,src/unrrdu/2op,2106
teem-1.6.0-src,src/unrrdu/dice,1670
teem-1.6.0-src,src/unrrdu/save,2642
teem-1.6.0-src,src/unrrdu/3op,2216
teem-1.6.0-src,src/unrrdu/axinfo,1325
teem-1.6.0-src,src/unrrdu/axmerge,1279
teem-1.6.0-src,src/unrrdu/histax,1247
teem-1.6.0-src,src/unrrdu/pad,1708
teem-1.6.0-src,src/unrrdu/dhisto,1274
teem-1.6.0-src,src/unrrdu/reshape,942
teem-1.6.0-src,src/unrrdu/shuffle,1568
teem-1.6.0-src,src/unrrdu/axinsert,1037
teem-1.6.0-src,src/unrrdu/splice,1317
teem-1.6.0-src,src/unrrdu/make,6142
teem-1.6.0-src,src/unrrdu/quantize,1554
teem-1.6.0-src,src/unrrdu/about,2707
teem-1.6.0-src,src/unrrdu/heq,1989
teem-1.6.0-src,src/mite/renderMite,1013
teem-1.6.0-src,src/mite/ray,3726
teem-1.6.0-src,src/mite/txf,6975
teem-1.6.0-src,src/mite/thread,238
teem-1.6.0-src,src/mite/user,779
teem-1.6.0-src,src/mite/defaultsMite,33
teem-1.6.0-src,src/hex/dehex,1223
teem-1.6.0-src,src/hex/enhex,709
teem-1.6.0-src,src/dye/methodsDye,1882
teem-1.6.0-src,src/dye/test/bow,534
teem-1.6.0-src,src/dye/test/conv,352
teem-1.6.0-src,src/dye/convertDye,3112
teem-1.6.0-src,src/gage/sclprint,821
teem-1.6.0-src,src/gage/vecGage,13448
teem-1.6.0-src,src/gage/sclfilter,8949
teem-1.6.0-src,src/gage/scl,19232
teem-1.6.0-src,src/gage/update,4136
teem-1.6.0-src,src/gage/ctx,4004
teem-1.6.0-src,src/gage/print,5357
teem-1.6.0-src,src/gage/filter,2995
teem-1.6.0-src,src/gage/st,2883
teem-1.6.0-src,src/gage/sclanswer,6485
teem-1.6.0-src,src/gage/vecprint,52
teem-1.6.0-src,src/gage/defaultsGage,53
teem-1.6.0-src,src/gage/pvl,1283
teem-1.6.0-src,src/gage/miscGage,5215
teem-1.6.0-src,src/gage/shape,2832
teem-1.6.0-src,src/ell/miscEll,975
teem-1.6.0-src,src/ell/genmat,2811
teem-1.6.0-src,src/ell/vecEll,1458
teem-1.6.0-src,src/ell/eigen,4328
teem-1.6.0-src,src/ell/quat,14654
teem-1.6.0-src,src/ell/cubicEll,1992
teem-1.6.0-src,src/ell/mat,24378
teem-1.6.0-src,src/ell/test/sort3,626
teem-1.6.0-src,src/ell/test/invert,617
teem-1.6.0-src,src/ell/test/tq,5183
ttt-0.10.1.preproc,src/engine,1524
ttt-0.10.1.preproc,src/parse,1003
ttt-0.10.1.preproc,src/main,917
ttt-0.10.1.preproc,src/util,1696
ttt-0.10.1.preproc,src/ttt,4309
ttt-0.10.1.preproc,src/connect4,2777
unrarlib-0.4.0,samples/unix/getfile/getfile,729
unrarlib-0.4.0,samples/unix/listarchive/listarchive,906
unrarlib-0.4.0,unrarlib/unrarlib,9368
zlib-1.1.4,compress,114
zlib-1.1.4,crc32,1220
zlib-1.1.4,zutil,211
zlib-1.1.4,inffast,814
zlib-1.1.4,uncompr,94
zlib-1.1.4,adler32,196
zlib-1.1.4,deflate,4185
zlib-1.1.4,inftrees,6288
zlib-1.1.4,gzio,2563
zlib-1.1.4,trees,7512
zlib-1.1.4,inflate,1327
zlib-1.1.4,infutil,258
zlib-1.1.4,infblock,2190
zlib-1.1.4,infcodes,1378
