size
"2",,"","","","","arm-none-eabi-gcc (GCC) 4.9.3"
"","-Os -std=gnu89 -marm -mcpu=arm966e-s -mno-thumb-interwork"
bzip2-1.0.2,compress,8943
bzip2-1.0.2,huffman,1312
bzip2-1.0.2,blocksort,6931
bzip2-1.0.2,crctable,1024
bzip2-1.0.2,decompress,10231
bzip2-1.0.2,bzip2,18545
bzip2-1.0.2,randtable,2048
bzip2-1.0.2,bzip2recover,3893
bzip2-1.0.2,bzlib,11495
cg_compiler_opensrc,cpp,7510
cg_compiler_opensrc,parser,16327
cg_compiler_opensrc,atom,3692
cg_compiler_opensrc,constfold,4732
cg_compiler_opensrc,printutils,10919
cg_compiler_opensrc,cgstruct,140
cg_compiler_opensrc,binding,1735
cg_compiler_opensrc,symbols,7125
cg_compiler_opensrc,compile,14590
cg_compiler_opensrc,memory,640
cg_compiler_opensrc,tokenize,678
cg_compiler_opensrc,inline,3042
cg_compiler_opensrc,semantic,4858
cg_compiler_opensrc,scanner,6923
cg_compiler_opensrc,stdlib,3222
cg_compiler_opensrc,support,26611
cg_compiler_opensrc,check,3753
cg_compiler_opensrc,tokens,3261
cg_compiler_opensrc,cgcmain,2531
cg_compiler_opensrc,support_iter,2406
cg_compiler_opensrc,hal,3031
cg_compiler_opensrc,generic_hal,2635
compiler,main,2670
compiler,parser,4864
compiler,scanner,3747
compiler,cg,3039
compiler,vam,4236
compiler,vas,6782
flex-2.5.31,parse,9478
flex-2.5.31,skel,94034
flex-2.5.31,tables,2257
flex-2.5.31,libmain,20
flex-2.5.31,regex,659
flex-2.5.31,main,21766
flex-2.5.31,ecs,584
flex-2.5.31,scan,46560
flex-2.5.31,tblcmp,3936
flex-2.5.31,sym,991
flex-2.5.31,ccl,1392
flex-2.5.31,yylex,1360
flex-2.5.31,nfa,4076
flex-2.5.31,filter,2405
flex-2.5.31,buf,1095
flex-2.5.31,gen,24742
flex-2.5.31,tables_shared,36
flex-2.5.31,options,2610
flex-2.5.31,libyywrap,8
flex-2.5.31,dfa,7934
flex-2.5.31,scanopt,3858
flex-2.5.31,misc,6318
jikespg-1.3,src/ctabs,50244
jikespg-1.3,src/main,6459
jikespg-1.3,src/mkfirst,15888
jikespg-1.3,src/mkstates,3270
jikespg-1.3,src/spacetab,22516
jikespg-1.3,src/partset,1788
jikespg-1.3,src/tabutil,14782
jikespg-1.3,src/prntstat,3716
jikespg-1.3,src/lpgparse,49645
jikespg-1.3,src/timetab,10776
jikespg-1.3,src/remsp,8466
jikespg-1.3,src/globals,268
jikespg-1.3,src/resolve,13376
jikespg-1.3,src/mkred,7492
jikespg-1.3,src/produce,12457
jikespg-1.3,src/ptables,3647
jikespg-1.3,src/lpgutil,5311
jpeg-6b,wrjpgcom,4051
jpeg-6b,jcdctmgr,1608
jpeg-6b,jddctmgr,912
jpeg-6b,jerror,5646
jpeg-6b,jdmainct,1832
jpeg-6b,jidctfst,1036
jpeg-6b,jfdctfst,528
jpeg-6b,jfdctint,768
jpeg-6b,jidctint,1464
jpeg-6b,jdmarker,7568
jpeg-6b,rdgif,93
jpeg-6b,jctrans,1624
jpeg-6b,djpeg,6675
jpeg-6b,jdapistd,1212
jpeg-6b,wrrle,0
jpeg-6b,jdtrans,440
jpeg-6b,jccolor,1708
jpeg-6b,cjpeg,6101
jpeg-6b,wrgif,4084
jpeg-6b,jcparam,3628
jpeg-6b,jchuff,4028
jpeg-6b,jdcolor,1416
jpeg-6b,jcomapi,184
jpeg-6b,jdphuff,3472
jpeg-6b,jccoefct,2108
jpeg-6b,jcapimin,1024
jpeg-6b,rdcolmap,1756
jpeg-6b,jdpostct,1024
jpeg-6b,transupp,5428
jpeg-6b,jdhuff,3056
jpeg-6b,wrtarga,1296
jpeg-6b,jcsample,2440
jpeg-6b,jdatasrc,416
jpeg-6b,jcmainct,472
jpeg-6b,wrbmp,3736
jpeg-6b,rdbmp,2540
jpeg-6b,jcinit,224
jpeg-6b,rdrle,0
jpeg-6b,jquant2,4988
jpeg-6b,jdinput,1576
jpeg-6b,rdjpgcom,2671
jpeg-6b,jdsample,1884
jpeg-6b,jdmaster,2240
jpeg-6b,ansi2knr,3104
jpeg-6b,jdmerge,1636
jpeg-6b,jdatadst,356
jpeg-6b,jcmaster,3348
jpeg-6b,jcapistd,660
jpeg-6b,jcprepct,1540
jpeg-6b,jpegtran,4208
jpeg-6b,jidctflt,1636
jpeg-6b,jmemnobs,72
jpeg-6b,rdswitch,2348
jpeg-6b,wrppm,754
jpeg-6b,jidctred,1480
jpeg-6b,rdppm,2172
jpeg-6b,jdcoefct,3948
jpeg-6b,jquant1,3404
jpeg-6b,jfdctflt,1184
jpeg-6b,jdapimin,1436
jpeg-6b,jcmarker,2284
jpeg-6b,rdtarga,2228
jpeg-6b,jcphuff,3320
jpeg-6b,jmemmgr,3826
jpeg-6b,jutils,452
jpeg-6b,cdjpeg,148
libmspack,mspack/system,894
libmspack,mspack/chmd,4596
libmspack,mspack/hlpc,12
libmspack,mspack/qtmc,0
libmspack,mspack/kwajd,12
libmspack,mspack/chmc,12
libmspack,mspack/litc,12
libmspack,mspack/qtmd,6168
libmspack,mspack/lzxc,0
libmspack,mspack/cabc,12
libmspack,mspack/litd,12
libmspack,mspack/hlpd,12
libmspack,mspack/mszipc,0
libmspack,mspack/lzxd,7396
libmspack,mspack/cabd,7492
libmspack,mspack/mszipd,36
libmspack,mspack/kwajc,12
libmspack,mspack/szddd,12
libmspack,mspack/szddc,12
libmspack,test/cabd_md5,1321
libmspack,test/cabextract_md5,25726
libmspack,test/md5,3624
libmspack,test/chmd_md5,1234
libmspack,test/cabrip,535
libmspack,test/cabd_test,11384
libpng-1.2.5,pngtest,7176
libpng-1.2.5,png2pnm,3017
libpng-1.2.5,pngrtran,20852
libpng-1.2.5,pngrio,329
libpng-1.2.5,pngwtran,1976
libpng-1.2.5,pngget,3212
libpng-1.2.5,pngtrans,2328
libpng-1.2.5,pngread,7614
libpng-1.2.5,pnm2png,3397
libpng-1.2.5,pngerror,1071
libpng-1.2.5,png,2941
libpng-1.2.5,pngwio,361
libpng-1.2.5,pngwrite,6973
libpng-1.2.5,pngpread,6695
libpng-1.2.5,pngwutil,13533
libpng-1.2.5,pngset,7021
libpng-1.2.5,pngrutil,16847
libpng-1.2.5,pngmem,549
linux-2.4.23-pre3-testplatform,arch/testplatform/mm/init,1852
linux-2.4.23-pre3-testplatform,arch/testplatform/mm/ioremap,711
linux-2.4.23-pre3-testplatform,arch/testplatform/mm/fault,466
linux-2.4.23-pre3-testplatform,arch/testplatform/mm/extable,88
linux-2.4.23-pre3-testplatform,arch/testplatform/lib/checksum,8
linux-2.4.23-pre3-testplatform,arch/testplatform/lib/strcmp,8
linux-2.4.23-pre3-testplatform,arch/testplatform/lib/misaligned,144
linux-2.4.23-pre3-testplatform,arch/testplatform/lib/memcpy,8
linux-2.4.23-pre3-testplatform,arch/testplatform/lib/delay,8
linux-2.4.23-pre3-testplatform,arch/testplatform/lib/strncpy,8
linux-2.4.23-pre3-testplatform,arch/testplatform/lib/memset,8
linux-2.4.23-pre3-testplatform,arch/testplatform/lib/uaccess,24
linux-2.4.23-pre3-testplatform,arch/testplatform/kernel/s390_ext,740
linux-2.4.23-pre3-testplatform,arch/testplatform/kernel/sys_s390,1017
linux-2.4.23-pre3-testplatform,arch/testplatform/kernel/cpcmd,4
linux-2.4.23-pre3-testplatform,arch/testplatform/kernel/init_task,16384
linux-2.4.23-pre3-testplatform,arch/testplatform/kernel/signal,3988
linux-2.4.23-pre3-testplatform,arch/testplatform/kernel/ebcdic,1536
linux-2.4.23-pre3-testplatform,arch/testplatform/kernel/entry,36
linux-2.4.23-pre3-testplatform,arch/testplatform/kernel/head,4
linux-2.4.23-pre3-testplatform,arch/testplatform/kernel/ptrace,1568
linux-2.4.23-pre3-testplatform,arch/testplatform/kernel/irq,36
linux-2.4.23-pre3-testplatform,arch/testplatform/kernel/bitmap,3
linux-2.4.23-pre3-testplatform,arch/testplatform/kernel/semaphore,308
linux-2.4.23-pre3-testplatform,arch/testplatform/kernel/time,20
linux-2.4.23-pre3-testplatform,arch/testplatform/kernel/s390fpu,28
linux-2.4.23-pre3-testplatform,arch/testplatform/kernel/debug,4126
linux-2.4.23-pre3-testplatform,arch/testplatform/kernel/needed,32
linux-2.4.23-pre3-testplatform,arch/testplatform/kernel/setup,2256
linux-2.4.23-pre3-testplatform,arch/testplatform/kernel/traps,4154
linux-2.4.23-pre3-testplatform,arch/testplatform/kernel/process,1183
linux-2.4.23-pre3-testplatform,arch/testplatform/kernel/reipl,4
linux-2.4.23-pre3-testplatform,fs/char_dev,447
linux-2.4.23-pre3-testplatform,fs/namespace,4915
linux-2.4.23-pre3-testplatform,fs/xattr,948
linux-2.4.23-pre3-testplatform,fs/attr,834
linux-2.4.23-pre3-testplatform,fs/partitions/msdos,428
linux-2.4.23-pre3-testplatform,fs/partitions/check,1707
linux-2.4.23-pre3-testplatform,fs/exec,4880
linux-2.4.23-pre3-testplatform,fs/locks,8148
linux-2.4.23-pre3-testplatform,fs/iobuf,1111
linux-2.4.23-pre3-testplatform,fs/binfmt_script,468
linux-2.4.23-pre3-testplatform,fs/dnotify,648
linux-2.4.23-pre3-testplatform,fs/fcntl,1754
linux-2.4.23-pre3-testplatform,fs/pipe,2972
linux-2.4.23-pre3-testplatform,fs/quota,3234
linux-2.4.23-pre3-testplatform,fs/nfsd/nfsctl,887
linux-2.4.23-pre3-testplatform,fs/nfsd/vfs,8196
linux-2.4.23-pre3-testplatform,fs/nfsd/nfscache,1907
linux-2.4.23-pre3-testplatform,fs/nfsd/nfssvc,1478
linux-2.4.23-pre3-testplatform,fs/nfsd/stats,44
linux-2.4.23-pre3-testplatform,fs/nfsd/lockd,280
linux-2.4.23-pre3-testplatform,fs/nfsd/auth,140
linux-2.4.23-pre3-testplatform,fs/nfsd/nfsproc,3607
linux-2.4.23-pre3-testplatform,fs/nfsd/export,5289
linux-2.4.23-pre3-testplatform,fs/nfsd/nfsxdr,2312
linux-2.4.23-pre3-testplatform,fs/nfsd/nfs3xdr,5068
linux-2.4.23-pre3-testplatform,fs/nfsd/nfs3proc,3234
linux-2.4.23-pre3-testplatform,fs/nfsd/nfsfh,5118
linux-2.4.23-pre3-testplatform,fs/fifo,768
linux-2.4.23-pre3-testplatform,fs/ramfs/inode,1415
linux-2.4.23-pre3-testplatform,fs/filesystems,0
linux-2.4.23-pre3-testplatform,fs/file_table,999
linux-2.4.23-pre3-testplatform,fs/block_dev,3837
linux-2.4.23-pre3-testplatform,fs/readdir,1693
linux-2.4.23-pre3-testplatform,fs/binfmt_elf,0
linux-2.4.23-pre3-testplatform,fs/inode,5093
linux-2.4.23-pre3-testplatform,fs/nfs/unlink,820
linux-2.4.23-pre3-testplatform,fs/nfs/symlink,440
linux-2.4.23-pre3-testplatform,fs/nfs/proc,1772
linux-2.4.23-pre3-testplatform,fs/nfs/write,5890
linux-2.4.23-pre3-testplatform,fs/nfs/inode,6680
linux-2.4.23-pre3-testplatform,fs/nfs/file,1072
linux-2.4.23-pre3-testplatform,fs/nfs/dir,4832
linux-2.4.23-pre3-testplatform,fs/nfs/nfs3xdr,5616
linux-2.4.23-pre3-testplatform,fs/nfs/pagelist,2451
linux-2.4.23-pre3-testplatform,fs/nfs/read,2204
linux-2.4.23-pre3-testplatform,fs/nfs/flushd,572
linux-2.4.23-pre3-testplatform,fs/nfs/nfs2xdr,3852
linux-2.4.23-pre3-testplatform,fs/nfs/nfs3proc,3088
linux-2.4.23-pre3-testplatform,fs/devices,994
linux-2.4.23-pre3-testplatform,fs/lockd/svcproc,2992
linux-2.4.23-pre3-testplatform,fs/lockd/svcshare,452
linux-2.4.23-pre3-testplatform,fs/lockd/xdr,3979
linux-2.4.23-pre3-testplatform,fs/lockd/svc4proc,2940
linux-2.4.23-pre3-testplatform,fs/lockd/clntproc,3019
linux-2.4.23-pre3-testplatform,fs/lockd/svcsubs,1303
linux-2.4.23-pre3-testplatform,fs/lockd/mon,1094
linux-2.4.23-pre3-testplatform,fs/lockd/host,1740
linux-2.4.23-pre3-testplatform,fs/lockd/xdr4,3920
linux-2.4.23-pre3-testplatform,fs/lockd/svc,1652
linux-2.4.23-pre3-testplatform,fs/lockd/svclock,2427
linux-2.4.23-pre3-testplatform,fs/lockd/clntlock,972
linux-2.4.23-pre3-testplatform,fs/lockd/lockd_syms,0
linux-2.4.23-pre3-testplatform,fs/file,777
linux-2.4.23-pre3-testplatform,fs/jbd/commit,4602
linux-2.4.23-pre3-testplatform,fs/jbd/journal,8331
linux-2.4.23-pre3-testplatform,fs/jbd/transaction,10268
linux-2.4.23-pre3-testplatform,fs/jbd/checkpoint,3470
linux-2.4.23-pre3-testplatform,fs/jbd/revoke,2355
linux-2.4.23-pre3-testplatform,fs/jbd/recovery,2242
linux-2.4.23-pre3-testplatform,fs/bad_inode,256
linux-2.4.23-pre3-testplatform,fs/stat,716
linux-2.4.23-pre3-testplatform,fs/open,4020
linux-2.4.23-pre3-testplatform,fs/super,3606
linux-2.4.23-pre3-testplatform,fs/select,2320
linux-2.4.23-pre3-testplatform,fs/seq_file,2324
linux-2.4.23-pre3-testplatform,fs/namei,9641
linux-2.4.23-pre3-testplatform,fs/read_write,2356
linux-2.4.23-pre3-testplatform,fs/ioctl,508
linux-2.4.23-pre3-testplatform,fs/buffer,12353
linux-2.4.23-pre3-testplatform,fs/dcache,4634
linux-2.4.23-pre3-testplatform,fs/ext3/fsync,277
linux-2.4.23-pre3-testplatform,fs/ext3/ialloc,2647
linux-2.4.23-pre3-testplatform,fs/ext3/symlink,108
linux-2.4.23-pre3-testplatform,fs/ext3/inode,10761
linux-2.4.23-pre3-testplatform,fs/ext3/file,368
linux-2.4.23-pre3-testplatform,fs/ext3/balloc,4288
linux-2.4.23-pre3-testplatform,fs/ext3/bitmap,148
linux-2.4.23-pre3-testplatform,fs/ext3/dir,1060
linux-2.4.23-pre3-testplatform,fs/ext3/super,9648
linux-2.4.23-pre3-testplatform,fs/ext3/namei,6699
linux-2.4.23-pre3-testplatform,fs/ext3/ioctl,811
linux-2.4.23-pre3-testplatform,mm/swap,426
linux-2.4.23-pre3-testplatform,mm/vmalloc,2239
linux-2.4.23-pre3-testplatform,mm/numa,904
linux-2.4.23-pre3-testplatform,mm/mmap,5135
linux-2.4.23-pre3-testplatform,mm/mprotect,1950
linux-2.4.23-pre3-testplatform,mm/bootmem,1811
linux-2.4.23-pre3-testplatform,mm/memory,6622
linux-2.4.23-pre3-testplatform,mm/swapfile,7236
linux-2.4.23-pre3-testplatform,mm/shmem,7043
linux-2.4.23-pre3-testplatform,mm/mlock,1460
linux-2.4.23-pre3-testplatform,mm/filemap,13861
linux-2.4.23-pre3-testplatform,mm/page_io,659
linux-2.4.23-pre3-testplatform,mm/page_alloc,4167
linux-2.4.23-pre3-testplatform,mm/slab,3950
linux-2.4.23-pre3-testplatform,mm/swap_state,1147
linux-2.4.23-pre3-testplatform,mm/oom_kill,675
linux-2.4.23-pre3-testplatform,mm/vmscan,2622
linux-2.4.23-pre3-testplatform,mm/mremap,2202
linux-2.4.23-pre3-testplatform,lib/string,912
linux-2.4.23-pre3-testplatform,lib/zlib_inflate/inffast,1062
linux-2.4.23-pre3-testplatform,lib/zlib_inflate/inflate_syms,0
linux-2.4.23-pre3-testplatform,lib/zlib_inflate/inftrees,6781
linux-2.4.23-pre3-testplatform,lib/zlib_inflate/inflate,2942
linux-2.4.23-pre3-testplatform,lib/zlib_inflate/infutil,392
linux-2.4.23-pre3-testplatform,lib/zlib_inflate/infblock,2698
linux-2.4.23-pre3-testplatform,lib/zlib_inflate/infcodes,1710
linux-2.4.23-pre3-testplatform,lib/vsprintf,3853
linux-2.4.23-pre3-testplatform,lib/bust_spinlocks,74
linux-2.4.23-pre3-testplatform,lib/errno,0
linux-2.4.23-pre3-testplatform,lib/brlock,0
linux-2.4.23-pre3-testplatform,lib/zlib_deflate/deflate_syms,0
linux-2.4.23-pre3-testplatform,lib/zlib_deflate/deflate,6244
linux-2.4.23-pre3-testplatform,lib/zlib_deflate/deftree,8532
linux-2.4.23-pre3-testplatform,lib/dec_and_lock,0
linux-2.4.23-pre3-testplatform,lib/cmdline,316
linux-2.4.23-pre3-testplatform,lib/ctype,256
linux-2.4.23-pre3-testplatform,lib/dump_stack,66
linux-2.4.23-pre3-testplatform,lib/rbtree,1120
linux-2.4.23-pre3-testplatform,lib/rwsem-spinlock,624
linux-2.4.23-pre3-testplatform,net/core/sock,4169
linux-2.4.23-pre3-testplatform,net/core/scm,1108
linux-2.4.23-pre3-testplatform,net/core/iovec,1084
linux-2.4.23-pre3-testplatform,net/core/skbuff,6277
linux-2.4.23-pre3-testplatform,net/core/ethtool,2712
linux-2.4.23-pre3-testplatform,net/core/datagram,2047
linux-2.4.23-pre3-testplatform,net/core/utils,285
linux-2.4.23-pre3-testplatform,net/core/dev_mcast,973
linux-2.4.23-pre3-testplatform,net/core/dst,1012
linux-2.4.23-pre3-testplatform,net/core/neighbour,8953
linux-2.4.23-pre3-testplatform,net/core/dev,10422
linux-2.4.23-pre3-testplatform,net/core/rtnetlink,3329
linux-2.4.23-pre3-testplatform,net/socket,7206
linux-2.4.23-pre3-testplatform,net/802/p8023,134
linux-2.4.23-pre3-testplatform,net/ethernet/eth,693
linux-2.4.23-pre3-testplatform,net/8021q/vlan,2654
linux-2.4.23-pre3-testplatform,net/8021q/vlanproc,28
linux-2.4.23-pre3-testplatform,net/8021q/vlan_dev,4086
linux-2.4.23-pre3-testplatform,net/sunrpc/xdr,2024
linux-2.4.23-pre3-testplatform,net/sunrpc/auth_null,380
linux-2.4.23-pre3-testplatform,net/sunrpc/timer,184
linux-2.4.23-pre3-testplatform,net/sunrpc/auth,1100
linux-2.4.23-pre3-testplatform,net/sunrpc/clnt,4668
linux-2.4.23-pre3-testplatform,net/sunrpc/svcsock,6116
linux-2.4.23-pre3-testplatform,net/sunrpc/xprt,7217
linux-2.4.23-pre3-testplatform,net/sunrpc/pmap_clnt,849
linux-2.4.23-pre3-testplatform,net/sunrpc/svcauth,700
linux-2.4.23-pre3-testplatform,net/sunrpc/auth_unix,1054
linux-2.4.23-pre3-testplatform,net/sunrpc/sched,5016
linux-2.4.23-pre3-testplatform,net/sunrpc/svc,2361
linux-2.4.23-pre3-testplatform,net/sunrpc/sunrpc_syms,0
linux-2.4.23-pre3-testplatform,net/sched/sch_generic,2634
linux-2.4.23-pre3-testplatform,net/netlink/af_netlink,4868
linux-2.4.23-pre3-testplatform,net/ipv4/tcp_output,10040
linux-2.4.23-pre3-testplatform,net/ipv4/tcp_ipv4,14709
linux-2.4.23-pre3-testplatform,net/ipv4/tcp,17737
linux-2.4.23-pre3-testplatform,net/ipv4/route,12280
linux-2.4.23-pre3-testplatform,net/ipv4/ip_input,911
linux-2.4.23-pre3-testplatform,net/ipv4/sysctl_net_ipv4,0
linux-2.4.23-pre3-testplatform,net/ipv4/ip_options,3778
linux-2.4.23-pre3-testplatform,net/ipv4/tcp_timer,3894
linux-2.4.23-pre3-testplatform,net/ipv4/fib_hash,4189
linux-2.4.23-pre3-testplatform,net/ipv4/icmp,4290
linux-2.4.23-pre3-testplatform,net/ipv4/ip_fragment,3333
linux-2.4.23-pre3-testplatform,net/ipv4/proc,2822
linux-2.4.23-pre3-testplatform,net/ipv4/fib_semantics,3622
linux-2.4.23-pre3-testplatform,net/ipv4/igmp,11846
linux-2.4.23-pre3-testplatform,net/ipv4/fib_frontend,2972
linux-2.4.23-pre3-testplatform,net/ipv4/udp,5836
linux-2.4.23-pre3-testplatform,net/ipv4/af_inet,6245
linux-2.4.23-pre3-testplatform,net/ipv4/utils,96
linux-2.4.23-pre3-testplatform,net/ipv4/inetpeer,2166
linux-2.4.23-pre3-testplatform,net/ipv4/ip_forward,544
linux-2.4.23-pre3-testplatform,net/ipv4/protocol,570
linux-2.4.23-pre3-testplatform,net/ipv4/tcp_diag,3730
linux-2.4.23-pre3-testplatform,net/ipv4/tcp_input,22220
linux-2.4.23-pre3-testplatform,net/ipv4/ip_output,4907
linux-2.4.23-pre3-testplatform,net/ipv4/ip_sockglue,5704
linux-2.4.23-pre3-testplatform,net/ipv4/tcp_minisocks,4819
linux-2.4.23-pre3-testplatform,net/ipv4/raw,3792
linux-2.4.23-pre3-testplatform,net/ipv4/devinet,6099
linux-2.4.23-pre3-testplatform,net/ipv4/arp,5124
linux-2.4.23-pre3-testplatform,init/main,1611
linux-2.4.23-pre3-testplatform,init/do_mounts,3686
linux-2.4.23-pre3-testplatform,init/version,502
linux-2.4.23-pre3-testplatform,drivers/block/genhd,280
linux-2.4.23-pre3-testplatform,drivers/block/blkpg,1268
linux-2.4.23-pre3-testplatform,drivers/block/ll_rw_blk,6113
linux-2.4.23-pre3-testplatform,drivers/block/elevator,848
linux-2.4.23-pre3-testplatform,drivers/net/loopback,416
linux-2.4.23-pre3-testplatform,drivers/net/net_init,807
linux-2.4.23-pre3-testplatform,drivers/net/Space,3500
linux-2.4.23-pre3-testplatform,drivers/net/auto_irq,72
linux-2.4.23-pre3-testplatform,drivers/net/setup,52
linux-2.4.23-pre3-testplatform,drivers/char/n_tty,5243
linux-2.4.23-pre3-testplatform,drivers/char/random,5532
linux-2.4.23-pre3-testplatform,drivers/char/mem,2884
linux-2.4.23-pre3-testplatform,drivers/char/tty_io,11557
linux-2.4.23-pre3-testplatform,drivers/char/pty,1843
linux-2.4.23-pre3-testplatform,drivers/char/tty_ioctl,2099
linux-2.4.23-pre3-testplatform,drivers/char/raw,1596
linux-2.4.23-pre3-testplatform,drivers/char/misc,1076
linux-2.4.23-pre3-testplatform,kernel/sys,4663
linux-2.4.23-pre3-testplatform,kernel/resource,1293
linux-2.4.23-pre3-testplatform,kernel/softirq,1926
linux-2.4.23-pre3-testplatform,kernel/signal,4263
linux-2.4.23-pre3-testplatform,kernel/fork,3569
linux-2.4.23-pre3-testplatform,kernel/acct,8
linux-2.4.23-pre3-testplatform,kernel/itimer,736
linux-2.4.23-pre3-testplatform,kernel/timer,3117
linux-2.4.23-pre3-testplatform,kernel/context,759
linux-2.4.23-pre3-testplatform,kernel/exit,2559
linux-2.4.23-pre3-testplatform,kernel/dma,20
linux-2.4.23-pre3-testplatform,kernel/module,983
linux-2.4.23-pre3-testplatform,kernel/ptrace,1320
linux-2.4.23-pre3-testplatform,kernel/capability,88
linux-2.4.23-pre3-testplatform,kernel/printk,2484
linux-2.4.23-pre3-testplatform,kernel/kmod,868
linux-2.4.23-pre3-testplatform,kernel/exec_domain,851
linux-2.4.23-pre3-testplatform,kernel/sched,4585
linux-2.4.23-pre3-testplatform,kernel/time,1732
linux-2.4.23-pre3-testplatform,kernel/info,340
linux-2.4.23-pre3-testplatform,kernel/user,292
linux-2.4.23-pre3-testplatform,kernel/panic,654
linux-2.4.23-pre3-testplatform,kernel/sysctl,100
linux-2.4.23-pre3-testplatform,ipc/sem,5323
linux-2.4.23-pre3-testplatform,ipc/util,1135
linux-2.4.23-pre3-testplatform,ipc/shm,3483
linux-2.4.23-pre3-testplatform,ipc/msg,2962
lwip-0.5.3.preproc,proj/unixsim/simhost,414
lwip-0.5.3.preproc,proj/unixsim/simnode,382
lwip-0.5.3.preproc,proj/unixsim/apps/fs,39845
lwip-0.5.3.preproc,proj/unixsim/apps/udpecho,164
lwip-0.5.3.preproc,proj/unixsim/apps/shell,9665
lwip-0.5.3.preproc,proj/unixsim/apps/httpd,851
lwip-0.5.3.preproc,proj/unixsim/apps/tcpecho,160
lwip-0.5.3.preproc,proj/unixsim/simrouter,554
lwip-0.5.3.preproc,src/netif/tcpdump,1767
lwip-0.5.3.preproc,src/netif/loopif,140
lwip-0.5.3.preproc,src/netif/arp,1668
lwip-0.5.3.preproc,src/core/tcp_output,3240
lwip-0.5.3.preproc,src/core/sys,460
lwip-0.5.3.preproc,src/core/tcp,3453
lwip-0.5.3.preproc,src/core/pbuf,1796
lwip-0.5.3.preproc,src/core/inet,480
lwip-0.5.3.preproc,src/core/stats,24
lwip-0.5.3.preproc,src/core/udp,1376
lwip-0.5.3.preproc,src/core/mem,1236
lwip-0.5.3.preproc,src/core/memp,908
lwip-0.5.3.preproc,src/core/tcp_input,5728
lwip-0.5.3.preproc,src/core/netif,636
lwip-0.5.3.preproc,src/core/ipv4/ip_addr,4
lwip-0.5.3.preproc,src/core/ipv4/icmp,936
lwip-0.5.3.preproc,src/core/ipv4/ip,1856
lwip-0.5.3.preproc,src/api/err,0
lwip-0.5.3.preproc,src/api/api_msg,2068
lwip-0.5.3.preproc,src/api/api_lib,2652
lwip-0.5.3.preproc,src/api/tcpip,380
lwip-0.5.3.preproc,src/api/sockets,1368
mpeg2dec-0.3.1,libvo/video_out_sdl,857
mpeg2dec-0.3.1,libvo/video_out_pgm,561
mpeg2dec-0.3.1,libvo/video_out_dx,0
mpeg2dec-0.3.1,libvo/video_out_null,252
mpeg2dec-0.3.1,libvo/video_out,150
mpeg2dec-0.3.1,libvo/video_out_x11,0
mpeg2dec-0.3.1,libvo/yuv2rgb,4632
mpeg2dec-0.3.1,libvo/yuv2rgb_mmx,0
mpeg2dec-0.3.1,libvo/yuv2rgb_mlib,0
mpeg2dec-0.3.1,src/getopt,3460
mpeg2dec-0.3.1,src/gettimeofday,0
mpeg2dec-0.3.1,src/extract_mpeg2,3876
mpeg2dec-0.3.1,src/mpeg2dec,5450
mpeg2dec-0.3.1,libmpeg2/idct_alpha,0
mpeg2dec-0.3.1,libmpeg2/cpu_accel,8
mpeg2dec-0.3.1,libmpeg2/motion_comp,6464
mpeg2dec-0.3.1,libmpeg2/motion_comp_alpha,0
mpeg2dec-0.3.1,libmpeg2/cpu_state,4
mpeg2dec-0.3.1,libmpeg2/idct_mmx,0
mpeg2dec-0.3.1,libmpeg2/decode,2272
mpeg2dec-0.3.1,libmpeg2/slice,17092
mpeg2dec-0.3.1,libmpeg2/idct_mlib,0
mpeg2dec-0.3.1,libmpeg2/idct_altivec,0
mpeg2dec-0.3.1,libmpeg2/motion_comp_mlib,0
mpeg2dec-0.3.1,libmpeg2/idct,1768
mpeg2dec-0.3.1,libmpeg2/header,4368
mpeg2dec-0.3.1,libmpeg2/motion_comp_altivec,0
mpeg2dec-0.3.1,libmpeg2/motion_comp_mmx,0
mpeg2dec-0.3.1,libmpeg2/alloc,140
mpgcut-1.1,mpgcut,11791
OpenTCP-1.0.4,bootp/bootp,1592
OpenTCP-1.0.4,system,1308
OpenTCP-1.0.4,tcp,6166
OpenTCP-1.0.4,smtp/smtp_client,2420
OpenTCP-1.0.4,smtp/smtpc_callbacks,32
OpenTCP-1.0.4,dns/dns,1644
OpenTCP-1.0.4,icmp,420
OpenTCP-1.0.4,timers,272
OpenTCP-1.0.4,ethernet,2244
OpenTCP-1.0.4,pop3/pop3_client,4091
OpenTCP-1.0.4,pop3/pop3c_callbacks,32
OpenTCP-1.0.4,ip,2040
OpenTCP-1.0.4,udp,1782
OpenTCP-1.0.4,dhcp/dhcpc,2792
OpenTCP-1.0.4,demo/udp_demo,292
OpenTCP-1.0.4,demo/main_demo,312
OpenTCP-1.0.4,demo/tcp_client_demo,452
OpenTCP-1.0.4,demo/tcp_server_demo,400
OpenTCP-1.0.4,tftp/tftps,1028
OpenTCP-1.0.4,http/https_callbacks,660
OpenTCP-1.0.4,http/http_server,1596
OpenTCP-1.0.4,arp,2693
replaypc-0.4.0.preproc,dump-addressbook,497
replaypc-0.4.0.preproc,zipcode,399
replaypc-0.4.0.preproc,dump-guide,490
replaypc-0.4.0.preproc,rddnsclient,1158
replaypc-0.4.0.preproc,headend,1670
replaypc-0.4.0.preproc,ndx-dump,4092
replaypc-0.4.0.preproc,addressbook,719
replaypc-0.4.0.preproc,rtv,916
replaypc-0.4.0.preproc,ndx,533
replaypc-0.4.0.preproc,dump-cg2,507
replaypc-0.4.0.preproc,dump-filedarray,496
replaypc-0.4.0.preproc,un-protect,1286
replaypc-0.4.0.preproc,dump-programset,637
replaypc-0.4.0.preproc,dump-channelset,360
replaypc-0.4.0.preproc,crypt-test,1091
replaypc-0.4.0.preproc,guide,7446
replaypc-0.4.0.preproc,httpfsclient,2138
replaypc-0.4.0.preproc,program,4490
replaypc-0.4.0.preproc,bigfile,196
replaypc-0.4.0.preproc,rtvguide,1646
replaypc-0.4.0.preproc,httpclient,2400
replaypc-0.4.0.preproc,find-GOPs,204
replaypc-0.4.0.preproc,sleep,12
replaypc-0.4.0.preproc,cg,2231
replaypc-0.4.0.preproc,dump-replayshows,302
replaypc-0.4.0.preproc,rddns,537
replaypc-0.4.0.preproc,dump-replaychannels,318
replaypc-0.4.0.preproc,dump-headend,342
replaypc-0.4.0.preproc,channelset,211
replaypc-0.4.0.preproc,crypt,952
replaypc-0.4.0.preproc,mark-commercial,2154
replaypc-0.4.0.preproc,httpfs,6606
replaypc-0.4.0.preproc,filedarray,246
replaypc-0.4.0.preproc,build-ndx,512
replaypc-0.4.0.preproc,version-test,158
replaypc-0.4.0.preproc,dump,1641
replaypc-0.4.0.preproc,dump-zipcode2,294
replaypc-0.4.0.preproc,ReplayPC,4308
replaypc-0.4.0.preproc,guideclient,713
teem-1.6.0-src,src/air/sane,3294
teem-1.6.0-src,src/air/string,1484
teem-1.6.0-src,src/air/754,2107
teem-1.6.0-src,src/air/array,800
teem-1.6.0-src,src/air/parseAir,5364
teem-1.6.0-src,src/air/threadAir,1205
teem-1.6.0-src,src/air/endianAir,1340
teem-1.6.0-src,src/air/dio,1876
teem-1.6.0-src,src/air/enum,872
teem-1.6.0-src,src/air/miscAir,4936
teem-1.6.0-src,src/air/mop,1723
teem-1.6.0-src,src/air/test/doubleprint,698
teem-1.6.0-src,src/air/test/floatprint,708
teem-1.6.0-src,src/air/test/tline,489
teem-1.6.0-src,src/air/test/fp,1870
teem-1.6.0-src,src/air/test/tmop,763
teem-1.6.0-src,src/air/test/tok,314
teem-1.6.0-src,src/limn/hestLimn,1222
teem-1.6.0-src,src/limn/qn,3361
teem-1.6.0-src,src/limn/splineEval,7765
teem-1.6.0-src,src/limn/splineMethods,5791
teem-1.6.0-src,src/limn/renderLimn,3815
teem-1.6.0-src,src/limn/obj,1112
teem-1.6.0-src,src/limn/shapes,5048
teem-1.6.0-src,src/limn/methodsLimn,340
teem-1.6.0-src,src/limn/transform,4017
teem-1.6.0-src,src/limn/cam,6054
teem-1.6.0-src,src/limn/light,1070
teem-1.6.0-src,src/limn/splineMisc,14846
teem-1.6.0-src,src/limn/env,1456
teem-1.6.0-src,src/limn/io,873
teem-1.6.0-src,src/limn/test/soid,4613
teem-1.6.0-src,src/limn/test/tps,3492
teem-1.6.0-src,src/limn/test/tcam,1400
teem-1.6.0-src,src/limn/test/tbc,2064
teem-1.6.0-src,src/limn/test/tcamanim,3955
teem-1.6.0-src,src/limn/test/light,620
teem-1.6.0-src,src/limn/test/map,388
teem-1.6.0-src,src/limn/test/tspline,2445
teem-1.6.0-src,src/limn/defaultsLimn,13
teem-1.6.0-src,src/bane/gkmsFlotsam,3526
teem-1.6.0-src,src/bane/trex,422
teem-1.6.0-src,src/bane/methodsBane,715
teem-1.6.0-src,src/bane/clip,1567
teem-1.6.0-src,src/bane/gkmsHvol,3350
teem-1.6.0-src,src/bane/gkmsScat,1856
teem-1.6.0-src,src/bane/valid,2922
teem-1.6.0-src,src/bane/gkmsMite,1416
teem-1.6.0-src,src/bane/gkmsOpac,3705
teem-1.6.0-src,src/bane/gkmsTxf,3736
teem-1.6.0-src,src/bane/hvol,8421
teem-1.6.0-src,src/bane/scat,933
teem-1.6.0-src,src/bane/measr,1742
teem-1.6.0-src,src/bane/trnsf,5331
teem-1.6.0-src,src/bane/gkmsPvg,3686
teem-1.6.0-src,src/bane/gkmsInfo,1545
teem-1.6.0-src,src/bane/defaultsBane,29
teem-1.6.0-src,src/bane/test/sigma,213
teem-1.6.0-src,src/bane/test/pos,697
teem-1.6.0-src,src/bane/test/tblah,1217
teem-1.6.0-src,src/bane/test/opac,586
teem-1.6.0-src,src/bane/test/tinfo,629
teem-1.6.0-src,src/bane/inc,4421
teem-1.6.0-src,src/bane/rangeBane,1993
teem-1.6.0-src,src/alan/methodsAlan,2812
teem-1.6.0-src,src/alan/coreAlan,5467
teem-1.6.0-src,src/alan/enumsAlan,2480
teem-1.6.0-src,src/alan/test/tspot,1207
teem-1.6.0-src,src/echo/sqd,9285
teem-1.6.0-src,src/echo/set,1000
teem-1.6.0-src,src/echo/renderEcho,5990
teem-1.6.0-src,src/echo/bounds,7251
teem-1.6.0-src,src/echo/matter,492
teem-1.6.0-src,src/echo/methodsEcho,801
teem-1.6.0-src,src/echo/model,1532
teem-1.6.0-src,src/echo/intx,17134
teem-1.6.0-src,src/echo/enumsEcho,13168
teem-1.6.0-src,src/echo/list,1604
teem-1.6.0-src,src/echo/color,10608
teem-1.6.0-src,src/echo/lightEcho,917
teem-1.6.0-src,src/echo/objmethods,1476
teem-1.6.0-src,src/echo/test/test,1202
teem-1.6.0-src,src/echo/test/trend,9233
teem-1.6.0-src,src/nrrd/methodsNrrd,4929
teem-1.6.0-src,src/nrrd/endianNrrd,883
teem-1.6.0-src,src/nrrd/format,704
teem-1.6.0-src,src/nrrd/simple,5339
teem-1.6.0-src,src/nrrd/encodingRaw,2252
teem-1.6.0-src,src/nrrd/encodingGzip,621
teem-1.6.0-src,src/nrrd/range,780
teem-1.6.0-src,src/nrrd/apply1D,9522
teem-1.6.0-src,src/nrrd/histogram,7521
teem-1.6.0-src,src/nrrd/hestNrrd,1335
teem-1.6.0-src,src/nrrd/keyvalue,993
teem-1.6.0-src,src/nrrd/measure,11776
teem-1.6.0-src,src/nrrd/formatPNG,742
teem-1.6.0-src,src/nrrd/encoding,660
teem-1.6.0-src,src/nrrd/winKernel,26212
teem-1.6.0-src,src/nrrd/gzio,0
teem-1.6.0-src,src/nrrd/encodingBzip2,554
teem-1.6.0-src,src/nrrd/reorder,10752
teem-1.6.0-src,src/nrrd/cc,13482
teem-1.6.0-src,src/nrrd/write,4950
teem-1.6.0-src,src/nrrd/comment,587
teem-1.6.0-src,src/nrrd/axis,3876
teem-1.6.0-src,src/nrrd/convertNrrd,3824
teem-1.6.0-src,src/nrrd/tmfKernel,198041
teem-1.6.0-src,src/nrrd/arraysNrrd,2368
teem-1.6.0-src,src/nrrd/formatText,3166
teem-1.6.0-src,src/nrrd/formatNRRD,4244
teem-1.6.0-src,src/nrrd/resampleNrrd,8020
teem-1.6.0-src,src/nrrd/enumsNrrd,86276
teem-1.6.0-src,src/nrrd/subset,3032
teem-1.6.0-src,src/nrrd/kernel,30910
teem-1.6.0-src,src/nrrd/defaultsNrrd,807
teem-1.6.0-src,src/nrrd/filt,7354
teem-1.6.0-src,src/nrrd/map,6307
teem-1.6.0-src,src/nrrd/formatPNM,3543
teem-1.6.0-src,src/nrrd/formatVTK,6443
teem-1.6.0-src,src/nrrd/superset,5448
teem-1.6.0-src,src/nrrd/iter,863
teem-1.6.0-src,src/nrrd/read,3387
teem-1.6.0-src,src/nrrd/encodingAscii,1705
teem-1.6.0-src,src/nrrd/encodingHex,1624
teem-1.6.0-src,src/nrrd/test/tread,348
teem-1.6.0-src,src/nrrd/test/typestest,412
teem-1.6.0-src,src/nrrd/test/minmax,360
teem-1.6.0-src,src/nrrd/test/convo,2365
teem-1.6.0-src,src/nrrd/test/tkernel,2239
teem-1.6.0-src,src/nrrd/test/tline,442
teem-1.6.0-src,src/nrrd/test/trand,201
teem-1.6.0-src,src/nrrd/test/kv,439
teem-1.6.0-src,src/nrrd/test/ax,3433
teem-1.6.0-src,src/nrrd/test/io,485
teem-1.6.0-src,src/nrrd/test/quadvol,2177
teem-1.6.0-src,src/nrrd/test/genvol,2051
teem-1.6.0-src,src/nrrd/ccmethods,1412
teem-1.6.0-src,src/nrrd/parseNrrd,7182
teem-1.6.0-src,src/nrrd/accessors,8571
teem-1.6.0-src,src/nrrd/formatEPS,2849
teem-1.6.0-src,src/nrrd/arith,6875
teem-1.6.0-src,src/hoover/defaultsHoover,19
teem-1.6.0-src,src/hoover/rays,4511
teem-1.6.0-src,src/hoover/stub,80
teem-1.6.0-src,src/hoover/methodsHoover,2010
teem-1.6.0-src,src/hest/methodsHest,2813
teem-1.6.0-src,src/hest/usage,3442
teem-1.6.0-src,src/hest/parseHest,13986
teem-1.6.0-src,src/hest/defaultsHest,12
teem-1.6.0-src,src/hest/test/strings,1219
teem-1.6.0-src,src/hest/test/ex0,537
teem-1.6.0-src,src/hest/test/ex3,1778
teem-1.6.0-src,src/hest/test/bday,1294
teem-1.6.0-src,src/hest/test/ex5,993
teem-1.6.0-src,src/hest/test/ex4,1308
teem-1.6.0-src,src/hest/test/ex2,1192
teem-1.6.0-src,src/hest/test/ex1,1335
teem-1.6.0-src,src/biff/test/test,244
teem-1.6.0-src,src/biff/biff,2851
teem-1.6.0-src,src/ten/tendShrink,1168
teem-1.6.0-src,src/ten/tendSim,1648
teem-1.6.0-src,src/ten/defaultsTen,64
teem-1.6.0-src,src/ten/mod,3761
teem-1.6.0-src,src/ten/tendEvec,2130
teem-1.6.0-src,src/ten/tendMake,1189
teem-1.6.0-src,src/ten/tendPoint,1964
teem-1.6.0-src,src/ten/chan,10213
teem-1.6.0-src,src/ten/tendAnhist,1431
teem-1.6.0-src,src/ten/tendEllipse,3017
teem-1.6.0-src,src/ten/tendSatin,6872
teem-1.6.0-src,src/ten/tendEpireg,5080
teem-1.6.0-src,src/ten/tendEvq,2473
teem-1.6.0-src,src/ten/tendEvaladd,1216
teem-1.6.0-src,src/ten/tendSlice,1289
teem-1.6.0-src,src/ten/tendEvalclamp,1528
teem-1.6.0-src,src/ten/glyph,6311
teem-1.6.0-src,src/ten/tendBmat,1557
teem-1.6.0-src,src/ten/tendAnplot,1909
teem-1.6.0-src,src/ten/tensor,7798
teem-1.6.0-src,src/ten/fiber,5470
teem-1.6.0-src,src/ten/tenGage,4805
teem-1.6.0-src,src/ten/tendSten,1622
teem-1.6.0-src,src/ten/tendFiber,3072
teem-1.6.0-src,src/ten/enumsTen,26184
teem-1.6.0-src,src/ten/tendEval,2076
teem-1.6.0-src,src/ten/tendEvecrgb,2231
teem-1.6.0-src,src/ten/tendEstim,4385
teem-1.6.0-src,src/ten/tendFlotsam,1602
teem-1.6.0-src,src/ten/tendGlyph,7708
teem-1.6.0-src,src/ten/fiberMethods,3193
teem-1.6.0-src,src/ten/miscTen,4401
teem-1.6.0-src,src/ten/tendNorm,1585
teem-1.6.0-src,src/ten/tendAnscale,1663
teem-1.6.0-src,src/ten/tendAnvol,1761
teem-1.6.0-src,src/ten/aniso,4607
teem-1.6.0-src,src/ten/tendEvalpow,1127
teem-1.6.0-src,src/ten/test/tg,3163
teem-1.6.0-src,src/ten/test/tem,1220
teem-1.6.0-src,src/ten/test/tt,3542
teem-1.6.0-src,src/ten/bimod,7125
teem-1.6.0-src,src/ten/tendExpand,1712
teem-1.6.0-src,src/ten/epireg,16639
teem-1.6.0-src,src/moss/hestMoss,1306
teem-1.6.0-src,src/moss/methodsMoss,1308
teem-1.6.0-src,src/moss/sampler,2789
teem-1.6.0-src,src/moss/xform,3842
teem-1.6.0-src,src/moss/defaultsMoss,17
teem-1.6.0-src,src/moss/test/invert,388
teem-1.6.0-src,src/unrrdu/gamma,1638
teem-1.6.0-src,src/unrrdu/ccsettle,1378
teem-1.6.0-src,src/unrrdu/axsplit,1404
teem-1.6.0-src,src/unrrdu/swap,1117
teem-1.6.0-src,src/unrrdu/unquantize,1483
teem-1.6.0-src,src/unrrdu/flotsam,3334
teem-1.6.0-src,src/unrrdu/imap,2910
teem-1.6.0-src,src/unrrdu/jhisto,3109
teem-1.6.0-src,src/unrrdu/join,1756
teem-1.6.0-src,src/unrrdu/data,1508
teem-1.6.0-src,src/unrrdu/block,1366
teem-1.6.0-src,src/unrrdu/cmedian,2940
teem-1.6.0-src,src/unrrdu/ccadj,1425
teem-1.6.0-src,src/unrrdu/inset,1721
teem-1.6.0-src,src/unrrdu/resample,3846
teem-1.6.0-src,src/unrrdu/unblock,1430
teem-1.6.0-src,src/unrrdu/minmax,1406
teem-1.6.0-src,src/unrrdu/project,2197
teem-1.6.0-src,src/unrrdu/head,1790
teem-1.6.0-src,src/unrrdu/permute,1297
teem-1.6.0-src,src/unrrdu/ccmerge,3063
teem-1.6.0-src,src/unrrdu/1op,2007
teem-1.6.0-src,src/unrrdu/ccfind,2093
teem-1.6.0-src,src/unrrdu/lut,2481
teem-1.6.0-src,src/unrrdu/crop,1752
teem-1.6.0-src,src/unrrdu/rmap,2921
teem-1.6.0-src,src/unrrdu/axdelete,1802
teem-1.6.0-src,src/unrrdu/histo,1862
teem-1.6.0-src,src/unrrdu/flip,1078
teem-1.6.0-src,src/unrrdu/convert,1420
teem-1.6.0-src,src/unrrdu/slice,1585
teem-1.6.0-src,src/unrrdu/2op,2570
teem-1.6.0-src,src/unrrdu/dice,2134
teem-1.6.0-src,src/unrrdu/save,3162
teem-1.6.0-src,src/unrrdu/3op,2744
teem-1.6.0-src,src/unrrdu/axinfo,1813
teem-1.6.0-src,src/unrrdu/axmerge,1667
teem-1.6.0-src,src/unrrdu/histax,1675
teem-1.6.0-src,src/unrrdu/pad,2164
teem-1.6.0-src,src/unrrdu/dhisto,1630
teem-1.6.0-src,src/unrrdu/reshape,1254
teem-1.6.0-src,src/unrrdu/shuffle,2048
teem-1.6.0-src,src/unrrdu/axinsert,1409
teem-1.6.0-src,src/unrrdu/splice,1745
teem-1.6.0-src,src/unrrdu/make,7414
teem-1.6.0-src,src/unrrdu/quantize,1926
teem-1.6.0-src,src/unrrdu/about,2907
teem-1.6.0-src,src/unrrdu/heq,2437
teem-1.6.0-src,src/mite/renderMite,1365
teem-1.6.0-src,src/mite/ray,4754
teem-1.6.0-src,src/mite/txf,7931
teem-1.6.0-src,src/mite/thread,378
teem-1.6.0-src,src/mite/user,1019
teem-1.6.0-src,src/mite/defaultsMite,37
teem-1.6.0-src,src/hex/dehex,1431
teem-1.6.0-src,src/hex/enhex,897
teem-1.6.0-src,src/dye/methodsDye,2298
teem-1.6.0-src,src/dye/test/bow,738
teem-1.6.0-src,src/dye/test/conv,480
teem-1.6.0-src,src/dye/convertDye,4480
teem-1.6.0-src,src/gage/sclprint,1077
teem-1.6.0-src,src/gage/vecGage,14668
teem-1.6.0-src,src/gage/sclfilter,13189
teem-1.6.0-src,src/gage/scl,19232
teem-1.6.0-src,src/gage/update,5736
teem-1.6.0-src,src/gage/ctx,5392
teem-1.6.0-src,src/gage/print,7081
teem-1.6.0-src,src/gage/filter,4055
teem-1.6.0-src,src/gage/st,4163
teem-1.6.0-src,src/gage/sclanswer,9577
teem-1.6.0-src,src/gage/vecprint,52
teem-1.6.0-src,src/gage/defaultsGage,53
teem-1.6.0-src,src/gage/pvl,1863
teem-1.6.0-src,src/gage/miscGage,5439
teem-1.6.0-src,src/gage/shape,3888
teem-1.6.0-src,src/ell/miscEll,1267
teem-1.6.0-src,src/ell/genmat,4059
teem-1.6.0-src,src/ell/vecEll,2088
teem-1.6.0-src,src/ell/eigen,5852
teem-1.6.0-src,src/ell/quat,21346
teem-1.6.0-src,src/ell/cubicEll,2800
teem-1.6.0-src,src/ell/mat,34456
teem-1.6.0-src,src/ell/test/sort3,838
teem-1.6.0-src,src/ell/test/invert,853
teem-1.6.0-src,src/ell/test/tq,7683
ttt-0.10.1.preproc,src/engine,2284
ttt-0.10.1.preproc,src/parse,1451
ttt-0.10.1.preproc,src/main,1357
ttt-0.10.1.preproc,src/util,1960
ttt-0.10.1.preproc,src/ttt,6169
ttt-0.10.1.preproc,src/connect4,4073
unrarlib-0.4.0,samples/unix/getfile/getfile,837
unrarlib-0.4.0,samples/unix/listarchive/listarchive,1026
unrarlib-0.4.0,unrarlib/unrarlib,13208
zlib-1.1.4,compress,178
zlib-1.1.4,crc32,1320
zlib-1.1.4,zutil,215
zlib-1.1.4,inffast,1106
zlib-1.1.4,uncompr,146
zlib-1.1.4,adler32,368
zlib-1.1.4,deflate,6776
zlib-1.1.4,inftrees,6961
zlib-1.1.4,gzio,4047
zlib-1.1.4,trees,9736
zlib-1.1.4,inflate,2299
zlib-1.1.4,infutil,392
zlib-1.1.4,infblock,3086
zlib-1.1.4,infcodes,1758
