size
"2",,"","","","","arm-none-eabi-gcc (GCC) 12.1.0"
"","-Os -std=gnu89 -mcpu=cortex-m3"
bzip2-1.0.2,huffman,884
bzip2-1.0.2,decompress,6251
bzip2-1.0.2,bzip2recover,2809
bzip2-1.0.2,crctable,1024
bzip2-1.0.2,compress,6007
bzip2-1.0.2,randtable,2048
bzip2-1.0.2,bzlib,7975
bzip2-1.0.2,blocksort,4623
bzip2-1.0.2,bzip2,13937
cg_compiler_opensrc,support,17843
cg_compiler_opensrc,cgcmain,1887
cg_compiler_opensrc,constfold,3396
cg_compiler_opensrc,support_iter,1510
cg_compiler_opensrc,symbols,4865
cg_compiler_opensrc,printutils,8075
cg_compiler_opensrc,atom,2824
cg_compiler_opensrc,cpp,4890
cg_compiler_opensrc,compile,9402
cg_compiler_opensrc,cgstruct,72
cg_compiler_opensrc,tokens,2233
cg_compiler_opensrc,binding,1115
cg_compiler_opensrc,hal,1883
cg_compiler_opensrc,stdlib,3222
cg_compiler_opensrc,check,2517
cg_compiler_opensrc,generic_hal,2099
cg_compiler_opensrc,memory,374
cg_compiler_opensrc,tokenize,546
cg_compiler_opensrc,scanner,4607
cg_compiler_opensrc,parser,13775
cg_compiler_opensrc,semantic,3402
cg_compiler_opensrc,inline,2102
compiler,cg,2059
compiler,vam,3073
compiler,vas,5478
compiler,scanner,2751
compiler,parser,3608
compiler,main,1858
flex-2.5.31,regex,411
flex-2.5.31,yylex,760
flex-2.5.31,skel,94034
flex-2.5.31,filter,1725
flex-2.5.31,scanopt,2386
flex-2.5.31,ccl,772
flex-2.5.31,parse,6906
flex-2.5.31,nfa,2940
flex-2.5.31,misc,4322
flex-2.5.31,scan,36416
flex-2.5.31,dfa,5306
flex-2.5.31,tblcmp,2576
flex-2.5.31,tables,1489
flex-2.5.31,buf,707
flex-2.5.31,ecs,408
flex-2.5.31,sym,683
flex-2.5.31,libmain,12
flex-2.5.31,tables_shared,20
flex-2.5.31,options,2610
flex-2.5.31,libyywrap,4
flex-2.5.31,main,14286
flex-2.5.31,gen,20142
jikespg-1.3,src/mkstates,2194
jikespg-1.3,src/prntstat,2576
jikespg-1.3,src/resolve,8924
jikespg-1.3,src/globals,264
jikespg-1.3,src/ctabs,41428
jikespg-1.3,src/produce,7901
jikespg-1.3,src/mkred,5192
jikespg-1.3,src/ptables,2563
jikespg-1.3,src/lpgparse,35861
jikespg-1.3,src/lpgutil,3423
jikespg-1.3,src/spacetab,15092
jikespg-1.3,src/remsp,5610
jikespg-1.3,src/partset,1200
jikespg-1.3,src/mkfirst,10748
jikespg-1.3,src/main,4951
jikespg-1.3,src/tabutil,9970
jikespg-1.3,src/timetab,7300
jpeg-6b,jcmainct,284
jpeg-6b,wrtarga,692
jpeg-6b,jdmainct,1120
jpeg-6b,jdsample,1200
jpeg-6b,jdmaster,1272
jpeg-6b,jdpostct,600
jpeg-6b,jquant1,2112
jpeg-6b,wrbmp,1864
jpeg-6b,djpeg,5315
jpeg-6b,jcinit,144
jpeg-6b,rdjpgcom,1975
jpeg-6b,rdgif,81
jpeg-6b,jfdctint,564
jpeg-6b,wrppm,474
jpeg-6b,wrjpgcom,2715
jpeg-6b,jcapistd,362
jpeg-6b,jchuff,2476
jpeg-6b,jdcolor,932
jpeg-6b,jpegtran,3240
jpeg-6b,jcparam,2500
jpeg-6b,jdmerge,1116
jpeg-6b,jddctmgr,640
jpeg-6b,ansi2knr,1980
jpeg-6b,jfdctfst,398
jpeg-6b,jccolor,1160
jpeg-6b,jdphuff,2196
jpeg-6b,jmemmgr,2298
jpeg-6b,jfdctflt,788
jpeg-6b,wrrle,0
jpeg-6b,jidctfst,662
jpeg-6b,jcmaster,1956
jpeg-6b,jdatadst,204
jpeg-6b,jutils,402
jpeg-6b,rdswitch,1552
jpeg-6b,jcprepct,960
jpeg-6b,rdcolmap,1096
jpeg-6b,jcdctmgr,1164
jpeg-6b,jdapimin,752
jpeg-6b,jcomapi,98
jpeg-6b,rdbmp,1312
jpeg-6b,jdcoefct,2416
jpeg-6b,jerror,5390
jpeg-6b,jidctred,892
jpeg-6b,jidctint,848
jpeg-6b,cjpeg,4961
jpeg-6b,rdppm,1300
jpeg-6b,jquant2,3064
jpeg-6b,jdapistd,666
jpeg-6b,cdjpeg,84
jpeg-6b,transupp,3342
jpeg-6b,rdtarga,1340
jpeg-6b,wrgif,1672
jpeg-6b,jdhuff,1984
jpeg-6b,jctrans,1060
jpeg-6b,jdmarker,4636
jpeg-6b,jcmarker,1412
jpeg-6b,jccoefct,1324
jpeg-6b,jcsample,1496
jpeg-6b,jcapimin,568
jpeg-6b,jmemnobs,44
jpeg-6b,jidctflt,1096
jpeg-6b,jdtrans,246
jpeg-6b,jdatasrc,224
jpeg-6b,jdinput,976
jpeg-6b,jcphuff,2036
jpeg-6b,rdrle,0
libmspack,test/md5,2460
libmspack,test/cabd_md5,1041
libmspack,test/cabextract_md5,16702
libmspack,test/cabrip,353
libmspack,test/chmd_md5,938
libmspack,test/cabd_test,8306
libmspack,mspack/lzxc,0
libmspack,mspack/qtmc,0
libmspack,mspack/kwajc,6
libmspack,mspack/cabc,6
libmspack,mspack/szddc,6
libmspack,mspack/cabd,4172
libmspack,mspack/hlpd,6
libmspack,mspack/litd,6
libmspack,mspack/mszipd,18
libmspack,mspack/kwajd,6
libmspack,mspack/qtmd,3548
libmspack,mspack/litc,6
libmspack,mspack/lzxd,4412
libmspack,mspack/mszipc,0
libmspack,mspack/chmd,2336
libmspack,mspack/szddd,6
libmspack,mspack/chmc,6
libmspack,mspack/system,478
libmspack,mspack/hlpc,6
libpng-1.2.5,pngtrans,1832
libpng-1.2.5,pngwrite,5029
libpng-1.2.5,pngtest,5284
libpng-1.2.5,pngerror,743
libpng-1.2.5,pngpread,4615
libpng-1.2.5,pngrutil,12543
libpng-1.2.5,pngrio,269
libpng-1.2.5,pngread,5186
libpng-1.2.5,pngrtran,14472
libpng-1.2.5,pngwio,297
libpng-1.2.5,pngwtran,1306
libpng-1.2.5,png,2221
libpng-1.2.5,png2pnm,2170
libpng-1.2.5,pngwutil,9942
libpng-1.2.5,pngmem,345
libpng-1.2.5,pnm2png,2405
libpng-1.2.5,pngget,1892
libpng-1.2.5,pngset,4909
linux-2.4.23-pre3-testplatform,net/socket,4340
linux-2.4.23-pre3-testplatform,net/8021q/vlanproc,14
linux-2.4.23-pre3-testplatform,net/8021q/vlan,496
linux-2.4.23-pre3-testplatform,net/8021q/vlan_dev,2914
linux-2.4.23-pre3-testplatform,net/802/p8023,78
linux-2.4.23-pre3-testplatform,net/netlink/af_netlink,2788
linux-2.4.23-pre3-testplatform,net/ipv4/ip_sockglue,3444
linux-2.4.23-pre3-testplatform,net/ipv4/proc,2538
linux-2.4.23-pre3-testplatform,net/ipv4/inetpeer,1350
linux-2.4.23-pre3-testplatform,net/ipv4/tcp,9465
linux-2.4.23-pre3-testplatform,net/ipv4/tcp_timer,2526
linux-2.4.23-pre3-testplatform,net/ipv4/ip_forward,300
linux-2.4.23-pre3-testplatform,net/ipv4/ip_output,3211
linux-2.4.23-pre3-testplatform,net/ipv4/ip_input,516
linux-2.4.23-pre3-testplatform,net/ipv4/tcp_input,14923
linux-2.4.23-pre3-testplatform,net/ipv4/tcp_ipv4,9613
linux-2.4.23-pre3-testplatform,net/ipv4/sysctl_net_ipv4,0
linux-2.4.23-pre3-testplatform,net/ipv4/route,7768
linux-2.4.23-pre3-testplatform,net/ipv4/protocol,354
linux-2.4.23-pre3-testplatform,net/ipv4/devinet,4003
linux-2.4.23-pre3-testplatform,net/ipv4/tcp_output,6731
linux-2.4.23-pre3-testplatform,net/ipv4/udp,3908
linux-2.4.23-pre3-testplatform,net/ipv4/ip_options,2286
linux-2.4.23-pre3-testplatform,net/ipv4/tcp_minisocks,3091
linux-2.4.23-pre3-testplatform,net/ipv4/utils,52
linux-2.4.23-pre3-testplatform,net/ipv4/igmp,7322
linux-2.4.23-pre3-testplatform,net/ipv4/arp,3412
linux-2.4.23-pre3-testplatform,net/ipv4/af_inet,3637
linux-2.4.23-pre3-testplatform,net/ipv4/ip_fragment,2277
linux-2.4.23-pre3-testplatform,net/ipv4/fib_hash,2561
linux-2.4.23-pre3-testplatform,net/ipv4/tcp_diag,2386
linux-2.4.23-pre3-testplatform,net/ipv4/raw,2572
linux-2.4.23-pre3-testplatform,net/ipv4/fib_semantics,2258
linux-2.4.23-pre3-testplatform,net/ipv4/fib_frontend,1760
linux-2.4.23-pre3-testplatform,net/ipv4/icmp,2942
linux-2.4.23-pre3-testplatform,net/sunrpc/xprt,4166
linux-2.4.23-pre3-testplatform,net/sunrpc/timer,124
linux-2.4.23-pre3-testplatform,net/sunrpc/auth_null,232
linux-2.4.23-pre3-testplatform,net/sunrpc/sched,2683
linux-2.4.23-pre3-testplatform,net/sunrpc/sunrpc_syms,0
linux-2.4.23-pre3-testplatform,net/sunrpc/svcauth,472
linux-2.4.23-pre3-testplatform,net/sunrpc/svcsock,3005
linux-2.4.23-pre3-testplatform,net/sunrpc/xdr,1312
linux-2.4.23-pre3-testplatform,net/sunrpc/auth_unix,550
linux-2.4.23-pre3-testplatform,net/sunrpc/clnt,3268
linux-2.4.23-pre3-testplatform,net/sunrpc/pmap_clnt,625
linux-2.4.23-pre3-testplatform,net/sunrpc/auth,636
linux-2.4.23-pre3-testplatform,net/sunrpc/svc,1601
linux-2.4.23-pre3-testplatform,net/ethernet/eth,457
linux-2.4.23-pre3-testplatform,net/sched/sch_generic,1858
linux-2.4.23-pre3-testplatform,net/core/skbuff,4257
linux-2.4.23-pre3-testplatform,net/core/neighbour,5625
linux-2.4.23-pre3-testplatform,net/core/iovec,680
linux-2.4.23-pre3-testplatform,net/core/dst,612
linux-2.4.23-pre3-testplatform,net/core/dev_mcast,583
linux-2.4.23-pre3-testplatform,net/core/sock,2293
linux-2.4.23-pre3-testplatform,net/core/utils,177
linux-2.4.23-pre3-testplatform,net/core/rtnetlink,2201
linux-2.4.23-pre3-testplatform,net/core/scm,592
linux-2.4.23-pre3-testplatform,net/core/dev,6772
linux-2.4.23-pre3-testplatform,net/core/ethtool,96
linux-2.4.23-pre3-testplatform,net/core/datagram,1211
linux-2.4.23-pre3-testplatform,kernel/timer,1813
linux-2.4.23-pre3-testplatform,kernel/printk,1408
linux-2.4.23-pre3-testplatform,kernel/info,196
linux-2.4.23-pre3-testplatform,kernel/sched,2134
linux-2.4.23-pre3-testplatform,kernel/ptrace,588
linux-2.4.23-pre3-testplatform,kernel/kmod,184
linux-2.4.23-pre3-testplatform,kernel/dma,12
linux-2.4.23-pre3-testplatform,kernel/fork,917
linux-2.4.23-pre3-testplatform,kernel/time,468
linux-2.4.23-pre3-testplatform,kernel/acct,6
linux-2.4.23-pre3-testplatform,kernel/context,355
linux-2.4.23-pre3-testplatform,kernel/user,164
linux-2.4.23-pre3-testplatform,kernel/exit,539
linux-2.4.23-pre3-testplatform,kernel/capability,16
linux-2.4.23-pre3-testplatform,kernel/softirq,1486
linux-2.4.23-pre3-testplatform,kernel/sysctl,72
linux-2.4.23-pre3-testplatform,kernel/itimer,280
linux-2.4.23-pre3-testplatform,kernel/resource,853
linux-2.4.23-pre3-testplatform,kernel/exec_domain,451
linux-2.4.23-pre3-testplatform,kernel/sys,1480
linux-2.4.23-pre3-testplatform,kernel/module,751
linux-2.4.23-pre3-testplatform,kernel/signal,1999
linux-2.4.23-pre3-testplatform,kernel/panic,475
linux-2.4.23-pre3-testplatform,ipc/msg,1210
linux-2.4.23-pre3-testplatform,ipc/sem,2238
linux-2.4.23-pre3-testplatform,ipc/util,587
linux-2.4.23-pre3-testplatform,ipc/shm,1443
linux-2.4.23-pre3-testplatform,arch/testplatform/kernel/init_task,9916
linux-2.4.23-pre3-testplatform,arch/testplatform/kernel/head,2
linux-2.4.23-pre3-testplatform,arch/testplatform/kernel/sys_s390,492
linux-2.4.23-pre3-testplatform,arch/testplatform/kernel/s390fpu,16
linux-2.4.23-pre3-testplatform,arch/testplatform/kernel/entry,18
linux-2.4.23-pre3-testplatform,arch/testplatform/kernel/ptrace,1056
linux-2.4.23-pre3-testplatform,arch/testplatform/kernel/cpcmd,2
linux-2.4.23-pre3-testplatform,arch/testplatform/kernel/traps,2214
linux-2.4.23-pre3-testplatform,arch/testplatform/kernel/time,10
linux-2.4.23-pre3-testplatform,arch/testplatform/kernel/debug,2794
linux-2.4.23-pre3-testplatform,arch/testplatform/kernel/s390_ext,224
linux-2.4.23-pre3-testplatform,arch/testplatform/kernel/reipl,2
linux-2.4.23-pre3-testplatform,arch/testplatform/kernel/bitmap,3
linux-2.4.23-pre3-testplatform,arch/testplatform/kernel/ebcdic,1536
linux-2.4.23-pre3-testplatform,arch/testplatform/kernel/needed,16
linux-2.4.23-pre3-testplatform,arch/testplatform/kernel/signal,560
linux-2.4.23-pre3-testplatform,arch/testplatform/kernel/setup,1628
linux-2.4.23-pre3-testplatform,arch/testplatform/kernel/irq,18
linux-2.4.23-pre3-testplatform,arch/testplatform/kernel/semaphore,42
linux-2.4.23-pre3-testplatform,arch/testplatform/kernel/process,488
linux-2.4.23-pre3-testplatform,arch/testplatform/mm/fault,118
linux-2.4.23-pre3-testplatform,arch/testplatform/mm/ioremap,507
linux-2.4.23-pre3-testplatform,arch/testplatform/mm/init,1400
linux-2.4.23-pre3-testplatform,arch/testplatform/mm/extable,56
linux-2.4.23-pre3-testplatform,arch/testplatform/lib/checksum,4
linux-2.4.23-pre3-testplatform,arch/testplatform/lib/strncpy,4
linux-2.4.23-pre3-testplatform,arch/testplatform/lib/uaccess,12
linux-2.4.23-pre3-testplatform,arch/testplatform/lib/delay,4
linux-2.4.23-pre3-testplatform,arch/testplatform/lib/misaligned,132
linux-2.4.23-pre3-testplatform,arch/testplatform/lib/strcmp,4
linux-2.4.23-pre3-testplatform,arch/testplatform/lib/memset,4
linux-2.4.23-pre3-testplatform,arch/testplatform/lib/memcpy,4
linux-2.4.23-pre3-testplatform,mm/mlock,452
linux-2.4.23-pre3-testplatform,mm/slab,2606
linux-2.4.23-pre3-testplatform,mm/swap,334
linux-2.4.23-pre3-testplatform,mm/shmem,3903
linux-2.4.23-pre3-testplatform,mm/swap_state,835
linux-2.4.23-pre3-testplatform,mm/oom_kill,439
linux-2.4.23-pre3-testplatform,mm/swapfile,2411
linux-2.4.23-pre3-testplatform,mm/vmalloc,1503
linux-2.4.23-pre3-testplatform,mm/mremap,528
linux-2.4.23-pre3-testplatform,mm/vmscan,44
linux-2.4.23-pre3-testplatform,mm/filemap,6809
linux-2.4.23-pre3-testplatform,mm/mmap,1738
linux-2.4.23-pre3-testplatform,mm/page_io,443
linux-2.4.23-pre3-testplatform,mm/page_alloc,2251
linux-2.4.23-pre3-testplatform,mm/memory,2652
linux-2.4.23-pre3-testplatform,mm/numa,876
linux-2.4.23-pre3-testplatform,mm/bootmem,1143
linux-2.4.23-pre3-testplatform,mm/mprotect,524
linux-2.4.23-pre3-testplatform,lib/dec_and_lock,0
linux-2.4.23-pre3-testplatform,lib/rbtree,586
linux-2.4.23-pre3-testplatform,lib/dump_stack,66
linux-2.4.23-pre3-testplatform,lib/zlib_inflate/inffast,718
linux-2.4.23-pre3-testplatform,lib/zlib_inflate/inftrees,6185
linux-2.4.23-pre3-testplatform,lib/zlib_inflate/infblock,1750
linux-2.4.23-pre3-testplatform,lib/zlib_inflate/infutil,246
linux-2.4.23-pre3-testplatform,lib/zlib_inflate/infcodes,1118
linux-2.4.23-pre3-testplatform,lib/zlib_inflate/inflate,1706
linux-2.4.23-pre3-testplatform,lib/zlib_inflate/inflate_syms,0
linux-2.4.23-pre3-testplatform,lib/zlib_deflate/deflate_syms,0
linux-2.4.23-pre3-testplatform,lib/zlib_deflate/deflate,3716
linux-2.4.23-pre3-testplatform,lib/zlib_deflate/deftree,6000
linux-2.4.23-pre3-testplatform,lib/rwsem-spinlock,266
linux-2.4.23-pre3-testplatform,lib/bust_spinlocks,46
linux-2.4.23-pre3-testplatform,lib/vsprintf,2593
linux-2.4.23-pre3-testplatform,lib/brlock,0
linux-2.4.23-pre3-testplatform,lib/string,484
linux-2.4.23-pre3-testplatform,lib/ctype,256
linux-2.4.23-pre3-testplatform,lib/errno,0
linux-2.4.23-pre3-testplatform,lib/cmdline,172
linux-2.4.23-pre3-testplatform,init/do_mounts,3237
linux-2.4.23-pre3-testplatform,init/version,499
linux-2.4.23-pre3-testplatform,init/main,926
linux-2.4.23-pre3-testplatform,fs/seq_file,1256
linux-2.4.23-pre3-testplatform,fs/block_dev,2561
linux-2.4.23-pre3-testplatform,fs/dnotify,208
linux-2.4.23-pre3-testplatform,fs/pipe,1514
linux-2.4.23-pre3-testplatform,fs/xattr,602
linux-2.4.23-pre3-testplatform,fs/binfmt_elf,0
linux-2.4.23-pre3-testplatform,fs/attr,442
linux-2.4.23-pre3-testplatform,fs/filesystems,0
linux-2.4.23-pre3-testplatform,fs/locks,3938
linux-2.4.23-pre3-testplatform,fs/partitions/check,1199
linux-2.4.23-pre3-testplatform,fs/partitions/msdos,784
linux-2.4.23-pre3-testplatform,fs/bad_inode,228
linux-2.4.23-pre3-testplatform,fs/iobuf,627
linux-2.4.23-pre3-testplatform,fs/nfsd/export,3493
linux-2.4.23-pre3-testplatform,fs/nfsd/nfsproc,2799
linux-2.4.23-pre3-testplatform,fs/nfsd/stats,40
linux-2.4.23-pre3-testplatform,fs/nfsd/nfsctl,10
linux-2.4.23-pre3-testplatform,fs/nfsd/nfsxdr,1552
linux-2.4.23-pre3-testplatform,fs/nfsd/nfsfh,3450
linux-2.4.23-pre3-testplatform,fs/nfsd/nfs3proc,2498
linux-2.4.23-pre3-testplatform,fs/nfsd/lockd,184
linux-2.4.23-pre3-testplatform,fs/nfsd/nfs3xdr,3188
linux-2.4.23-pre3-testplatform,fs/nfsd/nfssvc,581
linux-2.4.23-pre3-testplatform,fs/nfsd/auth,92
linux-2.4.23-pre3-testplatform,fs/nfsd/nfscache,1303
linux-2.4.23-pre3-testplatform,fs/nfsd/vfs,4980
linux-2.4.23-pre3-testplatform,fs/fifo,400
linux-2.4.23-pre3-testplatform,fs/exec,1615
linux-2.4.23-pre3-testplatform,fs/file_table,559
linux-2.4.23-pre3-testplatform,fs/buffer,7065
linux-2.4.23-pre3-testplatform,fs/open,2061
linux-2.4.23-pre3-testplatform,fs/devices,730
linux-2.4.23-pre3-testplatform,fs/select,354
linux-2.4.23-pre3-testplatform,fs/super,2222
linux-2.4.23-pre3-testplatform,fs/fcntl,966
linux-2.4.23-pre3-testplatform,fs/dcache,2870
linux-2.4.23-pre3-testplatform,fs/char_dev,299
linux-2.4.23-pre3-testplatform,fs/read_write,1500
linux-2.4.23-pre3-testplatform,fs/namespace,1499
linux-2.4.23-pre3-testplatform,fs/ext3/balloc,4008
linux-2.4.23-pre3-testplatform,fs/ext3/symlink,104
linux-2.4.23-pre3-testplatform,fs/ext3/ialloc,2487
linux-2.4.23-pre3-testplatform,fs/ext3/super,10512
linux-2.4.23-pre3-testplatform,fs/ext3/bitmap,112
linux-2.4.23-pre3-testplatform,fs/ext3/ioctl,263
linux-2.4.23-pre3-testplatform,fs/ext3/fsync,8
linux-2.4.23-pre3-testplatform,fs/ext3/inode,7412
linux-2.4.23-pre3-testplatform,fs/ext3/namei,5111
linux-2.4.23-pre3-testplatform,fs/ext3/dir,1052
linux-2.4.23-pre3-testplatform,fs/ext3/file,294
linux-2.4.23-pre3-testplatform,fs/lockd/host,1160
linux-2.4.23-pre3-testplatform,fs/lockd/svcsubs,887
linux-2.4.23-pre3-testplatform,fs/lockd/clntlock,531
linux-2.4.23-pre3-testplatform,fs/lockd/svc4proc,2152
linux-2.4.23-pre3-testplatform,fs/lockd/svclock,1599
linux-2.4.23-pre3-testplatform,fs/lockd/lockd_syms,0
linux-2.4.23-pre3-testplatform,fs/lockd/xdr4,2768
linux-2.4.23-pre3-testplatform,fs/lockd/xdr,2887
linux-2.4.23-pre3-testplatform,fs/lockd/clntproc,1329
linux-2.4.23-pre3-testplatform,fs/lockd/svcproc,2212
linux-2.4.23-pre3-testplatform,fs/lockd/svcshare,266
linux-2.4.23-pre3-testplatform,fs/lockd/mon,846
linux-2.4.23-pre3-testplatform,fs/lockd/svc,651
linux-2.4.23-pre3-testplatform,fs/ioctl,308
linux-2.4.23-pre3-testplatform,fs/readdir,1085
linux-2.4.23-pre3-testplatform,fs/nfs/proc,1224
linux-2.4.23-pre3-testplatform,fs/nfs/unlink,532
linux-2.4.23-pre3-testplatform,fs/nfs/symlink,300
linux-2.4.23-pre3-testplatform,fs/nfs/nfs2xdr,2824
linux-2.4.23-pre3-testplatform,fs/nfs/read,1572
linux-2.4.23-pre3-testplatform,fs/nfs/flushd,336
linux-2.4.23-pre3-testplatform,fs/nfs/nfs3proc,1944
linux-2.4.23-pre3-testplatform,fs/nfs/pagelist,1487
linux-2.4.23-pre3-testplatform,fs/nfs/write,3966
linux-2.4.23-pre3-testplatform,fs/nfs/nfs3xdr,3856
linux-2.4.23-pre3-testplatform,fs/nfs/inode,4993
linux-2.4.23-pre3-testplatform,fs/nfs/dir,3248
linux-2.4.23-pre3-testplatform,fs/nfs/file,748
linux-2.4.23-pre3-testplatform,fs/ramfs/inode,687
linux-2.4.23-pre3-testplatform,fs/stat,414
linux-2.4.23-pre3-testplatform,fs/jbd/commit,3262
linux-2.4.23-pre3-testplatform,fs/jbd/checkpoint,2526
linux-2.4.23-pre3-testplatform,fs/jbd/journal,5939
linux-2.4.23-pre3-testplatform,fs/jbd/transaction,6293
linux-2.4.23-pre3-testplatform,fs/jbd/revoke,1679
linux-2.4.23-pre3-testplatform,fs/jbd/recovery,1586
linux-2.4.23-pre3-testplatform,fs/binfmt_script,314
linux-2.4.23-pre3-testplatform,fs/inode,3301
linux-2.4.23-pre3-testplatform,fs/namei,3196
linux-2.4.23-pre3-testplatform,fs/quota,1370
linux-2.4.23-pre3-testplatform,fs/file,513
linux-2.4.23-pre3-testplatform,drivers/net/net_init,547
linux-2.4.23-pre3-testplatform,drivers/net/auto_irq,48
linux-2.4.23-pre3-testplatform,drivers/net/setup,32
linux-2.4.23-pre3-testplatform,drivers/net/loopback,264
linux-2.4.23-pre3-testplatform,drivers/net/Space,3364
linux-2.4.23-pre3-testplatform,drivers/char/n_tty,3651
linux-2.4.23-pre3-testplatform,drivers/char/misc,652
linux-2.4.23-pre3-testplatform,drivers/char/pty,1319
linux-2.4.23-pre3-testplatform,drivers/char/mem,1732
linux-2.4.23-pre3-testplatform,drivers/char/random,3472
linux-2.4.23-pre3-testplatform,drivers/char/raw,980
linux-2.4.23-pre3-testplatform,drivers/char/tty_io,7400
linux-2.4.23-pre3-testplatform,drivers/char/tty_ioctl,1151
linux-2.4.23-pre3-testplatform,drivers/block/blkpg,636
linux-2.4.23-pre3-testplatform,drivers/block/elevator,488
linux-2.4.23-pre3-testplatform,drivers/block/genhd,158
linux-2.4.23-pre3-testplatform,drivers/block/ll_rw_blk,3957
lwip-0.5.3.preproc,src/core/ipv4/ip_addr,4
lwip-0.5.3.preproc,src/core/ipv4/ip,928
lwip-0.5.3.preproc,src/core/ipv4/icmp,504
lwip-0.5.3.preproc,src/core/tcp,1883
lwip-0.5.3.preproc,src/core/pbuf,1044
lwip-0.5.3.preproc,src/core/inet,266
lwip-0.5.3.preproc,src/core/stats,16
lwip-0.5.3.preproc,src/core/tcp_input,3048
lwip-0.5.3.preproc,src/core/tcp_output,1732
lwip-0.5.3.preproc,src/core/mem,808
lwip-0.5.3.preproc,src/core/udp,692
lwip-0.5.3.preproc,src/core/sys,250
lwip-0.5.3.preproc,src/core/memp,636
lwip-0.5.3.preproc,src/core/netif,200
lwip-0.5.3.preproc,src/api/err,0
lwip-0.5.3.preproc,src/api/api_msg,1204
lwip-0.5.3.preproc,src/api/api_lib,1470
lwip-0.5.3.preproc,src/api/tcpip,248
lwip-0.5.3.preproc,src/api/sockets,804
lwip-0.5.3.preproc,src/netif/loopif,76
lwip-0.5.3.preproc,src/netif/arp,668
lwip-0.5.3.preproc,src/netif/tcpdump,899
lwip-0.5.3.preproc,proj/unixsim/simnode,310
lwip-0.5.3.preproc,proj/unixsim/apps/httpd,531
lwip-0.5.3.preproc,proj/unixsim/apps/shell,7765
lwip-0.5.3.preproc,proj/unixsim/apps/fs,39804
lwip-0.5.3.preproc,proj/unixsim/apps/tcpecho,112
lwip-0.5.3.preproc,proj/unixsim/apps/udpecho,124
lwip-0.5.3.preproc,proj/unixsim/simrouter,450
lwip-0.5.3.preproc,proj/unixsim/simhost,330
mpeg2dec-0.3.1,src/getopt,2244
mpeg2dec-0.3.1,src/extract_mpeg2,2572
mpeg2dec-0.3.1,src/gettimeofday,0
mpeg2dec-0.3.1,src/mpeg2dec,3546
mpeg2dec-0.3.1,libvo/video_out,146
mpeg2dec-0.3.1,libvo/yuv2rgb,3552
mpeg2dec-0.3.1,libvo/yuv2rgb_mlib,0
mpeg2dec-0.3.1,libvo/yuv2rgb_mmx,0
mpeg2dec-0.3.1,libvo/video_out_pgm,361
mpeg2dec-0.3.1,libvo/video_out_null,148
mpeg2dec-0.3.1,libvo/video_out_dx,0
mpeg2dec-0.3.1,libvo/video_out_x11,0
mpeg2dec-0.3.1,libvo/video_out_sdl,605
mpeg2dec-0.3.1,libmpeg2/cpu_accel,4
mpeg2dec-0.3.1,libmpeg2/cpu_state,2
mpeg2dec-0.3.1,libmpeg2/motion_comp_altivec,0
mpeg2dec-0.3.1,libmpeg2/idct,1192
mpeg2dec-0.3.1,libmpeg2/idct_alpha,0
mpeg2dec-0.3.1,libmpeg2/alloc,88
mpeg2dec-0.3.1,libmpeg2/idct_mlib,0
mpeg2dec-0.3.1,libmpeg2/idct_altivec,0
mpeg2dec-0.3.1,libmpeg2/decode,1580
mpeg2dec-0.3.1,libmpeg2/motion_comp_mlib,0
mpeg2dec-0.3.1,libmpeg2/motion_comp_alpha,0
mpeg2dec-0.3.1,libmpeg2/header,3204
mpeg2dec-0.3.1,libmpeg2/motion_comp,4228
mpeg2dec-0.3.1,libmpeg2/motion_comp_mmx,0
mpeg2dec-0.3.1,libmpeg2/slice,13376
mpeg2dec-0.3.1,libmpeg2/idct_mmx,0
mpgcut-1.1,mpgcut,8167
OpenTCP-1.0.4,tcp,3866
OpenTCP-1.0.4,dns/dns,860
OpenTCP-1.0.4,timers,172
OpenTCP-1.0.4,ip,1348
OpenTCP-1.0.4,http/http_server,992
OpenTCP-1.0.4,http/https_callbacks,584
OpenTCP-1.0.4,smtp/smtpc_callbacks,22
OpenTCP-1.0.4,smtp/smtp_client,1488
OpenTCP-1.0.4,tftp/tftps,544
OpenTCP-1.0.4,udp,1054
OpenTCP-1.0.4,pop3/pop3c_callbacks,20
OpenTCP-1.0.4,pop3/pop3_client,2551
OpenTCP-1.0.4,dhcp/dhcpc,1856
OpenTCP-1.0.4,arp,1581
OpenTCP-1.0.4,bootp/bootp,952
OpenTCP-1.0.4,system,680
OpenTCP-1.0.4,icmp,264
OpenTCP-1.0.4,ethernet,1448
OpenTCP-1.0.4,demo/udp_demo,184
OpenTCP-1.0.4,demo/main_demo,208
OpenTCP-1.0.4,demo/tcp_client_demo,264
OpenTCP-1.0.4,demo/tcp_server_demo,248
replaypc-0.4.0.preproc,headend,1530
replaypc-0.4.0.preproc,program,4338
replaypc-0.4.0.preproc,cg,1579
replaypc-0.4.0.preproc,bigfile,114
replaypc-0.4.0.preproc,ndx,349
replaypc-0.4.0.preproc,ReplayPC,3532
replaypc-0.4.0.preproc,dump-replayshows,224
replaypc-0.4.0.preproc,addressbook,523
replaypc-0.4.0.preproc,dump-addressbook,365
replaypc-0.4.0.preproc,un-protect,1074
replaypc-0.4.0.preproc,find-GOPs,152
replaypc-0.4.0.preproc,rtvguide,1406
replaypc-0.4.0.preproc,crypt,688
replaypc-0.4.0.preproc,dump,1210
replaypc-0.4.0.preproc,mark-commercial,1734
replaypc-0.4.0.preproc,rddns,437
replaypc-0.4.0.preproc,httpfs,5030
replaypc-0.4.0.preproc,filedarray,186
replaypc-0.4.0.preproc,rddnsclient,946
replaypc-0.4.0.preproc,dump-channelset,268
replaypc-0.4.0.preproc,httpclient,1680
replaypc-0.4.0.preproc,guide,5998
replaypc-0.4.0.preproc,dump-guide,338
replaypc-0.4.0.preproc,dump-filedarray,384
replaypc-0.4.0.preproc,guideclient,541
replaypc-0.4.0.preproc,version-test,130
replaypc-0.4.0.preproc,zipcode,343
replaypc-0.4.0.preproc,build-ndx,316
replaypc-0.4.0.preproc,dump-programset,497
replaypc-0.4.0.preproc,channelset,155
replaypc-0.4.0.preproc,rtv,492
replaypc-0.4.0.preproc,httpfsclient,1610
replaypc-0.4.0.preproc,ndx-dump,3180
replaypc-0.4.0.preproc,sleep,10
replaypc-0.4.0.preproc,dump-headend,240
replaypc-0.4.0.preproc,dump-replaychannels,234
replaypc-0.4.0.preproc,dump-cg2,371
replaypc-0.4.0.preproc,dump-zipcode2,210
replaypc-0.4.0.preproc,crypt-test,924
teem-1.6.0-src,src/echo/matter,300
teem-1.6.0-src,src/echo/color,7252
teem-1.6.0-src,src/echo/lightEcho,649
teem-1.6.0-src,src/echo/list,1216
teem-1.6.0-src,src/echo/enumsEcho,13165
teem-1.6.0-src,src/echo/renderEcho,4234
teem-1.6.0-src,src/echo/model,1032
teem-1.6.0-src,src/echo/test/test,882
teem-1.6.0-src,src/echo/test/trend,6801
teem-1.6.0-src,src/echo/sqd,6777
teem-1.6.0-src,src/echo/intx,12382
teem-1.6.0-src,src/echo/methodsEcho,457
teem-1.6.0-src,src/echo/objmethods,1044
teem-1.6.0-src,src/echo/bounds,5671
teem-1.6.0-src,src/echo/set,824
teem-1.6.0-src,src/dye/methodsDye,1850
teem-1.6.0-src,src/dye/convertDye,3168
teem-1.6.0-src,src/dye/test/bow,538
teem-1.6.0-src,src/dye/test/conv,352
teem-1.6.0-src,src/hex/enhex,705
teem-1.6.0-src,src/hex/dehex,1223
teem-1.6.0-src,src/mite/renderMite,1021
teem-1.6.0-src,src/mite/txf,6987
teem-1.6.0-src,src/mite/user,791
teem-1.6.0-src,src/mite/thread,246
teem-1.6.0-src,src/mite/defaultsMite,33
teem-1.6.0-src,src/mite/ray,3650
teem-1.6.0-src,src/biff/test/test,212
teem-1.6.0-src,src/biff/biff,2159
teem-1.6.0-src,src/air/mop,1347
teem-1.6.0-src,src/air/threadAir,989
teem-1.6.0-src,src/air/sane,3134
teem-1.6.0-src,src/air/dio,1852
teem-1.6.0-src,src/air/754,1347
teem-1.6.0-src,src/air/test/floatprint,572
teem-1.6.0-src,src/air/test/tline,373
teem-1.6.0-src,src/air/test/fp,1502
teem-1.6.0-src,src/air/test/tok,262
teem-1.6.0-src,src/air/test/tmop,547
teem-1.6.0-src,src/air/test/doubleprint,578
teem-1.6.0-src,src/air/parseAir,4626
teem-1.6.0-src,src/air/enum,572
teem-1.6.0-src,src/air/string,844
teem-1.6.0-src,src/air/endianAir,1338
teem-1.6.0-src,src/air/miscAir,3436
teem-1.6.0-src,src/air/array,372
teem-1.6.0-src,src/unrrdu/inset,1273
teem-1.6.0-src,src/unrrdu/crop,1292
teem-1.6.0-src,src/unrrdu/head,1334
teem-1.6.0-src,src/unrrdu/convert,1076
teem-1.6.0-src,src/unrrdu/reshape,910
teem-1.6.0-src,src/unrrdu/about,2703
teem-1.6.0-src,src/unrrdu/axinfo,1293
teem-1.6.0-src,src/unrrdu/swap,781
teem-1.6.0-src,src/unrrdu/jhisto,2497
teem-1.6.0-src,src/unrrdu/axmerge,1259
teem-1.6.0-src,src/unrrdu/histax,1215
teem-1.6.0-src,src/unrrdu/data,1220
teem-1.6.0-src,src/unrrdu/3op,2172
teem-1.6.0-src,src/unrrdu/permute,933
teem-1.6.0-src,src/unrrdu/quantize,1522
teem-1.6.0-src,src/unrrdu/lut,1957
teem-1.6.0-src,src/unrrdu/axinsert,1013
teem-1.6.0-src,src/unrrdu/ccsettle,958
teem-1.6.0-src,src/unrrdu/axdelete,1318
teem-1.6.0-src,src/unrrdu/imap,2334
teem-1.6.0-src,src/unrrdu/rmap,2397
teem-1.6.0-src,src/unrrdu/project,1797
teem-1.6.0-src,src/unrrdu/flip,742
teem-1.6.0-src,src/unrrdu/histo,1398
teem-1.6.0-src,src/unrrdu/save,2630
teem-1.6.0-src,src/unrrdu/gamma,1242
teem-1.6.0-src,src/unrrdu/splice,1289
teem-1.6.0-src,src/unrrdu/1op,1563
teem-1.6.0-src,src/unrrdu/ccfind,1613
teem-1.6.0-src,src/unrrdu/block,1054
teem-1.6.0-src,src/unrrdu/ccadj,1089
teem-1.6.0-src,src/unrrdu/dhisto,1246
teem-1.6.0-src,src/unrrdu/axsplit,1044
teem-1.6.0-src,src/unrrdu/resample,3238
teem-1.6.0-src,src/unrrdu/cmedian,2376
teem-1.6.0-src,src/unrrdu/join,1392
teem-1.6.0-src,src/unrrdu/unquantize,1063
teem-1.6.0-src,src/unrrdu/ccmerge,2523
teem-1.6.0-src,src/unrrdu/unblock,1058
teem-1.6.0-src,src/unrrdu/flotsam,2582
teem-1.6.0-src,src/unrrdu/shuffle,1540
teem-1.6.0-src,src/unrrdu/dice,1646
teem-1.6.0-src,src/unrrdu/minmax,1050
teem-1.6.0-src,src/unrrdu/heq,1949
teem-1.6.0-src,src/unrrdu/pad,1636
teem-1.6.0-src,src/unrrdu/make,6146
teem-1.6.0-src,src/unrrdu/slice,1157
teem-1.6.0-src,src/unrrdu/2op,2062
teem-1.6.0-src,src/moss/hestMoss,1042
teem-1.6.0-src,src/moss/methodsMoss,944
teem-1.6.0-src,src/moss/sampler,1965
teem-1.6.0-src,src/moss/test/invert,292
teem-1.6.0-src,src/moss/xform,2742
teem-1.6.0-src,src/moss/defaultsMoss,17
teem-1.6.0-src,src/gage/miscGage,5215
teem-1.6.0-src,src/gage/vecprint,48
teem-1.6.0-src,src/gage/sclfilter,8809
teem-1.6.0-src,src/gage/ctx,3940
teem-1.6.0-src,src/gage/filter,2935
teem-1.6.0-src,src/gage/sclprint,845
teem-1.6.0-src,src/gage/shape,2780
teem-1.6.0-src,src/gage/st,2839
teem-1.6.0-src,src/gage/print,5241
teem-1.6.0-src,src/gage/scl,19232
teem-1.6.0-src,src/gage/vecGage,13632
teem-1.6.0-src,src/gage/pvl,1267
teem-1.6.0-src,src/gage/defaultsGage,53
teem-1.6.0-src,src/gage/sclanswer,6573
teem-1.6.0-src,src/gage/update,4124
teem-1.6.0-src,src/bane/valid,2214
teem-1.6.0-src,src/bane/inc,3637
teem-1.6.0-src,src/bane/gkmsTxf,2896
teem-1.6.0-src,src/bane/rangeBane,1677
teem-1.6.0-src,src/bane/gkmsInfo,1253
teem-1.6.0-src,src/bane/clip,1431
teem-1.6.0-src,src/bane/measr,1694
teem-1.6.0-src,src/bane/trnsf,4007
teem-1.6.0-src,src/bane/gkmsMite,1104
teem-1.6.0-src,src/bane/gkmsOpac,3021
teem-1.6.0-src,src/bane/gkmsFlotsam,2906
teem-1.6.0-src,src/bane/gkmsScat,1456
teem-1.6.0-src,src/bane/hvol,6161
teem-1.6.0-src,src/bane/defaultsBane,29
teem-1.6.0-src,src/bane/gkmsHvol,2698
teem-1.6.0-src,src/bane/test/sigma,141
teem-1.6.0-src,src/bane/test/tinfo,469
teem-1.6.0-src,src/bane/test/tblah,945
teem-1.6.0-src,src/bane/test/pos,517
teem-1.6.0-src,src/bane/test/opac,418
teem-1.6.0-src,src/bane/gkmsPvg,2794
teem-1.6.0-src,src/bane/trex,338
teem-1.6.0-src,src/bane/methodsBane,519
teem-1.6.0-src,src/bane/scat,697
teem-1.6.0-src,src/hest/usage,2286
teem-1.6.0-src,src/hest/defaultsHest,12
teem-1.6.0-src,src/hest/parseHest,10078
teem-1.6.0-src,src/hest/methodsHest,1885
teem-1.6.0-src,src/hest/test/ex2,948
teem-1.6.0-src,src/hest/test/ex5,725
teem-1.6.0-src,src/hest/test/ex1,1055
teem-1.6.0-src,src/hest/test/ex0,401
teem-1.6.0-src,src/hest/test/bday,954
teem-1.6.0-src,src/hest/test/strings,1095
teem-1.6.0-src,src/hest/test/ex3,1442
teem-1.6.0-src,src/hest/test/ex4,1036
teem-1.6.0-src,src/hoover/stub,44
teem-1.6.0-src,src/hoover/methodsHoover,1582
teem-1.6.0-src,src/hoover/rays,3147
teem-1.6.0-src,src/hoover/defaultsHoover,19
teem-1.6.0-src,src/ell/vecEll,1444
teem-1.6.0-src,src/ell/cubicEll,1940
teem-1.6.0-src,src/ell/eigen,4328
teem-1.6.0-src,src/ell/miscEll,987
teem-1.6.0-src,src/ell/mat,24266
teem-1.6.0-src,src/ell/test/tq,5103
teem-1.6.0-src,src/ell/test/sort3,606
teem-1.6.0-src,src/ell/test/invert,617
teem-1.6.0-src,src/ell/quat,14490
teem-1.6.0-src,src/ell/genmat,2799
teem-1.6.0-src,src/nrrd/defaultsNrrd,659
teem-1.6.0-src,src/nrrd/encodingHex,1484
teem-1.6.0-src,src/nrrd/encoding,620
teem-1.6.0-src,src/nrrd/superset,4006
teem-1.6.0-src,src/nrrd/range,504
teem-1.6.0-src,src/nrrd/reorder,7812
teem-1.6.0-src,src/nrrd/encodingRaw,1772
teem-1.6.0-src,src/nrrd/encodingGzip,605
teem-1.6.0-src,src/nrrd/formatText,2434
teem-1.6.0-src,src/nrrd/hestNrrd,1067
teem-1.6.0-src,src/nrrd/read,2487
teem-1.6.0-src,src/nrrd/ccmethods,988
teem-1.6.0-src,src/nrrd/formatNRRD,3260
teem-1.6.0-src,src/nrrd/apply1D,7018
teem-1.6.0-src,src/nrrd/formatVTK,4983
teem-1.6.0-src,src/nrrd/subset,2184
teem-1.6.0-src,src/nrrd/parseNrrd,5474
teem-1.6.0-src,src/nrrd/endianNrrd,335
teem-1.6.0-src,src/nrrd/keyvalue,609
teem-1.6.0-src,src/nrrd/encodingAscii,1329
teem-1.6.0-src,src/nrrd/gzio,0
teem-1.6.0-src,src/nrrd/measure,7716
teem-1.6.0-src,src/nrrd/test/genvol,1475
teem-1.6.0-src,src/nrrd/test/convo,1657
teem-1.6.0-src,src/nrrd/test/tkernel,1695
teem-1.6.0-src,src/nrrd/test/quadvol,1517
teem-1.6.0-src,src/nrrd/test/io,341
teem-1.6.0-src,src/nrrd/test/tread,256
teem-1.6.0-src,src/nrrd/test/tline,310
teem-1.6.0-src,src/nrrd/test/trand,149
teem-1.6.0-src,src/nrrd/test/ax,2825
teem-1.6.0-src,src/nrrd/test/kv,339
teem-1.6.0-src,src/nrrd/test/minmax,268
teem-1.6.0-src,src/nrrd/test/typestest,372
teem-1.6.0-src,src/nrrd/histogram,5373
teem-1.6.0-src,src/nrrd/arith,4827
teem-1.6.0-src,src/nrrd/accessors,5459
teem-1.6.0-src,src/nrrd/enumsNrrd,86275
teem-1.6.0-src,src/nrrd/formatPNM,2603
teem-1.6.0-src,src/nrrd/filt,4782
teem-1.6.0-src,src/nrrd/cc,9870
teem-1.6.0-src,src/nrrd/formatPNG,674
teem-1.6.0-src,src/nrrd/winKernel,18524
teem-1.6.0-src,src/nrrd/comment,335
teem-1.6.0-src,src/nrrd/write,3654
teem-1.6.0-src,src/nrrd/simple,4011
teem-1.6.0-src,src/nrrd/arraysNrrd,2364
teem-1.6.0-src,src/nrrd/kernel,21794
teem-1.6.0-src,src/nrrd/methodsNrrd,3533
teem-1.6.0-src,src/nrrd/axis,2272
teem-1.6.0-src,src/nrrd/map,4527
teem-1.6.0-src,src/nrrd/resampleNrrd,5440
teem-1.6.0-src,src/nrrd/convertNrrd,2804
teem-1.6.0-src,src/nrrd/tmfKernel,115285
teem-1.6.0-src,src/nrrd/format,644
teem-1.6.0-src,src/nrrd/encodingBzip2,530
teem-1.6.0-src,src/nrrd/iter,503
teem-1.6.0-src,src/nrrd/formatEPS,2225
teem-1.6.0-src,src/ten/tendSlice,949
teem-1.6.0-src,src/ten/tendEvecrgb,1831
teem-1.6.0-src,src/ten/tendEstim,3749
teem-1.6.0-src,src/ten/tensor,5794
teem-1.6.0-src,src/ten/tendEllipse,2277
teem-1.6.0-src,src/ten/epireg,11859
teem-1.6.0-src,src/ten/tendFlotsam,1238
teem-1.6.0-src,src/ten/tendNorm,1245
teem-1.6.0-src,src/ten/tendSten,1282
teem-1.6.0-src,src/ten/aniso,3127
teem-1.6.0-src,src/ten/fiberMethods,2433
teem-1.6.0-src,src/ten/fiber,4054
teem-1.6.0-src,src/ten/tendShrink,904
teem-1.6.0-src,src/ten/bimod,5353
teem-1.6.0-src,src/ten/tendPoint,1476
teem-1.6.0-src,src/ten/test/tt,2506
teem-1.6.0-src,src/ten/test/tg,2199
teem-1.6.0-src,src/ten/test/tem,976
teem-1.6.0-src,src/ten/tendAnhist,1115
teem-1.6.0-src,src/ten/enumsTen,26181
teem-1.6.0-src,src/ten/tendEvq,2121
teem-1.6.0-src,src/ten/tendMake,925
teem-1.6.0-src,src/ten/tendEvalpow,839
teem-1.6.0-src,src/ten/tendAnvol,1437
teem-1.6.0-src,src/ten/tendSim,1300
teem-1.6.0-src,src/ten/tendBmat,1293
teem-1.6.0-src,src/ten/chan,7421
teem-1.6.0-src,src/ten/tendGlyph,6368
teem-1.6.0-src,src/ten/tendEval,1544
teem-1.6.0-src,src/ten/miscTen,3123
teem-1.6.0-src,src/ten/mod,2665
teem-1.6.0-src,src/ten/glyph,4303
teem-1.6.0-src,src/ten/tendAnscale,1323
teem-1.6.0-src,src/ten/tendExpand,1396
teem-1.6.0-src,src/ten/tendEvaladd,928
teem-1.6.0-src,src/ten/tendEpireg,4348
teem-1.6.0-src,src/ten/defaultsTen,60
teem-1.6.0-src,src/ten/tendEvec,1582
teem-1.6.0-src,src/ten/tenGage,3201
teem-1.6.0-src,src/ten/tendSatin,4880
teem-1.6.0-src,src/ten/tendFiber,2496
teem-1.6.0-src,src/ten/tendEvalclamp,1212
teem-1.6.0-src,src/ten/tendAnplot,1597
teem-1.6.0-src,src/alan/enumsAlan,2480
teem-1.6.0-src,src/alan/methodsAlan,1976
teem-1.6.0-src,src/alan/test/tspot,879
teem-1.6.0-src,src/alan/coreAlan,3655
teem-1.6.0-src,src/limn/cam,4450
teem-1.6.0-src,src/limn/defaultsLimn,13
teem-1.6.0-src,src/limn/obj,640
teem-1.6.0-src,src/limn/io,709
teem-1.6.0-src,src/limn/splineMisc,14201
teem-1.6.0-src,src/limn/qn,2497
teem-1.6.0-src,src/limn/splineMethods,4139
teem-1.6.0-src,src/limn/test/tbc,1552
teem-1.6.0-src,src/limn/test/soid,3133
teem-1.6.0-src,src/limn/test/tspline,1873
teem-1.6.0-src,src/limn/test/tcam,1080
teem-1.6.0-src,src/limn/test/tcamanim,3035
teem-1.6.0-src,src/limn/test/light,448
teem-1.6.0-src,src/limn/test/tps,2332
teem-1.6.0-src,src/limn/test/map,262
teem-1.6.0-src,src/limn/methodsLimn,176
teem-1.6.0-src,src/limn/transform,2669
teem-1.6.0-src,src/limn/shapes,2964
teem-1.6.0-src,src/limn/renderLimn,2799
teem-1.6.0-src,src/limn/env,1088
teem-1.6.0-src,src/limn/splineEval,5365
teem-1.6.0-src,src/limn/light,710
teem-1.6.0-src,src/limn/hestLimn,954
ttt-0.10.1.preproc,src/ttt,4221
ttt-0.10.1.preproc,src/engine,1484
ttt-0.10.1.preproc,src/parse,1047
ttt-0.10.1.preproc,src/util,1696
ttt-0.10.1.preproc,src/connect4,2901
ttt-0.10.1.preproc,src/main,925
unrarlib-0.4.0,unrarlib/unrarlib,8820
unrarlib-0.4.0,samples/unix/listarchive/listarchive,910
unrarlib-0.4.0,samples/unix/getfile/getfile,725
zlib-1.1.4,inffast,794
zlib-1.1.4,inftrees,6312
zlib-1.1.4,adler32,224
zlib-1.1.4,infblock,1962
zlib-1.1.4,infutil,246
zlib-1.1.4,infcodes,1146
zlib-1.1.4,inflate,1299
zlib-1.1.4,gzio,2451
zlib-1.1.4,compress,114
zlib-1.1.4,zutil,203
zlib-1.1.4,trees,7512
zlib-1.1.4,deflate,4073
zlib-1.1.4,uncompr,94
zlib-1.1.4,crc32,1236
