size
"2",,"","","","","arm-none-eabi-gcc (GCC) 9.1.0"
"","-Os -std=gnu89 -mthumb -mcpu=arm966e-s -mno-thumb-interwork"
bzip2-1.0.2,huffman,916
bzip2-1.0.2,decompress,6975
bzip2-1.0.2,bzip2recover,2825
bzip2-1.0.2,crctable,1024
bzip2-1.0.2,compress,6455
bzip2-1.0.2,randtable,2048
bzip2-1.0.2,bzlib,8531
bzip2-1.0.2,blocksort,4991
bzip2-1.0.2,bzip2,14241
cg_compiler_opensrc,support,18623
cg_compiler_opensrc,cgcmain,1955
cg_compiler_opensrc,constfold,3348
cg_compiler_opensrc,support_iter,1454
cg_compiler_opensrc,symbols,4821
cg_compiler_opensrc,printutils,7843
cg_compiler_opensrc,atom,2828
cg_compiler_opensrc,cpp,4914
cg_compiler_opensrc,compile,9598
cg_compiler_opensrc,cgstruct,84
cg_compiler_opensrc,tokens,2245
cg_compiler_opensrc,binding,1079
cg_compiler_opensrc,hal,1955
cg_compiler_opensrc,stdlib,3222
cg_compiler_opensrc,check,2577
cg_compiler_opensrc,generic_hal,2123
cg_compiler_opensrc,memory,352
cg_compiler_opensrc,tokenize,550
cg_compiler_opensrc,scanner,4519
cg_compiler_opensrc,parser,13463
cg_compiler_opensrc,semantic,3502
cg_compiler_opensrc,inline,2110
compiler,cg,2027
compiler,vam,3225
compiler,vas,5618
compiler,scanner,2755
compiler,parser,3715
compiler,main,1890
flex-2.5.31,regex,419
flex-2.5.31,yylex,728
flex-2.5.31,skel,94034
flex-2.5.31,filter,1737
flex-2.5.31,scanopt,2462
flex-2.5.31,ccl,728
flex-2.5.31,parse,7049
flex-2.5.31,nfa,2880
flex-2.5.31,misc,4254
flex-2.5.31,scan,37638
flex-2.5.31,dfa,5242
flex-2.5.31,tblcmp,2596
flex-2.5.31,tables,1501
flex-2.5.31,buf,711
flex-2.5.31,ecs,388
flex-2.5.31,sym,691
flex-2.5.31,libmain,12
flex-2.5.31,tables_shared,22
flex-2.5.31,options,2610
flex-2.5.31,libyywrap,4
flex-2.5.31,main,15762
flex-2.5.31,gen,20030
jikespg-1.3,src/mkstates,2198
jikespg-1.3,src/prntstat,2532
jikespg-1.3,src/resolve,9052
jikespg-1.3,src/globals,264
jikespg-1.3,src/ctabs,41508
jikespg-1.3,src/produce,8233
jikespg-1.3,src/mkred,5312
jikespg-1.3,src/ptables,2551
jikespg-1.3,src/lpgparse,36257
jikespg-1.3,src/lpgutil,3399
jikespg-1.3,src/spacetab,15108
jikespg-1.3,src/remsp,5882
jikespg-1.3,src/partset,1288
jikespg-1.3,src/mkfirst,11092
jikespg-1.3,src/main,5235
jikespg-1.3,src/tabutil,9766
jikespg-1.3,src/timetab,7560
jpeg-6b,jcmainct,304
jpeg-6b,wrtarga,708
jpeg-6b,jdmainct,1244
jpeg-6b,jdsample,1296
jpeg-6b,jdmaster,1420
jpeg-6b,jdpostct,612
jpeg-6b,jquant1,2348
jpeg-6b,wrbmp,1820
jpeg-6b,djpeg,5403
jpeg-6b,jcinit,156
jpeg-6b,rdjpgcom,1987
jpeg-6b,rdgif,81
jpeg-6b,jfdctint,604
jpeg-6b,wrppm,462
jpeg-6b,wrjpgcom,2775
jpeg-6b,jcapistd,374
jpeg-6b,jchuff,2552
jpeg-6b,jdcolor,920
jpeg-6b,jpegtran,3320
jpeg-6b,jcparam,2488
jpeg-6b,jdmerge,1092
jpeg-6b,jddctmgr,696
jpeg-6b,ansi2knr,2008
jpeg-6b,jfdctfst,354
jpeg-6b,jccolor,1180
jpeg-6b,jdphuff,2424
jpeg-6b,jmemmgr,2350
jpeg-6b,jfdctflt,748
jpeg-6b,wrrle,0
jpeg-6b,jidctfst,692
jpeg-6b,jcmaster,2028
jpeg-6b,jdatadst,204
jpeg-6b,jutils,408
jpeg-6b,rdswitch,1552
jpeg-6b,jcprepct,1076
jpeg-6b,rdcolmap,1044
jpeg-6b,jcdctmgr,1136
jpeg-6b,jdapimin,816
jpeg-6b,jcomapi,106
jpeg-6b,rdbmp,1568
jpeg-6b,jdcoefct,2712
jpeg-6b,jerror,5382
jpeg-6b,jidctred,972
jpeg-6b,jidctint,932
jpeg-6b,cjpeg,5065
jpeg-6b,rdppm,1292
jpeg-6b,jquant2,3320
jpeg-6b,jdapistd,716
jpeg-6b,cdjpeg,96
jpeg-6b,transupp,3436
jpeg-6b,rdtarga,1356
jpeg-6b,wrgif,1732
jpeg-6b,jdhuff,2080
jpeg-6b,jctrans,1116
jpeg-6b,jdmarker,4824
jpeg-6b,jcmarker,1544
jpeg-6b,jccoefct,1456
jpeg-6b,jcsample,1584
jpeg-6b,jcapimin,600
jpeg-6b,jmemnobs,64
jpeg-6b,jidctflt,1140
jpeg-6b,jdtrans,270
jpeg-6b,jdatasrc,228
jpeg-6b,jdinput,984
jpeg-6b,jcphuff,2060
jpeg-6b,rdrle,0
libmspack,test/md5,2612
libmspack,test/cabd_md5,993
libmspack,test/cabextract_md5,18042
libmspack,test/cabrip,343
libmspack,test/chmd_md5,906
libmspack,test/cabd_test,8622
libmspack,mspack/lzxc,0
libmspack,mspack/qtmc,0
libmspack,mspack/kwajc,6
libmspack,mspack/cabc,6
libmspack,mspack/szddc,6
libmspack,mspack/cabd,4308
libmspack,mspack/hlpd,6
libmspack,mspack/litd,6
libmspack,mspack/mszipd,22
libmspack,mspack/kwajd,6
libmspack,mspack/qtmd,4292
libmspack,mspack/litc,6
libmspack,mspack/lzxd,5116
libmspack,mspack/mszipc,0
libmspack,mspack/chmd,2624
libmspack,mspack/szddd,6
libmspack,mspack/chmc,6
libmspack,mspack/system,522
libmspack,mspack/hlpc,6
libpng-1.2.5,pngtrans,1712
libpng-1.2.5,pngwrite,5185
libpng-1.2.5,pngtest,5212
libpng-1.2.5,pngerror,699
libpng-1.2.5,pngpread,5107
libpng-1.2.5,pngrutil,12991
libpng-1.2.5,pngrio,273
libpng-1.2.5,pngread,5414
libpng-1.2.5,pngrtran,14652
libpng-1.2.5,pngwio,313
libpng-1.2.5,pngwtran,1308
libpng-1.2.5,png,2317
libpng-1.2.5,png2pnm,2169
libpng-1.2.5,pngwutil,10282
libpng-1.2.5,pngmem,425
libpng-1.2.5,pnm2png,2357
libpng-1.2.5,pngget,2152
libpng-1.2.5,pngset,4997
linux-2.4.23-pre3-testplatform,net/socket,4620
linux-2.4.23-pre3-testplatform,net/8021q/vlanproc,14
linux-2.4.23-pre3-testplatform,net/8021q/vlan,544
linux-2.4.23-pre3-testplatform,net/8021q/vlan_dev,2962
linux-2.4.23-pre3-testplatform,net/802/p8023,86
linux-2.4.23-pre3-testplatform,net/netlink/af_netlink,2956
linux-2.4.23-pre3-testplatform,net/ipv4/ip_sockglue,3596
linux-2.4.23-pre3-testplatform,net/ipv4/proc,2498
linux-2.4.23-pre3-testplatform,net/ipv4/inetpeer,1410
linux-2.4.23-pre3-testplatform,net/ipv4/tcp,10157
linux-2.4.23-pre3-testplatform,net/ipv4/tcp_timer,2750
linux-2.4.23-pre3-testplatform,net/ipv4/ip_forward,340
linux-2.4.23-pre3-testplatform,net/ipv4/ip_output,3431
linux-2.4.23-pre3-testplatform,net/ipv4/ip_input,512
linux-2.4.23-pre3-testplatform,net/ipv4/tcp_input,16543
linux-2.4.23-pre3-testplatform,net/ipv4/tcp_ipv4,10185
linux-2.4.23-pre3-testplatform,net/ipv4/sysctl_net_ipv4,0
linux-2.4.23-pre3-testplatform,net/ipv4/route,8012
linux-2.4.23-pre3-testplatform,net/ipv4/protocol,362
linux-2.4.23-pre3-testplatform,net/ipv4/devinet,3915
linux-2.4.23-pre3-testplatform,net/ipv4/tcp_output,7455
linux-2.4.23-pre3-testplatform,net/ipv4/udp,4052
linux-2.4.23-pre3-testplatform,net/ipv4/ip_options,2410
linux-2.4.23-pre3-testplatform,net/ipv4/tcp_minisocks,3247
linux-2.4.23-pre3-testplatform,net/ipv4/utils,56
linux-2.4.23-pre3-testplatform,net/ipv4/igmp,7350
linux-2.4.23-pre3-testplatform,net/ipv4/arp,3548
linux-2.4.23-pre3-testplatform,net/ipv4/af_inet,3853
linux-2.4.23-pre3-testplatform,net/ipv4/ip_fragment,2305
linux-2.4.23-pre3-testplatform,net/ipv4/fib_hash,2637
linux-2.4.23-pre3-testplatform,net/ipv4/tcp_diag,2486
linux-2.4.23-pre3-testplatform,net/ipv4/raw,2648
linux-2.4.23-pre3-testplatform,net/ipv4/fib_semantics,2390
linux-2.4.23-pre3-testplatform,net/ipv4/fib_frontend,1712
linux-2.4.23-pre3-testplatform,net/ipv4/icmp,3062
linux-2.4.23-pre3-testplatform,net/sunrpc/xprt,4546
linux-2.4.23-pre3-testplatform,net/sunrpc/timer,128
linux-2.4.23-pre3-testplatform,net/sunrpc/auth_null,248
linux-2.4.23-pre3-testplatform,net/sunrpc/sched,2823
linux-2.4.23-pre3-testplatform,net/sunrpc/sunrpc_syms,0
linux-2.4.23-pre3-testplatform,net/sunrpc/svcauth,456
linux-2.4.23-pre3-testplatform,net/sunrpc/svcsock,3093
linux-2.4.23-pre3-testplatform,net/sunrpc/xdr,1392
linux-2.4.23-pre3-testplatform,net/sunrpc/auth_unix,558
linux-2.4.23-pre3-testplatform,net/sunrpc/clnt,3232
linux-2.4.23-pre3-testplatform,net/sunrpc/pmap_clnt,617
linux-2.4.23-pre3-testplatform,net/sunrpc/auth,684
linux-2.4.23-pre3-testplatform,net/sunrpc/svc,1613
linux-2.4.23-pre3-testplatform,net/ethernet/eth,489
linux-2.4.23-pre3-testplatform,net/sched/sch_generic,1926
linux-2.4.23-pre3-testplatform,net/core/skbuff,4517
linux-2.4.23-pre3-testplatform,net/core/neighbour,5741
linux-2.4.23-pre3-testplatform,net/core/iovec,660
linux-2.4.23-pre3-testplatform,net/core/dst,608
linux-2.4.23-pre3-testplatform,net/core/dev_mcast,611
linux-2.4.23-pre3-testplatform,net/core/sock,2465
linux-2.4.23-pre3-testplatform,net/core/utils,193
linux-2.4.23-pre3-testplatform,net/core/rtnetlink,2269
linux-2.4.23-pre3-testplatform,net/core/scm,608
linux-2.4.23-pre3-testplatform,net/core/dev,7044
linux-2.4.23-pre3-testplatform,net/core/ethtool,98
linux-2.4.23-pre3-testplatform,net/core/datagram,1283
linux-2.4.23-pre3-testplatform,kernel/timer,1797
linux-2.4.23-pre3-testplatform,kernel/printk,1416
linux-2.4.23-pre3-testplatform,kernel/info,192
linux-2.4.23-pre3-testplatform,kernel/sched,2174
linux-2.4.23-pre3-testplatform,kernel/ptrace,596
linux-2.4.23-pre3-testplatform,kernel/kmod,208
linux-2.4.23-pre3-testplatform,kernel/dma,12
linux-2.4.23-pre3-testplatform,kernel/fork,953
linux-2.4.23-pre3-testplatform,kernel/time,472
linux-2.4.23-pre3-testplatform,kernel/acct,6
linux-2.4.23-pre3-testplatform,kernel/context,323
linux-2.4.23-pre3-testplatform,kernel/user,168
linux-2.4.23-pre3-testplatform,kernel/exit,595
linux-2.4.23-pre3-testplatform,kernel/capability,16
linux-2.4.23-pre3-testplatform,kernel/softirq,1510
linux-2.4.23-pre3-testplatform,kernel/sysctl,72
linux-2.4.23-pre3-testplatform,kernel/itimer,280
linux-2.4.23-pre3-testplatform,kernel/resource,849
linux-2.4.23-pre3-testplatform,kernel/exec_domain,451
linux-2.4.23-pre3-testplatform,kernel/sys,1548
linux-2.4.23-pre3-testplatform,kernel/module,739
linux-2.4.23-pre3-testplatform,kernel/signal,1939
linux-2.4.23-pre3-testplatform,kernel/panic,471
linux-2.4.23-pre3-testplatform,ipc/msg,1206
linux-2.4.23-pre3-testplatform,ipc/sem,2334
linux-2.4.23-pre3-testplatform,ipc/util,611
linux-2.4.23-pre3-testplatform,ipc/shm,1451
linux-2.4.23-pre3-testplatform,arch/testplatform/kernel/init_task,9916
linux-2.4.23-pre3-testplatform,arch/testplatform/kernel/head,2
linux-2.4.23-pre3-testplatform,arch/testplatform/kernel/sys_s390,452
linux-2.4.23-pre3-testplatform,arch/testplatform/kernel/s390fpu,16
linux-2.4.23-pre3-testplatform,arch/testplatform/kernel/entry,18
linux-2.4.23-pre3-testplatform,arch/testplatform/kernel/ptrace,960
linux-2.4.23-pre3-testplatform,arch/testplatform/kernel/cpcmd,2
linux-2.4.23-pre3-testplatform,arch/testplatform/kernel/traps,3492
linux-2.4.23-pre3-testplatform,arch/testplatform/kernel/time,10
linux-2.4.23-pre3-testplatform,arch/testplatform/kernel/debug,2862
linux-2.4.23-pre3-testplatform,arch/testplatform/kernel/s390_ext,460
linux-2.4.23-pre3-testplatform,arch/testplatform/kernel/reipl,2
linux-2.4.23-pre3-testplatform,arch/testplatform/kernel/bitmap,3
linux-2.4.23-pre3-testplatform,arch/testplatform/kernel/ebcdic,1536
linux-2.4.23-pre3-testplatform,arch/testplatform/kernel/needed,16
linux-2.4.23-pre3-testplatform,arch/testplatform/kernel/signal,984
linux-2.4.23-pre3-testplatform,arch/testplatform/kernel/setup,1652
linux-2.4.23-pre3-testplatform,arch/testplatform/kernel/irq,18
linux-2.4.23-pre3-testplatform,arch/testplatform/kernel/semaphore,46
linux-2.4.23-pre3-testplatform,arch/testplatform/kernel/process,568
linux-2.4.23-pre3-testplatform,arch/testplatform/mm/fault,206
linux-2.4.23-pre3-testplatform,arch/testplatform/mm/ioremap,539
linux-2.4.23-pre3-testplatform,arch/testplatform/mm/init,1372
linux-2.4.23-pre3-testplatform,arch/testplatform/mm/extable,64
linux-2.4.23-pre3-testplatform,arch/testplatform/lib/checksum,4
linux-2.4.23-pre3-testplatform,arch/testplatform/lib/strncpy,4
linux-2.4.23-pre3-testplatform,arch/testplatform/lib/uaccess,12
linux-2.4.23-pre3-testplatform,arch/testplatform/lib/delay,4
linux-2.4.23-pre3-testplatform,arch/testplatform/lib/misaligned,132
linux-2.4.23-pre3-testplatform,arch/testplatform/lib/strcmp,4
linux-2.4.23-pre3-testplatform,arch/testplatform/lib/memset,4
linux-2.4.23-pre3-testplatform,arch/testplatform/lib/memcpy,4
linux-2.4.23-pre3-testplatform,mm/mlock,452
linux-2.4.23-pre3-testplatform,mm/slab,2742
linux-2.4.23-pre3-testplatform,mm/swap,350
linux-2.4.23-pre3-testplatform,mm/shmem,4175
linux-2.4.23-pre3-testplatform,mm/swap_state,827
linux-2.4.23-pre3-testplatform,mm/oom_kill,479
linux-2.4.23-pre3-testplatform,mm/swapfile,2435
linux-2.4.23-pre3-testplatform,mm/vmalloc,1595
linux-2.4.23-pre3-testplatform,mm/mremap,536
linux-2.4.23-pre3-testplatform,mm/vmscan,40
linux-2.4.23-pre3-testplatform,mm/filemap,7033
linux-2.4.23-pre3-testplatform,mm/mmap,1790
linux-2.4.23-pre3-testplatform,mm/page_io,455
linux-2.4.23-pre3-testplatform,mm/page_alloc,2339
linux-2.4.23-pre3-testplatform,mm/memory,2796
linux-2.4.23-pre3-testplatform,mm/numa,880
linux-2.4.23-pre3-testplatform,mm/bootmem,1271
linux-2.4.23-pre3-testplatform,mm/mprotect,556
linux-2.4.23-pre3-testplatform,lib/dec_and_lock,0
linux-2.4.23-pre3-testplatform,lib/rbtree,640
linux-2.4.23-pre3-testplatform,lib/dump_stack,70
linux-2.4.23-pre3-testplatform,lib/zlib_inflate/inffast,742
linux-2.4.23-pre3-testplatform,lib/zlib_inflate/inftrees,6185
linux-2.4.23-pre3-testplatform,lib/zlib_inflate/infblock,1958
linux-2.4.23-pre3-testplatform,lib/zlib_inflate/infutil,262
linux-2.4.23-pre3-testplatform,lib/zlib_inflate/infcodes,1314
linux-2.4.23-pre3-testplatform,lib/zlib_inflate/inflate,1714
linux-2.4.23-pre3-testplatform,lib/zlib_inflate/inflate_syms,0
linux-2.4.23-pre3-testplatform,lib/zlib_deflate/deflate_syms,0
linux-2.4.23-pre3-testplatform,lib/zlib_deflate/deflate,3780
linux-2.4.23-pre3-testplatform,lib/zlib_deflate/deftree,6160
linux-2.4.23-pre3-testplatform,lib/rwsem-spinlock,270
linux-2.4.23-pre3-testplatform,lib/bust_spinlocks,50
linux-2.4.23-pre3-testplatform,lib/vsprintf,2569
linux-2.4.23-pre3-testplatform,lib/brlock,0
linux-2.4.23-pre3-testplatform,lib/string,496
linux-2.4.23-pre3-testplatform,lib/ctype,256
linux-2.4.23-pre3-testplatform,lib/errno,0
linux-2.4.23-pre3-testplatform,lib/cmdline,172
linux-2.4.23-pre3-testplatform,init/do_mounts,3229
linux-2.4.23-pre3-testplatform,init/version,497
linux-2.4.23-pre3-testplatform,init/main,942
linux-2.4.23-pre3-testplatform,fs/seq_file,1332
linux-2.4.23-pre3-testplatform,fs/block_dev,2637
linux-2.4.23-pre3-testplatform,fs/dnotify,196
linux-2.4.23-pre3-testplatform,fs/pipe,1518
linux-2.4.23-pre3-testplatform,fs/xattr,600
linux-2.4.23-pre3-testplatform,fs/binfmt_elf,0
linux-2.4.23-pre3-testplatform,fs/attr,418
linux-2.4.23-pre3-testplatform,fs/filesystems,0
linux-2.4.23-pre3-testplatform,fs/locks,4098
linux-2.4.23-pre3-testplatform,fs/partitions/check,1167
linux-2.4.23-pre3-testplatform,fs/partitions/msdos,972
linux-2.4.23-pre3-testplatform,fs/bad_inode,236
linux-2.4.23-pre3-testplatform,fs/iobuf,639
linux-2.4.23-pre3-testplatform,fs/nfsd/export,3761
linux-2.4.23-pre3-testplatform,fs/nfsd/nfsproc,2907
linux-2.4.23-pre3-testplatform,fs/nfsd/stats,40
linux-2.4.23-pre3-testplatform,fs/nfsd/nfsctl,10
linux-2.4.23-pre3-testplatform,fs/nfsd/nfsxdr,1568
linux-2.4.23-pre3-testplatform,fs/nfsd/nfsfh,3474
linux-2.4.23-pre3-testplatform,fs/nfsd/nfs3proc,2582
linux-2.4.23-pre3-testplatform,fs/nfsd/lockd,184
linux-2.4.23-pre3-testplatform,fs/nfsd/nfs3xdr,3364
linux-2.4.23-pre3-testplatform,fs/nfsd/nfssvc,601
linux-2.4.23-pre3-testplatform,fs/nfsd/auth,116
linux-2.4.23-pre3-testplatform,fs/nfsd/nfscache,1331
linux-2.4.23-pre3-testplatform,fs/nfsd/vfs,5056
linux-2.4.23-pre3-testplatform,fs/fifo,384
linux-2.4.23-pre3-testplatform,fs/exec,1579
linux-2.4.23-pre3-testplatform,fs/file_table,579
linux-2.4.23-pre3-testplatform,fs/buffer,7273
linux-2.4.23-pre3-testplatform,fs/open,2117
linux-2.4.23-pre3-testplatform,fs/devices,738
linux-2.4.23-pre3-testplatform,fs/select,374
linux-2.4.23-pre3-testplatform,fs/super,2306
linux-2.4.23-pre3-testplatform,fs/fcntl,994
linux-2.4.23-pre3-testplatform,fs/dcache,2922
linux-2.4.23-pre3-testplatform,fs/char_dev,295
linux-2.4.23-pre3-testplatform,fs/read_write,1464
linux-2.4.23-pre3-testplatform,fs/namespace,1543
linux-2.4.23-pre3-testplatform,fs/ext3/balloc,4036
linux-2.4.23-pre3-testplatform,fs/ext3/symlink,112
linux-2.4.23-pre3-testplatform,fs/ext3/ialloc,2463
linux-2.4.23-pre3-testplatform,fs/ext3/super,10932
linux-2.4.23-pre3-testplatform,fs/ext3/bitmap,116
linux-2.4.23-pre3-testplatform,fs/ext3/ioctl,259
linux-2.4.23-pre3-testplatform,fs/ext3/fsync,8
linux-2.4.23-pre3-testplatform,fs/ext3/inode,7740
linux-2.4.23-pre3-testplatform,fs/ext3/namei,5239
linux-2.4.23-pre3-testplatform,fs/ext3/dir,1088
linux-2.4.23-pre3-testplatform,fs/ext3/file,302
linux-2.4.23-pre3-testplatform,fs/lockd/host,1224
linux-2.4.23-pre3-testplatform,fs/lockd/svcsubs,923
linux-2.4.23-pre3-testplatform,fs/lockd/clntlock,571
linux-2.4.23-pre3-testplatform,fs/lockd/svc4proc,2208
linux-2.4.23-pre3-testplatform,fs/lockd/svclock,1763
linux-2.4.23-pre3-testplatform,fs/lockd/lockd_syms,0
linux-2.4.23-pre3-testplatform,fs/lockd/xdr4,2816
linux-2.4.23-pre3-testplatform,fs/lockd/xdr,2971
linux-2.4.23-pre3-testplatform,fs/lockd/clntproc,1401
linux-2.4.23-pre3-testplatform,fs/lockd/svcproc,2256
linux-2.4.23-pre3-testplatform,fs/lockd/svcshare,284
linux-2.4.23-pre3-testplatform,fs/lockd/mon,854
linux-2.4.23-pre3-testplatform,fs/lockd/svc,659
linux-2.4.23-pre3-testplatform,fs/ioctl,300
linux-2.4.23-pre3-testplatform,fs/readdir,1149
linux-2.4.23-pre3-testplatform,fs/nfs/proc,1260
linux-2.4.23-pre3-testplatform,fs/nfs/unlink,556
linux-2.4.23-pre3-testplatform,fs/nfs/symlink,308
linux-2.4.23-pre3-testplatform,fs/nfs/nfs2xdr,2908
linux-2.4.23-pre3-testplatform,fs/nfs/read,1628
linux-2.4.23-pre3-testplatform,fs/nfs/flushd,352
linux-2.4.23-pre3-testplatform,fs/nfs/nfs3proc,2024
linux-2.4.23-pre3-testplatform,fs/nfs/pagelist,1483
linux-2.4.23-pre3-testplatform,fs/nfs/write,4138
linux-2.4.23-pre3-testplatform,fs/nfs/nfs3xdr,3940
linux-2.4.23-pre3-testplatform,fs/nfs/inode,5201
linux-2.4.23-pre3-testplatform,fs/nfs/dir,3256
linux-2.4.23-pre3-testplatform,fs/nfs/file,784
linux-2.4.23-pre3-testplatform,fs/ramfs/inode,739
linux-2.4.23-pre3-testplatform,fs/stat,440
linux-2.4.23-pre3-testplatform,fs/jbd/commit,3330
linux-2.4.23-pre3-testplatform,fs/jbd/checkpoint,2650
linux-2.4.23-pre3-testplatform,fs/jbd/journal,5796
linux-2.4.23-pre3-testplatform,fs/jbd/transaction,6497
linux-2.4.23-pre3-testplatform,fs/jbd/revoke,1651
linux-2.4.23-pre3-testplatform,fs/jbd/recovery,1670
linux-2.4.23-pre3-testplatform,fs/binfmt_script,300
linux-2.4.23-pre3-testplatform,fs/inode,3393
linux-2.4.23-pre3-testplatform,fs/namei,3208
linux-2.4.23-pre3-testplatform,fs/quota,1958
linux-2.4.23-pre3-testplatform,fs/file,573
linux-2.4.23-pre3-testplatform,drivers/net/net_init,575
linux-2.4.23-pre3-testplatform,drivers/net/auto_irq,48
linux-2.4.23-pre3-testplatform,drivers/net/setup,32
linux-2.4.23-pre3-testplatform,drivers/net/loopback,268
linux-2.4.23-pre3-testplatform,drivers/net/Space,3352
linux-2.4.23-pre3-testplatform,drivers/char/n_tty,3939
linux-2.4.23-pre3-testplatform,drivers/char/misc,688
linux-2.4.23-pre3-testplatform,drivers/char/pty,1335
linux-2.4.23-pre3-testplatform,drivers/char/mem,1832
linux-2.4.23-pre3-testplatform,drivers/char/random,3492
linux-2.4.23-pre3-testplatform,drivers/char/raw,960
linux-2.4.23-pre3-testplatform,drivers/char/tty_io,7352
linux-2.4.23-pre3-testplatform,drivers/char/tty_ioctl,1251
linux-2.4.23-pre3-testplatform,drivers/block/blkpg,668
linux-2.4.23-pre3-testplatform,drivers/block/elevator,480
linux-2.4.23-pre3-testplatform,drivers/block/genhd,182
linux-2.4.23-pre3-testplatform,drivers/block/ll_rw_blk,4005
lwip-0.5.3.preproc,src/core/ipv4/ip_addr,4
lwip-0.5.3.preproc,src/core/ipv4/ip,1204
lwip-0.5.3.preproc,src/core/ipv4/icmp,632
lwip-0.5.3.preproc,src/core/tcp,2155
lwip-0.5.3.preproc,src/core/pbuf,1032
lwip-0.5.3.preproc,src/core/inet,340
lwip-0.5.3.preproc,src/core/stats,20
lwip-0.5.3.preproc,src/core/tcp_input,3828
lwip-0.5.3.preproc,src/core/tcp_output,2068
lwip-0.5.3.preproc,src/core/mem,824
lwip-0.5.3.preproc,src/core/udp,896
lwip-0.5.3.preproc,src/core/sys,264
lwip-0.5.3.preproc,src/core/memp,588
lwip-0.5.3.preproc,src/core/netif,380
lwip-0.5.3.preproc,src/api/err,0
lwip-0.5.3.preproc,src/api/api_msg,1248
lwip-0.5.3.preproc,src/api/api_lib,1514
lwip-0.5.3.preproc,src/api/tcpip,244
lwip-0.5.3.preproc,src/api/sockets,828
lwip-0.5.3.preproc,src/netif/loopif,80
lwip-0.5.3.preproc,src/netif/arp,1084
lwip-0.5.3.preproc,src/netif/tcpdump,1243
lwip-0.5.3.preproc,proj/unixsim/simnode,322
lwip-0.5.3.preproc,proj/unixsim/apps/httpd,579
lwip-0.5.3.preproc,proj/unixsim/apps/shell,7925
lwip-0.5.3.preproc,proj/unixsim/apps/fs,39808
lwip-0.5.3.preproc,proj/unixsim/apps/tcpecho,112
lwip-0.5.3.preproc,proj/unixsim/apps/udpecho,128
lwip-0.5.3.preproc,proj/unixsim/simrouter,466
lwip-0.5.3.preproc,proj/unixsim/simhost,338
mpeg2dec-0.3.1,src/getopt,2256
mpeg2dec-0.3.1,src/extract_mpeg2,2600
mpeg2dec-0.3.1,src/gettimeofday,0
mpeg2dec-0.3.1,src/mpeg2dec,3462
mpeg2dec-0.3.1,libvo/video_out,146
mpeg2dec-0.3.1,libvo/yuv2rgb,3248
mpeg2dec-0.3.1,libvo/yuv2rgb_mlib,0
mpeg2dec-0.3.1,libvo/yuv2rgb_mmx,0
mpeg2dec-0.3.1,libvo/video_out_pgm,401
mpeg2dec-0.3.1,libvo/video_out_null,184
mpeg2dec-0.3.1,libvo/video_out_dx,0
mpeg2dec-0.3.1,libvo/video_out_x11,0
mpeg2dec-0.3.1,libvo/video_out_sdl,633
mpeg2dec-0.3.1,libmpeg2/cpu_accel,4
mpeg2dec-0.3.1,libmpeg2/cpu_state,2
mpeg2dec-0.3.1,libmpeg2/motion_comp_altivec,0
mpeg2dec-0.3.1,libmpeg2/idct,1180
mpeg2dec-0.3.1,libmpeg2/idct_alpha,0
mpeg2dec-0.3.1,libmpeg2/alloc,92
mpeg2dec-0.3.1,libmpeg2/idct_mlib,0
mpeg2dec-0.3.1,libmpeg2/idct_altivec,0
mpeg2dec-0.3.1,libmpeg2/decode,1884
mpeg2dec-0.3.1,libmpeg2/motion_comp_mlib,0
mpeg2dec-0.3.1,libmpeg2/motion_comp_alpha,0
mpeg2dec-0.3.1,libmpeg2/header,3432
mpeg2dec-0.3.1,libmpeg2/motion_comp,3424
mpeg2dec-0.3.1,libmpeg2/motion_comp_mmx,0
mpeg2dec-0.3.1,libmpeg2/slice,15000
mpeg2dec-0.3.1,libmpeg2/idct_mmx,0
mpgcut-1.1,mpgcut,8683
OpenTCP-1.0.4,tcp,4138
OpenTCP-1.0.4,dns/dns,1072
OpenTCP-1.0.4,timers,184
OpenTCP-1.0.4,ip,1412
OpenTCP-1.0.4,http/http_server,1016
OpenTCP-1.0.4,http/https_callbacks,592
OpenTCP-1.0.4,smtp/smtpc_callbacks,22
OpenTCP-1.0.4,smtp/smtp_client,1512
OpenTCP-1.0.4,tftp/tftps,600
OpenTCP-1.0.4,udp,1226
OpenTCP-1.0.4,pop3/pop3c_callbacks,20
OpenTCP-1.0.4,pop3/pop3_client,2547
OpenTCP-1.0.4,dhcp/dhcpc,1760
OpenTCP-1.0.4,arp,1717
OpenTCP-1.0.4,bootp/bootp,1036
OpenTCP-1.0.4,system,808
OpenTCP-1.0.4,icmp,280
OpenTCP-1.0.4,ethernet,1500
OpenTCP-1.0.4,demo/udp_demo,204
OpenTCP-1.0.4,demo/main_demo,200
OpenTCP-1.0.4,demo/tcp_client_demo,300
OpenTCP-1.0.4,demo/tcp_server_demo,264
replaypc-0.4.0.preproc,headend,1502
replaypc-0.4.0.preproc,program,4350
replaypc-0.4.0.preproc,cg,1599
replaypc-0.4.0.preproc,bigfile,136
replaypc-0.4.0.preproc,ndx,353
replaypc-0.4.0.preproc,ReplayPC,3484
replaypc-0.4.0.preproc,dump-replayshows,218
replaypc-0.4.0.preproc,addressbook,503
replaypc-0.4.0.preproc,dump-addressbook,357
replaypc-0.4.0.preproc,un-protect,1058
replaypc-0.4.0.preproc,find-GOPs,156
replaypc-0.4.0.preproc,rtvguide,1398
replaypc-0.4.0.preproc,crypt,672
replaypc-0.4.0.preproc,dump,1186
replaypc-0.4.0.preproc,mark-commercial,1778
replaypc-0.4.0.preproc,rddns,445
replaypc-0.4.0.preproc,httpfs,5022
replaypc-0.4.0.preproc,filedarray,182
replaypc-0.4.0.preproc,rddnsclient,946
replaypc-0.4.0.preproc,dump-channelset,252
replaypc-0.4.0.preproc,httpclient,1716
replaypc-0.4.0.preproc,guide,6142
replaypc-0.4.0.preproc,dump-guide,338
replaypc-0.4.0.preproc,dump-filedarray,360
replaypc-0.4.0.preproc,guideclient,533
replaypc-0.4.0.preproc,version-test,110
replaypc-0.4.0.preproc,zipcode,343
replaypc-0.4.0.preproc,build-ndx,340
replaypc-0.4.0.preproc,dump-programset,457
replaypc-0.4.0.preproc,channelset,155
replaypc-0.4.0.preproc,rtv,508
replaypc-0.4.0.preproc,httpfsclient,1606
replaypc-0.4.0.preproc,ndx-dump,3368
replaypc-0.4.0.preproc,sleep,14
replaypc-0.4.0.preproc,dump-headend,226
replaypc-0.4.0.preproc,dump-replaychannels,226
replaypc-0.4.0.preproc,dump-cg2,359
replaypc-0.4.0.preproc,dump-zipcode2,196
replaypc-0.4.0.preproc,crypt-test,880
teem-1.6.0-src,src/echo/matter,336
teem-1.6.0-src,src/echo/color,7456
teem-1.6.0-src,src/echo/lightEcho,605
teem-1.6.0-src,src/echo/list,1216
teem-1.6.0-src,src/echo/enumsEcho,13165
teem-1.6.0-src,src/echo/renderEcho,4414
teem-1.6.0-src,src/echo/model,1052
teem-1.6.0-src,src/echo/test/test,866
teem-1.6.0-src,src/echo/test/trend,6569
teem-1.6.0-src,src/echo/sqd,6821
teem-1.6.0-src,src/echo/intx,12778
teem-1.6.0-src,src/echo/methodsEcho,477
teem-1.6.0-src,src/echo/objmethods,1068
teem-1.6.0-src,src/echo/bounds,5899
teem-1.6.0-src,src/echo/set,848
teem-1.6.0-src,src/dye/methodsDye,1877
teem-1.6.0-src,src/dye/convertDye,3140
teem-1.6.0-src,src/dye/test/bow,534
teem-1.6.0-src,src/dye/test/conv,352
teem-1.6.0-src,src/hex/enhex,705
teem-1.6.0-src,src/hex/dehex,1223
teem-1.6.0-src,src/mite/renderMite,1029
teem-1.6.0-src,src/mite/txf,6999
teem-1.6.0-src,src/mite/user,779
teem-1.6.0-src,src/mite/thread,238
teem-1.6.0-src,src/mite/defaultsMite,33
teem-1.6.0-src,src/mite/ray,3818
teem-1.6.0-src,src/biff/test/test,212
teem-1.6.0-src,src/biff/biff,2083
teem-1.6.0-src,src/air/mop,1343
teem-1.6.0-src,src/air/threadAir,853
teem-1.6.0-src,src/air/sane,3166
teem-1.6.0-src,src/air/dio,1852
teem-1.6.0-src,src/air/754,1291
teem-1.6.0-src,src/air/test/floatprint,564
teem-1.6.0-src,src/air/test/tline,381
teem-1.6.0-src,src/air/test/fp,1502
teem-1.6.0-src,src/air/test/tok,250
teem-1.6.0-src,src/air/test/tmop,539
teem-1.6.0-src,src/air/test/doubleprint,562
teem-1.6.0-src,src/air/parseAir,4570
teem-1.6.0-src,src/air/enum,628
teem-1.6.0-src,src/air/string,844
teem-1.6.0-src,src/air/endianAir,1338
teem-1.6.0-src,src/air/miscAir,3532
teem-1.6.0-src,src/air/array,392
teem-1.6.0-src,src/unrrdu/inset,1289
teem-1.6.0-src,src/unrrdu/crop,1348
teem-1.6.0-src,src/unrrdu/head,1334
teem-1.6.0-src,src/unrrdu/convert,1108
teem-1.6.0-src,src/unrrdu/reshape,946
teem-1.6.0-src,src/unrrdu/about,2707
teem-1.6.0-src,src/unrrdu/axinfo,1325
teem-1.6.0-src,src/unrrdu/swap,813
teem-1.6.0-src,src/unrrdu/jhisto,2509
teem-1.6.0-src,src/unrrdu/axmerge,1279
teem-1.6.0-src,src/unrrdu/histax,1247
teem-1.6.0-src,src/unrrdu/data,1244
teem-1.6.0-src,src/unrrdu/3op,2216
teem-1.6.0-src,src/unrrdu/permute,965
teem-1.6.0-src,src/unrrdu/quantize,1554
teem-1.6.0-src,src/unrrdu/lut,1985
teem-1.6.0-src,src/unrrdu/axinsert,1037
teem-1.6.0-src,src/unrrdu/ccsettle,1002
teem-1.6.0-src,src/unrrdu/axdelete,1330
teem-1.6.0-src,src/unrrdu/imap,2366
teem-1.6.0-src,src/unrrdu/rmap,2425
teem-1.6.0-src,src/unrrdu/project,1829
teem-1.6.0-src,src/unrrdu/flip,774
teem-1.6.0-src,src/unrrdu/histo,1422
teem-1.6.0-src,src/unrrdu/save,2646
teem-1.6.0-src,src/unrrdu/gamma,1274
teem-1.6.0-src,src/unrrdu/splice,1321
teem-1.6.0-src,src/unrrdu/1op,1599
teem-1.6.0-src,src/unrrdu/ccfind,1657
teem-1.6.0-src,src/unrrdu/block,1086
teem-1.6.0-src,src/unrrdu/ccadj,1121
teem-1.6.0-src,src/unrrdu/dhisto,1278
teem-1.6.0-src,src/unrrdu/axsplit,1080
teem-1.6.0-src,src/unrrdu/resample,3258
teem-1.6.0-src,src/unrrdu/cmedian,2412
teem-1.6.0-src,src/unrrdu/join,1424
teem-1.6.0-src,src/unrrdu/unquantize,1107
teem-1.6.0-src,src/unrrdu/ccmerge,2547
teem-1.6.0-src,src/unrrdu/unblock,1098
teem-1.6.0-src,src/unrrdu/flotsam,2478
teem-1.6.0-src,src/unrrdu/shuffle,1568
teem-1.6.0-src,src/unrrdu/dice,1670
teem-1.6.0-src,src/unrrdu/minmax,1062
teem-1.6.0-src,src/unrrdu/heq,1989
teem-1.6.0-src,src/unrrdu/pad,1700
teem-1.6.0-src,src/unrrdu/make,6162
teem-1.6.0-src,src/unrrdu/slice,1193
teem-1.6.0-src,src/unrrdu/2op,2106
teem-1.6.0-src,src/moss/hestMoss,1006
teem-1.6.0-src,src/moss/methodsMoss,880
teem-1.6.0-src,src/moss/sampler,1961
teem-1.6.0-src,src/moss/test/invert,288
teem-1.6.0-src,src/moss/xform,2766
teem-1.6.0-src,src/moss/defaultsMoss,17
teem-1.6.0-src,src/gage/miscGage,5211
teem-1.6.0-src,src/gage/vecprint,52
teem-1.6.0-src,src/gage/sclfilter,9029
teem-1.6.0-src,src/gage/ctx,3996
teem-1.6.0-src,src/gage/filter,2955
teem-1.6.0-src,src/gage/sclprint,821
teem-1.6.0-src,src/gage/shape,2908
teem-1.6.0-src,src/gage/st,2867
teem-1.6.0-src,src/gage/print,5321
teem-1.6.0-src,src/gage/scl,19232
teem-1.6.0-src,src/gage/vecGage,13444
teem-1.6.0-src,src/gage/pvl,1275
teem-1.6.0-src,src/gage/defaultsGage,53
teem-1.6.0-src,src/gage/sclanswer,6465
teem-1.6.0-src,src/gage/update,4108
teem-1.6.0-src,src/bane/valid,2154
teem-1.6.0-src,src/bane/inc,3653
teem-1.6.0-src,src/bane/gkmsTxf,2888
teem-1.6.0-src,src/bane/rangeBane,1565
teem-1.6.0-src,src/bane/gkmsInfo,1233
teem-1.6.0-src,src/bane/clip,1363
teem-1.6.0-src,src/bane/measr,1670
teem-1.6.0-src,src/bane/trnsf,4039
teem-1.6.0-src,src/bane/gkmsMite,1104
teem-1.6.0-src,src/bane/gkmsOpac,3005
teem-1.6.0-src,src/bane/gkmsFlotsam,2826
teem-1.6.0-src,src/bane/gkmsScat,1444
teem-1.6.0-src,src/bane/hvol,6353
teem-1.6.0-src,src/bane/defaultsBane,29
teem-1.6.0-src,src/bane/gkmsHvol,2698
teem-1.6.0-src,src/bane/test/sigma,141
teem-1.6.0-src,src/bane/test/tinfo,473
teem-1.6.0-src,src/bane/test/tblah,937
teem-1.6.0-src,src/bane/test/pos,525
teem-1.6.0-src,src/bane/test/opac,426
teem-1.6.0-src,src/bane/gkmsPvg,2822
teem-1.6.0-src,src/bane/trex,318
teem-1.6.0-src,src/bane/methodsBane,527
teem-1.6.0-src,src/bane/scat,661
teem-1.6.0-src,src/hest/usage,2318
teem-1.6.0-src,src/hest/defaultsHest,12
teem-1.6.0-src,src/hest/parseHest,10842
teem-1.6.0-src,src/hest/methodsHest,1889
teem-1.6.0-src,src/hest/test/ex2,924
teem-1.6.0-src,src/hest/test/ex5,729
teem-1.6.0-src,src/hest/test/ex1,1059
teem-1.6.0-src,src/hest/test/ex0,401
teem-1.6.0-src,src/hest/test/bday,962
teem-1.6.0-src,src/hest/test/strings,1099
teem-1.6.0-src,src/hest/test/ex3,1410
teem-1.6.0-src,src/hest/test/ex4,1040
teem-1.6.0-src,src/hoover/stub,44
teem-1.6.0-src,src/hoover/methodsHoover,1610
teem-1.6.0-src,src/hoover/rays,3271
teem-1.6.0-src,src/hoover/defaultsHoover,19
teem-1.6.0-src,src/ell/vecEll,1474
teem-1.6.0-src,src/ell/cubicEll,1964
teem-1.6.0-src,src/ell/eigen,4416
teem-1.6.0-src,src/ell/miscEll,975
teem-1.6.0-src,src/ell/mat,24428
teem-1.6.0-src,src/ell/test/tq,5167
teem-1.6.0-src,src/ell/test/sort3,626
teem-1.6.0-src,src/ell/test/invert,617
teem-1.6.0-src,src/ell/quat,14666
teem-1.6.0-src,src/ell/genmat,2791
teem-1.6.0-src,src/nrrd/defaultsNrrd,659
teem-1.6.0-src,src/nrrd/encodingHex,1460
teem-1.6.0-src,src/nrrd/encoding,584
teem-1.6.0-src,src/nrrd/superset,4178
teem-1.6.0-src,src/nrrd/range,516
teem-1.6.0-src,src/nrrd/reorder,7780
teem-1.6.0-src,src/nrrd/encodingRaw,1752
teem-1.6.0-src,src/nrrd/encodingGzip,561
teem-1.6.0-src,src/nrrd/formatText,2434
teem-1.6.0-src,src/nrrd/hestNrrd,979
teem-1.6.0-src,src/nrrd/read,2455
teem-1.6.0-src,src/nrrd/ccmethods,996
teem-1.6.0-src,src/nrrd/formatNRRD,3252
teem-1.6.0-src,src/nrrd/apply1D,7062
teem-1.6.0-src,src/nrrd/formatVTK,5035
teem-1.6.0-src,src/nrrd/subset,2256
teem-1.6.0-src,src/nrrd/parseNrrd,5246
teem-1.6.0-src,src/nrrd/endianNrrd,447
teem-1.6.0-src,src/nrrd/keyvalue,657
teem-1.6.0-src,src/nrrd/encodingAscii,1365
teem-1.6.0-src,src/nrrd/gzio,0
teem-1.6.0-src,src/nrrd/measure,7688
teem-1.6.0-src,src/nrrd/test/genvol,1483
teem-1.6.0-src,src/nrrd/test/convo,1657
teem-1.6.0-src,src/nrrd/test/tkernel,1719
teem-1.6.0-src,src/nrrd/test/quadvol,1537
teem-1.6.0-src,src/nrrd/test/io,345
teem-1.6.0-src,src/nrrd/test/tread,252
teem-1.6.0-src,src/nrrd/test/tline,318
teem-1.6.0-src,src/nrrd/test/trand,141
teem-1.6.0-src,src/nrrd/test/ax,2863
teem-1.6.0-src,src/nrrd/test/kv,335
teem-1.6.0-src,src/nrrd/test/minmax,268
teem-1.6.0-src,src/nrrd/test/typestest,364
teem-1.6.0-src,src/nrrd/histogram,5465
teem-1.6.0-src,src/nrrd/arith,4839
teem-1.6.0-src,src/nrrd/accessors,5839
teem-1.6.0-src,src/nrrd/enumsNrrd,86275
teem-1.6.0-src,src/nrrd/formatPNM,2619
teem-1.6.0-src,src/nrrd/filt,5110
teem-1.6.0-src,src/nrrd/cc,9302
teem-1.6.0-src,src/nrrd/formatPNG,626
teem-1.6.0-src,src/nrrd/winKernel,17960
teem-1.6.0-src,src/nrrd/comment,387
teem-1.6.0-src,src/nrrd/write,3554
teem-1.6.0-src,src/nrrd/simple,4039
teem-1.6.0-src,src/nrrd/arraysNrrd,2364
teem-1.6.0-src,src/nrrd/kernel,22174
teem-1.6.0-src,src/nrrd/methodsNrrd,3549
teem-1.6.0-src,src/nrrd/axis,2432
teem-1.6.0-src,src/nrrd/map,4659
teem-1.6.0-src,src/nrrd/resampleNrrd,5652
teem-1.6.0-src,src/nrrd/convertNrrd,2502
teem-1.6.0-src,src/nrrd/tmfKernel,111209
teem-1.6.0-src,src/nrrd/format,592
teem-1.6.0-src,src/nrrd/encodingBzip2,494
teem-1.6.0-src,src/nrrd/iter,531
teem-1.6.0-src,src/nrrd/formatEPS,2197
teem-1.6.0-src,src/ten/tendSlice,945
teem-1.6.0-src,src/ten/tendEvecrgb,1827
teem-1.6.0-src,src/ten/tendEstim,3741
teem-1.6.0-src,src/ten/tensor,5750
teem-1.6.0-src,src/ten/tendEllipse,2261
teem-1.6.0-src,src/ten/epireg,11951
teem-1.6.0-src,src/ten/tendFlotsam,1242
teem-1.6.0-src,src/ten/tendNorm,1225
teem-1.6.0-src,src/ten/tendSten,1278
teem-1.6.0-src,src/ten/aniso,3219
teem-1.6.0-src,src/ten/fiberMethods,2381
teem-1.6.0-src,src/ten/fiber,4098
teem-1.6.0-src,src/ten/tendShrink,900
teem-1.6.0-src,src/ten/bimod,5433
teem-1.6.0-src,src/ten/tendPoint,1476
teem-1.6.0-src,src/ten/test/tt,2538
teem-1.6.0-src,src/ten/test/tg,2271
teem-1.6.0-src,src/ten/test/tem,980
teem-1.6.0-src,src/ten/tendAnhist,1111
teem-1.6.0-src,src/ten/enumsTen,26181
teem-1.6.0-src,src/ten/tendEvq,2117
teem-1.6.0-src,src/ten/tendMake,921
teem-1.6.0-src,src/ten/tendEvalpow,835
teem-1.6.0-src,src/ten/tendAnvol,1437
teem-1.6.0-src,src/ten/tendSim,1292
teem-1.6.0-src,src/ten/tendBmat,1289
teem-1.6.0-src,src/ten/chan,7553
teem-1.6.0-src,src/ten/tendGlyph,6380
teem-1.6.0-src,src/ten/tendEval,1544
teem-1.6.0-src,src/ten/miscTen,3115
teem-1.6.0-src,src/ten/mod,2501
teem-1.6.0-src,src/ten/glyph,4331
teem-1.6.0-src,src/ten/tendAnscale,1323
teem-1.6.0-src,src/ten/tendExpand,1392
teem-1.6.0-src,src/ten/tendEvaladd,924
teem-1.6.0-src,src/ten/tendEpireg,4344
teem-1.6.0-src,src/ten/defaultsTen,60
teem-1.6.0-src,src/ten/tendEvec,1582
teem-1.6.0-src,src/ten/tenGage,3209
teem-1.6.0-src,src/ten/tendSatin,4944
teem-1.6.0-src,src/ten/tendFiber,2456
teem-1.6.0-src,src/ten/tendEvalclamp,1212
teem-1.6.0-src,src/ten/tendAnplot,1593
teem-1.6.0-src,src/alan/enumsAlan,2480
teem-1.6.0-src,src/alan/methodsAlan,1924
teem-1.6.0-src,src/alan/test/tspot,871
teem-1.6.0-src,src/alan/coreAlan,3643
teem-1.6.0-src,src/limn/cam,4610
teem-1.6.0-src,src/limn/defaultsLimn,13
teem-1.6.0-src,src/limn/obj,656
teem-1.6.0-src,src/limn/io,657
teem-1.6.0-src,src/limn/splineMisc,14189
teem-1.6.0-src,src/limn/qn,2441
teem-1.6.0-src,src/limn/splineMethods,4263
teem-1.6.0-src,src/limn/test/tbc,1600
teem-1.6.0-src,src/limn/test/soid,3129
teem-1.6.0-src,src/limn/test/tspline,1865
teem-1.6.0-src,src/limn/test/tcam,1148
teem-1.6.0-src,src/limn/test/tcamanim,3079
teem-1.6.0-src,src/limn/test/light,440
teem-1.6.0-src,src/limn/test/tps,2284
teem-1.6.0-src,src/limn/test/map,260
teem-1.6.0-src,src/limn/methodsLimn,208
teem-1.6.0-src,src/limn/transform,2633
teem-1.6.0-src,src/limn/shapes,2936
teem-1.6.0-src,src/limn/renderLimn,2739
teem-1.6.0-src,src/limn/env,1052
teem-1.6.0-src,src/limn/splineEval,5529
teem-1.6.0-src,src/limn/light,754
teem-1.6.0-src,src/limn/hestLimn,954
ttt-0.10.1.preproc,src/ttt,4285
ttt-0.10.1.preproc,src/engine,1528
ttt-0.10.1.preproc,src/parse,1019
ttt-0.10.1.preproc,src/util,1680
ttt-0.10.1.preproc,src/connect4,2761
ttt-0.10.1.preproc,src/main,917
unrarlib-0.4.0,unrarlib/unrarlib,9326
unrarlib-0.4.0,samples/unix/listarchive/listarchive,906
unrarlib-0.4.0,samples/unix/getfile/getfile,729
zlib-1.1.4,inffast,814
zlib-1.1.4,inftrees,6296
zlib-1.1.4,adler32,200
zlib-1.1.4,infblock,2190
zlib-1.1.4,infutil,262
zlib-1.1.4,infcodes,1350
zlib-1.1.4,inflate,1323
zlib-1.1.4,gzio,2519
zlib-1.1.4,compress,114
zlib-1.1.4,zutil,211
zlib-1.1.4,trees,7612
zlib-1.1.4,deflate,4225
zlib-1.1.4,uncompr,94
zlib-1.1.4,crc32,1220
