size
"2",,"","","","","arm-none-eabi-gcc (GCC) 4.6.4"
"","-Os -std=gnu89 -mthumb -mcpu=arm966e-s -mno-thumb-interwork"
bzip2-1.0.2,compress,8099
bzip2-1.0.2,huffman,984
bzip2-1.0.2,blocksort,5335
bzip2-1.0.2,crctable,1024
bzip2-1.0.2,decompress,7115
bzip2-1.0.2,bzip2,14621
bzip2-1.0.2,randtable,2048
bzip2-1.0.2,bzip2recover,3057
bzip2-1.0.2,bzlib,8575
cg_compiler_opensrc,cpp,5058
cg_compiler_opensrc,parser,13515
cg_compiler_opensrc,atom,2832
cg_compiler_opensrc,constfold,3456
cg_compiler_opensrc,printutils,7887
cg_compiler_opensrc,cgstruct,92
cg_compiler_opensrc,binding,1047
cg_compiler_opensrc,symbols,4937
cg_compiler_opensrc,compile,9822
cg_compiler_opensrc,memory,350
cg_compiler_opensrc,tokenize,550
cg_compiler_opensrc,inline,2158
cg_compiler_opensrc,semantic,3486
cg_compiler_opensrc,scanner,4783
cg_compiler_opensrc,stdlib,3222
cg_compiler_opensrc,support,18923
cg_compiler_opensrc,check,2621
cg_compiler_opensrc,tokens,2297
cg_compiler_opensrc,cgcmain,1971
cg_compiler_opensrc,support_iter,1466
cg_compiler_opensrc,hal,1975
cg_compiler_opensrc,generic_hal,2151
compiler,main,1882
compiler,parser,3776
compiler,scanner,2919
compiler,cg,2063
compiler,vam,3130
compiler,vas,5786
flex-2.5.31,parse,7046
flex-2.5.31,skel,94034
flex-2.5.31,tables,1577
flex-2.5.31,libmain,12
flex-2.5.31,regex,419
flex-2.5.31,main,16706
flex-2.5.31,ecs,428
flex-2.5.31,scan,38348
flex-2.5.31,tblcmp,2716
flex-2.5.31,sym,711
flex-2.5.31,ccl,840
flex-2.5.31,yylex,896
flex-2.5.31,nfa,2876
flex-2.5.31,filter,1749
flex-2.5.31,buf,723
flex-2.5.31,gen,20210
flex-2.5.31,tables_shared,28
flex-2.5.31,options,2610
flex-2.5.31,libyywrap,4
flex-2.5.31,dfa,5586
flex-2.5.31,scanopt,2650
flex-2.5.31,misc,4514
jikespg-1.3,src/ctabs,41920
jikespg-1.3,src/main,5203
jikespg-1.3,src/mkfirst,11504
jikespg-1.3,src/mkstates,2186
jikespg-1.3,src/spacetab,15732
jikespg-1.3,src/partset,1320
jikespg-1.3,src/tabutil,9830
jikespg-1.3,src/prntstat,2508
jikespg-1.3,src/lpgparse,37001
jikespg-1.3,src/timetab,7624
jikespg-1.3,src/remsp,6078
jikespg-1.3,src/globals,268
jikespg-1.3,src/resolve,9300
jikespg-1.3,src/mkred,5536
jikespg-1.3,src/produce,8861
jikespg-1.3,src/ptables,2679
jikespg-1.3,src/lpgutil,3463
jpeg-6b,wrjpgcom,2911
jpeg-6b,jcdctmgr,1176
jpeg-6b,jddctmgr,684
jpeg-6b,jerror,5394
jpeg-6b,jdmainct,1392
jpeg-6b,jidctfst,796
jpeg-6b,jfdctfst,386
jpeg-6b,jfdctint,704
jpeg-6b,jidctint,1076
jpeg-6b,jdmarker,4840
jpeg-6b,rdgif,81
jpeg-6b,jctrans,1180
jpeg-6b,djpeg,5447
jpeg-6b,jdapistd,730
jpeg-6b,wrrle,0
jpeg-6b,jdtrans,270
jpeg-6b,jccolor,1300
jpeg-6b,cjpeg,5045
jpeg-6b,wrgif,2320
jpeg-6b,jcparam,2512
jpeg-6b,jchuff,2664
jpeg-6b,jdcolor,960
jpeg-6b,jcomapi,106
jpeg-6b,jdphuff,2556
jpeg-6b,jccoefct,1524
jpeg-6b,jcapimin,632
jpeg-6b,rdcolmap,1064
jpeg-6b,jdpostct,636
jpeg-6b,transupp,3644
jpeg-6b,jdhuff,2200
jpeg-6b,wrtarga,760
jpeg-6b,jcsample,1708
jpeg-6b,jdatasrc,232
jpeg-6b,jcmainct,300
jpeg-6b,wrbmp,2300
jpeg-6b,rdbmp,1608
jpeg-6b,jcinit,156
jpeg-6b,rdrle,0
jpeg-6b,jquant2,3376
jpeg-6b,jdinput,1036
jpeg-6b,rdjpgcom,2031
jpeg-6b,jdsample,1380
jpeg-6b,jdmaster,1420
jpeg-6b,ansi2knr,2072
jpeg-6b,jdmerge,1132
jpeg-6b,jdatadst,200
jpeg-6b,jcmaster,2180
jpeg-6b,jcapistd,396
jpeg-6b,jcprepct,1048
jpeg-6b,jpegtran,3324
jpeg-6b,jidctflt,1120
jpeg-6b,jmemnobs,64
jpeg-6b,rdswitch,1688
jpeg-6b,wrppm,462
jpeg-6b,jidctred,1124
jpeg-6b,rdppm,1300
jpeg-6b,jdcoefct,2788
jpeg-6b,jquant1,2388
jpeg-6b,jfdctflt,756
jpeg-6b,jdapimin,880
jpeg-6b,jcmarker,1572
jpeg-6b,rdtarga,1368
jpeg-6b,jcphuff,2204
jpeg-6b,jmemmgr,2358
jpeg-6b,jutils,410
jpeg-6b,cdjpeg,92
libmspack,mspack/system,538
libmspack,mspack/chmd,3064
libmspack,mspack/hlpc,6
libmspack,mspack/qtmc,0
libmspack,mspack/kwajd,6
libmspack,mspack/chmc,6
libmspack,mspack/litc,6
libmspack,mspack/qtmd,4332
libmspack,mspack/lzxc,0
libmspack,mspack/cabc,6
libmspack,mspack/litd,6
libmspack,mspack/hlpd,6
libmspack,mspack/mszipc,0
libmspack,mspack/lzxd,5344
libmspack,mspack/cabd,4608
libmspack,mspack/mszipd,22
libmspack,mspack/kwajc,6
libmspack,mspack/szddd,6
libmspack,mspack/szddc,6
libmspack,test/cabd_md5,1077
libmspack,test/cabextract_md5,19066
libmspack,test/md5,2556
libmspack,test/chmd_md5,938
libmspack,test/cabrip,355
libmspack,test/cabd_test,9164
libpng-1.2.5,pngtest,5164
libpng-1.2.5,png2pnm,2181
libpng-1.2.5,pngrtran,15728
libpng-1.2.5,pngrio,273
libpng-1.2.5,pngwtran,1360
libpng-1.2.5,pngget,2220
libpng-1.2.5,pngtrans,1744
libpng-1.2.5,pngread,5546
libpng-1.2.5,pnm2png,2373
libpng-1.2.5,pngerror,707
libpng-1.2.5,png,2309
libpng-1.2.5,pngwio,309
libpng-1.2.5,pngwrite,5245
libpng-1.2.5,pngpread,5335
libpng-1.2.5,pngwutil,10445
libpng-1.2.5,pngset,5349
libpng-1.2.5,pngrutil,13239
libpng-1.2.5,pngmem,421
linux-2.4.23-pre3-testplatform,arch/testplatform/mm/init,2387
linux-2.4.23-pre3-testplatform,arch/testplatform/mm/ioremap,547
linux-2.4.23-pre3-testplatform,arch/testplatform/mm/fault,2312
linux-2.4.23-pre3-testplatform,arch/testplatform/mm/extable,64
linux-2.4.23-pre3-testplatform,arch/testplatform/lib/checksum,4
linux-2.4.23-pre3-testplatform,arch/testplatform/lib/strcmp,4
linux-2.4.23-pre3-testplatform,arch/testplatform/lib/misaligned,132
linux-2.4.23-pre3-testplatform,arch/testplatform/lib/memcpy,4
linux-2.4.23-pre3-testplatform,arch/testplatform/lib/delay,4
linux-2.4.23-pre3-testplatform,arch/testplatform/lib/strncpy,4
linux-2.4.23-pre3-testplatform,arch/testplatform/lib/memset,4
linux-2.4.23-pre3-testplatform,arch/testplatform/lib/uaccess,12
linux-2.4.23-pre3-testplatform,arch/testplatform/kernel/s390_ext,468
linux-2.4.23-pre3-testplatform,arch/testplatform/kernel/sys_s390,625
linux-2.4.23-pre3-testplatform,arch/testplatform/kernel/cpcmd,2
linux-2.4.23-pre3-testplatform,arch/testplatform/kernel/init_task,16384
linux-2.4.23-pre3-testplatform,arch/testplatform/kernel/signal,2836
linux-2.4.23-pre3-testplatform,arch/testplatform/kernel/ebcdic,1536
linux-2.4.23-pre3-testplatform,arch/testplatform/kernel/entry,18
linux-2.4.23-pre3-testplatform,arch/testplatform/kernel/head,2
linux-2.4.23-pre3-testplatform,arch/testplatform/kernel/ptrace,1140
linux-2.4.23-pre3-testplatform,arch/testplatform/kernel/irq,18
linux-2.4.23-pre3-testplatform,arch/testplatform/kernel/bitmap,3
linux-2.4.23-pre3-testplatform,arch/testplatform/kernel/semaphore,180
linux-2.4.23-pre3-testplatform,arch/testplatform/kernel/time,10
linux-2.4.23-pre3-testplatform,arch/testplatform/kernel/s390fpu,16
linux-2.4.23-pre3-testplatform,arch/testplatform/kernel/debug,2910
linux-2.4.23-pre3-testplatform,arch/testplatform/kernel/needed,16
linux-2.4.23-pre3-testplatform,arch/testplatform/kernel/setup,2782
linux-2.4.23-pre3-testplatform,arch/testplatform/kernel/traps,5082
linux-2.4.23-pre3-testplatform,arch/testplatform/kernel/process,879
linux-2.4.23-pre3-testplatform,arch/testplatform/kernel/reipl,2
linux-2.4.23-pre3-testplatform,fs/char_dev,299
linux-2.4.23-pre3-testplatform,fs/namespace,3291
linux-2.4.23-pre3-testplatform,fs/xattr,604
linux-2.4.23-pre3-testplatform,fs/attr,554
linux-2.4.23-pre3-testplatform,fs/partitions/msdos,296
linux-2.4.23-pre3-testplatform,fs/partitions/check,1223
linux-2.4.23-pre3-testplatform,fs/exec,3144
linux-2.4.23-pre3-testplatform,fs/locks,5732
linux-2.4.23-pre3-testplatform,fs/iobuf,715
linux-2.4.23-pre3-testplatform,fs/binfmt_script,320
linux-2.4.23-pre3-testplatform,fs/dnotify,436
linux-2.4.23-pre3-testplatform,fs/fcntl,1182
linux-2.4.23-pre3-testplatform,fs/pipe,2180
linux-2.4.23-pre3-testplatform,fs/quota,2110
linux-2.4.23-pre3-testplatform,fs/nfsd/nfsctl,659
linux-2.4.23-pre3-testplatform,fs/nfsd/vfs,5516
linux-2.4.23-pre3-testplatform,fs/nfsd/nfscache,1367
linux-2.4.23-pre3-testplatform,fs/nfsd/nfssvc,1062
linux-2.4.23-pre3-testplatform,fs/nfsd/stats,40
linux-2.4.23-pre3-testplatform,fs/nfsd/lockd,184
linux-2.4.23-pre3-testplatform,fs/nfsd/auth,120
linux-2.4.23-pre3-testplatform,fs/nfsd/nfsproc,2935
linux-2.4.23-pre3-testplatform,fs/nfsd/export,4081
linux-2.4.23-pre3-testplatform,fs/nfsd/nfsxdr,1544
linux-2.4.23-pre3-testplatform,fs/nfsd/nfs3xdr,3288
linux-2.4.23-pre3-testplatform,fs/nfsd/nfs3proc,2606
linux-2.4.23-pre3-testplatform,fs/nfsd/nfsfh,3558
linux-2.4.23-pre3-testplatform,fs/fifo,496
linux-2.4.23-pre3-testplatform,fs/ramfs/inode,1087
linux-2.4.23-pre3-testplatform,fs/filesystems,0
linux-2.4.23-pre3-testplatform,fs/file_table,647
linux-2.4.23-pre3-testplatform,fs/block_dev,2689
linux-2.4.23-pre3-testplatform,fs/readdir,1153
linux-2.4.23-pre3-testplatform,fs/binfmt_elf,0
linux-2.4.23-pre3-testplatform,fs/inode,3485
linux-2.4.23-pre3-testplatform,fs/nfs/unlink,560
linux-2.4.23-pre3-testplatform,fs/nfs/symlink,304
linux-2.4.23-pre3-testplatform,fs/nfs/proc,1268
linux-2.4.23-pre3-testplatform,fs/nfs/write,4446
linux-2.4.23-pre3-testplatform,fs/nfs/inode,5584
linux-2.4.23-pre3-testplatform,fs/nfs/file,776
linux-2.4.23-pre3-testplatform,fs/nfs/dir,3368
linux-2.4.23-pre3-testplatform,fs/nfs/nfs3xdr,3900
linux-2.4.23-pre3-testplatform,fs/nfs/pagelist,1635
linux-2.4.23-pre3-testplatform,fs/nfs/read,1732
linux-2.4.23-pre3-testplatform,fs/nfs/flushd,364
linux-2.4.23-pre3-testplatform,fs/nfs/nfs2xdr,2924
linux-2.4.23-pre3-testplatform,fs/nfs/nfs3proc,2004
linux-2.4.23-pre3-testplatform,fs/devices,742
linux-2.4.23-pre3-testplatform,fs/lockd/svcproc,2300
linux-2.4.23-pre3-testplatform,fs/lockd/svcshare,280
linux-2.4.23-pre3-testplatform,fs/lockd/xdr,3055
linux-2.4.23-pre3-testplatform,fs/lockd/svc4proc,2224
linux-2.4.23-pre3-testplatform,fs/lockd/clntproc,2203
linux-2.4.23-pre3-testplatform,fs/lockd/svcsubs,947
linux-2.4.23-pre3-testplatform,fs/lockd/mon,858
linux-2.4.23-pre3-testplatform,fs/lockd/host,1228
linux-2.4.23-pre3-testplatform,fs/lockd/xdr4,2952
linux-2.4.23-pre3-testplatform,fs/lockd/svc,1224
linux-2.4.23-pre3-testplatform,fs/lockd/svclock,1887
linux-2.4.23-pre3-testplatform,fs/lockd/clntlock,664
linux-2.4.23-pre3-testplatform,fs/lockd/lockd_syms,0
linux-2.4.23-pre3-testplatform,fs/file,573
linux-2.4.23-pre3-testplatform,fs/jbd/commit,3454
linux-2.4.23-pre3-testplatform,fs/jbd/journal,6243
linux-2.4.23-pre3-testplatform,fs/jbd/transaction,7384
linux-2.4.23-pre3-testplatform,fs/jbd/checkpoint,2650
linux-2.4.23-pre3-testplatform,fs/jbd/revoke,1655
linux-2.4.23-pre3-testplatform,fs/jbd/recovery,1714
linux-2.4.23-pre3-testplatform,fs/bad_inode,236
linux-2.4.23-pre3-testplatform,fs/stat,448
linux-2.4.23-pre3-testplatform,fs/open,2752
linux-2.4.23-pre3-testplatform,fs/super,2362
linux-2.4.23-pre3-testplatform,fs/select,1632
linux-2.4.23-pre3-testplatform,fs/seq_file,1568
linux-2.4.23-pre3-testplatform,fs/namei,6377
linux-2.4.23-pre3-testplatform,fs/read_write,1484
linux-2.4.23-pre3-testplatform,fs/ioctl,392
linux-2.4.23-pre3-testplatform,fs/buffer,8213
linux-2.4.23-pre3-testplatform,fs/dcache,3134
linux-2.4.23-pre3-testplatform,fs/ext3/fsync,241
linux-2.4.23-pre3-testplatform,fs/ext3/ialloc,2175
linux-2.4.23-pre3-testplatform,fs/ext3/symlink,112
linux-2.4.23-pre3-testplatform,fs/ext3/inode,7865
linux-2.4.23-pre3-testplatform,fs/ext3/file,322
linux-2.4.23-pre3-testplatform,fs/ext3/balloc,3364
linux-2.4.23-pre3-testplatform,fs/ext3/bitmap,116
linux-2.4.23-pre3-testplatform,fs/ext3/dir,864
linux-2.4.23-pre3-testplatform,fs/ext3/super,10394
linux-2.4.23-pre3-testplatform,fs/ext3/namei,4967
linux-2.4.23-pre3-testplatform,fs/ext3/ioctl,599
linux-2.4.23-pre3-testplatform,mm/swap,358
linux-2.4.23-pre3-testplatform,mm/vmalloc,1583
linux-2.4.23-pre3-testplatform,mm/numa,878
linux-2.4.23-pre3-testplatform,mm/mmap,3195
linux-2.4.23-pre3-testplatform,mm/mprotect,1330
linux-2.4.23-pre3-testplatform,mm/bootmem,1243
linux-2.4.23-pre3-testplatform,mm/memory,5614
linux-2.4.23-pre3-testplatform,mm/swapfile,4968
linux-2.4.23-pre3-testplatform,mm/shmem,5179
linux-2.4.23-pre3-testplatform,mm/mlock,968
linux-2.4.23-pre3-testplatform,mm/filemap,9497
linux-2.4.23-pre3-testplatform,mm/page_io,455
linux-2.4.23-pre3-testplatform,mm/page_alloc,3307
linux-2.4.23-pre3-testplatform,mm/slab,2750
linux-2.4.23-pre3-testplatform,mm/swap_state,787
linux-2.4.23-pre3-testplatform,mm/oom_kill,491
linux-2.4.23-pre3-testplatform,mm/vmscan,1890
linux-2.4.23-pre3-testplatform,mm/mremap,1434
linux-2.4.23-pre3-testplatform,lib/string,520
linux-2.4.23-pre3-testplatform,lib/zlib_inflate/inffast,766
linux-2.4.23-pre3-testplatform,lib/zlib_inflate/inflate_syms,0
linux-2.4.23-pre3-testplatform,lib/zlib_inflate/inftrees,6193
linux-2.4.23-pre3-testplatform,lib/zlib_inflate/inflate,1738
linux-2.4.23-pre3-testplatform,lib/zlib_inflate/infutil,270
linux-2.4.23-pre3-testplatform,lib/zlib_inflate/infblock,2038
linux-2.4.23-pre3-testplatform,lib/zlib_inflate/infcodes,1306
linux-2.4.23-pre3-testplatform,lib/vsprintf,2569
linux-2.4.23-pre3-testplatform,lib/bust_spinlocks,50
linux-2.4.23-pre3-testplatform,lib/errno,0
linux-2.4.23-pre3-testplatform,lib/brlock,0
linux-2.4.23-pre3-testplatform,lib/zlib_deflate/deflate_syms,0
linux-2.4.23-pre3-testplatform,lib/zlib_deflate/deflate,3880
linux-2.4.23-pre3-testplatform,lib/zlib_deflate/deftree,6240
linux-2.4.23-pre3-testplatform,lib/dec_and_lock,0
linux-2.4.23-pre3-testplatform,lib/cmdline,170
linux-2.4.23-pre3-testplatform,lib/ctype,256
linux-2.4.23-pre3-testplatform,lib/dump_stack,70
linux-2.4.23-pre3-testplatform,lib/rbtree,648
linux-2.4.23-pre3-testplatform,lib/rwsem-spinlock,358
linux-2.4.23-pre3-testplatform,net/core/sock,2853
linux-2.4.23-pre3-testplatform,net/core/scm,696
linux-2.4.23-pre3-testplatform,net/core/iovec,644
linux-2.4.23-pre3-testplatform,net/core/skbuff,4461
linux-2.4.23-pre3-testplatform,net/core/ethtool,2340
linux-2.4.23-pre3-testplatform,net/core/datagram,1455
linux-2.4.23-pre3-testplatform,net/core/utils,193
linux-2.4.23-pre3-testplatform,net/core/dev_mcast,631
linux-2.4.23-pre3-testplatform,net/core/dst,616
linux-2.4.23-pre3-testplatform,net/core/neighbour,5841
linux-2.4.23-pre3-testplatform,net/core/dev,7786
linux-2.4.23-pre3-testplatform,net/core/rtnetlink,2313
linux-2.4.23-pre3-testplatform,net/socket,4826
linux-2.4.23-pre3-testplatform,net/802/p8023,86
linux-2.4.23-pre3-testplatform,net/ethernet/eth,525
linux-2.4.23-pre3-testplatform,net/8021q/vlan,2038
linux-2.4.23-pre3-testplatform,net/8021q/vlanproc,14
linux-2.4.23-pre3-testplatform,net/8021q/vlan_dev,3074
linux-2.4.23-pre3-testplatform,net/sunrpc/xdr,1404
linux-2.4.23-pre3-testplatform,net/sunrpc/auth_null,284
linux-2.4.23-pre3-testplatform,net/sunrpc/timer,140
linux-2.4.23-pre3-testplatform,net/sunrpc/auth,712
linux-2.4.23-pre3-testplatform,net/sunrpc/clnt,3396
linux-2.4.23-pre3-testplatform,net/sunrpc/svcsock,4252
linux-2.4.23-pre3-testplatform,net/sunrpc/xprt,5209
linux-2.4.23-pre3-testplatform,net/sunrpc/pmap_clnt,613
linux-2.4.23-pre3-testplatform,net/sunrpc/svcauth,452
linux-2.4.23-pre3-testplatform,net/sunrpc/auth_unix,674
linux-2.4.23-pre3-testplatform,net/sunrpc/sched,3548
linux-2.4.23-pre3-testplatform,net/sunrpc/svc,1605
linux-2.4.23-pre3-testplatform,net/sunrpc/sunrpc_syms,0
linux-2.4.23-pre3-testplatform,net/sched/sch_generic,2010
linux-2.4.23-pre3-testplatform,net/netlink/af_netlink,3408
linux-2.4.23-pre3-testplatform,net/ipv4/tcp_output,7772
linux-2.4.23-pre3-testplatform,net/ipv4/tcp_ipv4,10409
linux-2.4.23-pre3-testplatform,net/ipv4/tcp,12993
linux-2.4.23-pre3-testplatform,net/ipv4/route,8256
linux-2.4.23-pre3-testplatform,net/ipv4/ip_input,587
linux-2.4.23-pre3-testplatform,net/ipv4/sysctl_net_ipv4,0
linux-2.4.23-pre3-testplatform,net/ipv4/ip_options,2646
linux-2.4.23-pre3-testplatform,net/ipv4/tcp_timer,3014
linux-2.4.23-pre3-testplatform,net/ipv4/fib_hash,2725
linux-2.4.23-pre3-testplatform,net/ipv4/icmp,3062
linux-2.4.23-pre3-testplatform,net/ipv4/ip_fragment,2297
linux-2.4.23-pre3-testplatform,net/ipv4/proc,2530
linux-2.4.23-pre3-testplatform,net/ipv4/fib_semantics,2422
linux-2.4.23-pre3-testplatform,net/ipv4/igmp,7582
linux-2.4.23-pre3-testplatform,net/ipv4/fib_frontend,1876
linux-2.4.23-pre3-testplatform,net/ipv4/udp,4016
linux-2.4.23-pre3-testplatform,net/ipv4/af_inet,4213
linux-2.4.23-pre3-testplatform,net/ipv4/utils,56
linux-2.4.23-pre3-testplatform,net/ipv4/inetpeer,1426
linux-2.4.23-pre3-testplatform,net/ipv4/ip_forward,356
linux-2.4.23-pre3-testplatform,net/ipv4/protocol,394
linux-2.4.23-pre3-testplatform,net/ipv4/tcp_diag,2566
linux-2.4.23-pre3-testplatform,net/ipv4/tcp_input,17620
linux-2.4.23-pre3-testplatform,net/ipv4/ip_output,3507
linux-2.4.23-pre3-testplatform,net/ipv4/ip_sockglue,3868
linux-2.4.23-pre3-testplatform,net/ipv4/tcp_minisocks,3483
linux-2.4.23-pre3-testplatform,net/ipv4/raw,2604
linux-2.4.23-pre3-testplatform,net/ipv4/devinet,4183
linux-2.4.23-pre3-testplatform,net/ipv4/arp,3652
linux-2.4.23-pre3-testplatform,init/main,1219
linux-2.4.23-pre3-testplatform,init/do_mounts,3434
linux-2.4.23-pre3-testplatform,init/version,502
linux-2.4.23-pre3-testplatform,drivers/block/genhd,170
linux-2.4.23-pre3-testplatform,drivers/block/blkpg,796
linux-2.4.23-pre3-testplatform,drivers/block/ll_rw_blk,4173
linux-2.4.23-pre3-testplatform,drivers/block/elevator,480
linux-2.4.23-pre3-testplatform,drivers/net/loopback,272
linux-2.4.23-pre3-testplatform,drivers/net/net_init,583
linux-2.4.23-pre3-testplatform,drivers/net/Space,3340
linux-2.4.23-pre3-testplatform,drivers/net/auto_irq,48
linux-2.4.23-pre3-testplatform,drivers/net/setup,32
linux-2.4.23-pre3-testplatform,drivers/char/n_tty,3923
linux-2.4.23-pre3-testplatform,drivers/char/random,3960
linux-2.4.23-pre3-testplatform,drivers/char/mem,2104
linux-2.4.23-pre3-testplatform,drivers/char/tty_io,8461
linux-2.4.23-pre3-testplatform,drivers/char/pty,1419
linux-2.4.23-pre3-testplatform,drivers/char/tty_ioctl,1479
linux-2.4.23-pre3-testplatform,drivers/char/raw,1156
linux-2.4.23-pre3-testplatform,drivers/char/misc,764
linux-2.4.23-pre3-testplatform,kernel/sys,3011
linux-2.4.23-pre3-testplatform,kernel/resource,865
linux-2.4.23-pre3-testplatform,kernel/softirq,1546
linux-2.4.23-pre3-testplatform,kernel/signal,2743
linux-2.4.23-pre3-testplatform,kernel/fork,3169
linux-2.4.23-pre3-testplatform,kernel/acct,6
linux-2.4.23-pre3-testplatform,kernel/itimer,420
linux-2.4.23-pre3-testplatform,kernel/timer,2093
linux-2.4.23-pre3-testplatform,kernel/context,539
linux-2.4.23-pre3-testplatform,kernel/exit,1883
linux-2.4.23-pre3-testplatform,kernel/dma,12
linux-2.4.23-pre3-testplatform,kernel/module,751
linux-2.4.23-pre3-testplatform,kernel/ptrace,904
linux-2.4.23-pre3-testplatform,kernel/capability,64
linux-2.4.23-pre3-testplatform,kernel/printk,1536
linux-2.4.23-pre3-testplatform,kernel/kmod,604
linux-2.4.23-pre3-testplatform,kernel/exec_domain,599
linux-2.4.23-pre3-testplatform,kernel/sched,3135
linux-2.4.23-pre3-testplatform,kernel/time,1112
linux-2.4.23-pre3-testplatform,kernel/info,188
linux-2.4.23-pre3-testplatform,kernel/user,192
linux-2.4.23-pre3-testplatform,kernel/panic,526
linux-2.4.23-pre3-testplatform,kernel/sysctl,72
linux-2.4.23-pre3-testplatform,ipc/sem,3471
linux-2.4.23-pre3-testplatform,ipc/util,735
linux-2.4.23-pre3-testplatform,ipc/shm,2267
linux-2.4.23-pre3-testplatform,ipc/msg,1934
lwip-0.5.3.preproc,proj/unixsim/simhost,338
lwip-0.5.3.preproc,proj/unixsim/simnode,322
lwip-0.5.3.preproc,proj/unixsim/apps/fs,39821
lwip-0.5.3.preproc,proj/unixsim/apps/udpecho,128
lwip-0.5.3.preproc,proj/unixsim/apps/shell,8097
lwip-0.5.3.preproc,proj/unixsim/apps/httpd,611
lwip-0.5.3.preproc,proj/unixsim/apps/tcpecho,112
lwip-0.5.3.preproc,proj/unixsim/simrouter,466
lwip-0.5.3.preproc,src/netif/tcpdump,1271
lwip-0.5.3.preproc,src/netif/loopif,84
lwip-0.5.3.preproc,src/netif/arp,1116
lwip-0.5.3.preproc,src/core/tcp_output,2072
lwip-0.5.3.preproc,src/core/sys,268
lwip-0.5.3.preproc,src/core/tcp,2165
lwip-0.5.3.preproc,src/core/pbuf,1124
lwip-0.5.3.preproc,src/core/inet,332
lwip-0.5.3.preproc,src/core/stats,20
lwip-0.5.3.preproc,src/core/udp,900
lwip-0.5.3.preproc,src/core/mem,824
lwip-0.5.3.preproc,src/core/memp,616
lwip-0.5.3.preproc,src/core/tcp_input,3832
lwip-0.5.3.preproc,src/core/netif,368
lwip-0.5.3.preproc,src/core/ipv4/ip_addr,4
lwip-0.5.3.preproc,src/core/ipv4/icmp,616
lwip-0.5.3.preproc,src/core/ipv4/ip,1196
lwip-0.5.3.preproc,src/api/err,0
lwip-0.5.3.preproc,src/api/api_msg,1252
lwip-0.5.3.preproc,src/api/api_lib,1496
lwip-0.5.3.preproc,src/api/tcpip,252
lwip-0.5.3.preproc,src/api/sockets,840
mpeg2dec-0.3.1,libvo/video_out_sdl,645
mpeg2dec-0.3.1,libvo/video_out_pgm,401
mpeg2dec-0.3.1,libvo/video_out_dx,0
mpeg2dec-0.3.1,libvo/video_out_null,184
mpeg2dec-0.3.1,libvo/video_out,146
mpeg2dec-0.3.1,libvo/video_out_x11,0
mpeg2dec-0.3.1,libvo/yuv2rgb,3408
mpeg2dec-0.3.1,libvo/yuv2rgb_mmx,0
mpeg2dec-0.3.1,libvo/yuv2rgb_mlib,0
mpeg2dec-0.3.1,src/getopt,2328
mpeg2dec-0.3.1,src/gettimeofday,0
mpeg2dec-0.3.1,src/extract_mpeg2,2780
mpeg2dec-0.3.1,src/mpeg2dec,3878
mpeg2dec-0.3.1,libmpeg2/idct_alpha,0
mpeg2dec-0.3.1,libmpeg2/cpu_accel,4
mpeg2dec-0.3.1,libmpeg2/motion_comp,3408
mpeg2dec-0.3.1,libmpeg2/motion_comp_alpha,0
mpeg2dec-0.3.1,libmpeg2/cpu_state,2
mpeg2dec-0.3.1,libmpeg2/idct_mmx,0
mpeg2dec-0.3.1,libmpeg2/decode,1920
mpeg2dec-0.3.1,libmpeg2/slice,14880
mpeg2dec-0.3.1,libmpeg2/idct_mlib,0
mpeg2dec-0.3.1,libmpeg2/idct_altivec,0
mpeg2dec-0.3.1,libmpeg2/motion_comp_mlib,0
mpeg2dec-0.3.1,libmpeg2/idct,1260
mpeg2dec-0.3.1,libmpeg2/header,3564
mpeg2dec-0.3.1,libmpeg2/motion_comp_altivec,0
mpeg2dec-0.3.1,libmpeg2/motion_comp_mmx,0
mpeg2dec-0.3.1,libmpeg2/alloc,84
mpgcut-1.1,mpgcut,8875
OpenTCP-1.0.4,bootp/bootp,1060
OpenTCP-1.0.4,system,888
OpenTCP-1.0.4,tcp,3818
OpenTCP-1.0.4,smtp/smtp_client,1480
OpenTCP-1.0.4,smtp/smtpc_callbacks,16
OpenTCP-1.0.4,dns/dns,1068
OpenTCP-1.0.4,icmp,284
OpenTCP-1.0.4,timers,184
OpenTCP-1.0.4,ethernet,1480
OpenTCP-1.0.4,pop3/pop3_client,2627
OpenTCP-1.0.4,pop3/pop3c_callbacks,18
OpenTCP-1.0.4,ip,1368
OpenTCP-1.0.4,udp,1134
OpenTCP-1.0.4,dhcp/dhcpc,1840
OpenTCP-1.0.4,demo/udp_demo,196
OpenTCP-1.0.4,demo/main_demo,212
OpenTCP-1.0.4,demo/tcp_client_demo,296
OpenTCP-1.0.4,demo/tcp_server_demo,256
OpenTCP-1.0.4,tftp/tftps,628
OpenTCP-1.0.4,http/https_callbacks,592
OpenTCP-1.0.4,http/http_server,1072
OpenTCP-1.0.4,arp,1617
replaypc-0.4.0.preproc,dump-addressbook,357
replaypc-0.4.0.preproc,zipcode,343
replaypc-0.4.0.preproc,dump-guide,362
replaypc-0.4.0.preproc,rddnsclient,982
replaypc-0.4.0.preproc,headend,1502
replaypc-0.4.0.preproc,ndx-dump,3428
replaypc-0.4.0.preproc,addressbook,519
replaypc-0.4.0.preproc,rtv,512
replaypc-0.4.0.preproc,ndx,349
replaypc-0.4.0.preproc,dump-cg2,363
replaypc-0.4.0.preproc,dump-filedarray,408
replaypc-0.4.0.preproc,un-protect,1062
replaypc-0.4.0.preproc,dump-programset,477
replaypc-0.4.0.preproc,dump-channelset,260
replaypc-0.4.0.preproc,crypt-test,939
replaypc-0.4.0.preproc,guide,6134
replaypc-0.4.0.preproc,httpfsclient,1646
replaypc-0.4.0.preproc,program,4354
replaypc-0.4.0.preproc,bigfile,148
replaypc-0.4.0.preproc,rtvguide,1410
replaypc-0.4.0.preproc,httpclient,1720
replaypc-0.4.0.preproc,find-GOPs,188
replaypc-0.4.0.preproc,sleep,14
replaypc-0.4.0.preproc,cg,1587
replaypc-0.4.0.preproc,dump-replayshows,226
replaypc-0.4.0.preproc,rddns,445
replaypc-0.4.0.preproc,dump-replaychannels,242
replaypc-0.4.0.preproc,dump-headend,234
replaypc-0.4.0.preproc,channelset,155
replaypc-0.4.0.preproc,crypt,660
replaypc-0.4.0.preproc,mark-commercial,1802
replaypc-0.4.0.preproc,httpfs,5098
replaypc-0.4.0.preproc,filedarray,182
replaypc-0.4.0.preproc,build-ndx,408
replaypc-0.4.0.preproc,version-test,122
replaypc-0.4.0.preproc,dump,1213
replaypc-0.4.0.preproc,dump-zipcode2,204
replaypc-0.4.0.preproc,ReplayPC,3500
replaypc-0.4.0.preproc,guideclient,533
teem-1.6.0-src,src/air/sane,3180
teem-1.6.0-src,src/air/string,848
teem-1.6.0-src,src/air/754,1343
teem-1.6.0-src,src/air/array,460
teem-1.6.0-src,src/air/parseAir,4692
teem-1.6.0-src,src/air/threadAir,849
teem-1.6.0-src,src/air/endianAir,1340
teem-1.6.0-src,src/air/dio,1852
teem-1.6.0-src,src/air/enum,640
teem-1.6.0-src,src/air/miscAir,3736
teem-1.6.0-src,src/air/mop,1367
teem-1.6.0-src,src/air/test/doubleprint,570
teem-1.6.0-src,src/air/test/floatprint,564
teem-1.6.0-src,src/air/test/tline,373
teem-1.6.0-src,src/air/test/fp,1546
teem-1.6.0-src,src/air/test/tmop,543
teem-1.6.0-src,src/air/test/tok,274
teem-1.6.0-src,src/limn/hestLimn,954
teem-1.6.0-src,src/limn/qn,2605
teem-1.6.0-src,src/limn/splineEval,5793
teem-1.6.0-src,src/limn/splineMethods,4351
teem-1.6.0-src,src/limn/renderLimn,2799
teem-1.6.0-src,src/limn/obj,660
teem-1.6.0-src,src/limn/shapes,3368
teem-1.6.0-src,src/limn/methodsLimn,212
teem-1.6.0-src,src/limn/transform,2729
teem-1.6.0-src,src/limn/cam,4750
teem-1.6.0-src,src/limn/light,790
teem-1.6.0-src,src/limn/splineMisc,14318
teem-1.6.0-src,src/limn/env,1068
teem-1.6.0-src,src/limn/io,645
teem-1.6.0-src,src/limn/test/soid,3149
teem-1.6.0-src,src/limn/test/tps,2296
teem-1.6.0-src,src/limn/test/tcam,1172
teem-1.6.0-src,src/limn/test/tbc,1608
teem-1.6.0-src,src/limn/test/tcamanim,3187
teem-1.6.0-src,src/limn/test/light,488
teem-1.6.0-src,src/limn/test/map,276
teem-1.6.0-src,src/limn/test/tspline,1901
teem-1.6.0-src,src/limn/defaultsLimn,13
teem-1.6.0-src,src/bane/gkmsFlotsam,2906
teem-1.6.0-src,src/bane/trex,326
teem-1.6.0-src,src/bane/methodsBane,555
teem-1.6.0-src,src/bane/clip,1387
teem-1.6.0-src,src/bane/gkmsHvol,2722
teem-1.6.0-src,src/bane/gkmsScat,1452
teem-1.6.0-src,src/bane/valid,2194
teem-1.6.0-src,src/bane/gkmsMite,1104
teem-1.6.0-src,src/bane/gkmsOpac,3057
teem-1.6.0-src,src/bane/gkmsTxf,2924
teem-1.6.0-src,src/bane/hvol,6329
teem-1.6.0-src,src/bane/scat,657
teem-1.6.0-src,src/bane/measr,1670
teem-1.6.0-src,src/bane/trnsf,4023
teem-1.6.0-src,src/bane/gkmsPvg,2866
teem-1.6.0-src,src/bane/gkmsInfo,1237
teem-1.6.0-src,src/bane/defaultsBane,29
teem-1.6.0-src,src/bane/test/sigma,141
teem-1.6.0-src,src/bane/test/pos,533
teem-1.6.0-src,src/bane/test/tblah,957
teem-1.6.0-src,src/bane/test/opac,426
teem-1.6.0-src,src/bane/test/tinfo,469
teem-1.6.0-src,src/bane/inc,3729
teem-1.6.0-src,src/bane/rangeBane,1629
teem-1.6.0-src,src/alan/methodsAlan,1972
teem-1.6.0-src,src/alan/coreAlan,3767
teem-1.6.0-src,src/alan/enumsAlan,2480
teem-1.6.0-src,src/alan/test/tspot,895
teem-1.6.0-src,src/echo/sqd,6989
teem-1.6.0-src,src/echo/set,944
teem-1.6.0-src,src/echo/renderEcho,4390
teem-1.6.0-src,src/echo/bounds,6267
teem-1.6.0-src,src/echo/matter,332
teem-1.6.0-src,src/echo/methodsEcho,497
teem-1.6.0-src,src/echo/model,1080
teem-1.6.0-src,src/echo/intx,13124
teem-1.6.0-src,src/echo/enumsEcho,13168
teem-1.6.0-src,src/echo/list,1328
teem-1.6.0-src,src/echo/color,7548
teem-1.6.0-src,src/echo/lightEcho,625
teem-1.6.0-src,src/echo/objmethods,1152
teem-1.6.0-src,src/echo/test/test,882
teem-1.6.0-src,src/echo/test/trend,6909
teem-1.6.0-src,src/nrrd/methodsNrrd,3617
teem-1.6.0-src,src/nrrd/endianNrrd,503
teem-1.6.0-src,src/nrrd/format,592
teem-1.6.0-src,src/nrrd/simple,4111
teem-1.6.0-src,src/nrrd/encodingRaw,1756
teem-1.6.0-src,src/nrrd/encodingGzip,561
teem-1.6.0-src,src/nrrd/range,560
teem-1.6.0-src,src/nrrd/apply1D,7020
teem-1.6.0-src,src/nrrd/histogram,5617
teem-1.6.0-src,src/nrrd/hestNrrd,963
teem-1.6.0-src,src/nrrd/keyvalue,685
teem-1.6.0-src,src/nrrd/measure,7900
teem-1.6.0-src,src/nrrd/formatPNG,626
teem-1.6.0-src,src/nrrd/encoding,584
teem-1.6.0-src,src/nrrd/winKernel,18984
teem-1.6.0-src,src/nrrd/gzio,0
teem-1.6.0-src,src/nrrd/encodingBzip2,494
teem-1.6.0-src,src/nrrd/reorder,7908
teem-1.6.0-src,src/nrrd/cc,9550
teem-1.6.0-src,src/nrrd/write,3602
teem-1.6.0-src,src/nrrd/comment,387
teem-1.6.0-src,src/nrrd/axis,2720
teem-1.6.0-src,src/nrrd/convertNrrd,4040
teem-1.6.0-src,src/nrrd/tmfKernel,154997
teem-1.6.0-src,src/nrrd/arraysNrrd,2368
teem-1.6.0-src,src/nrrd/formatText,2450
teem-1.6.0-src,src/nrrd/formatNRRD,3328
teem-1.6.0-src,src/nrrd/resampleNrrd,6256
teem-1.6.0-src,src/nrrd/enumsNrrd,86276
teem-1.6.0-src,src/nrrd/subset,2408
teem-1.6.0-src,src/nrrd/kernel,24166
teem-1.6.0-src,src/nrrd/defaultsNrrd,659
teem-1.6.0-src,src/nrrd/filt,4978
teem-1.6.0-src,src/nrrd/map,4719
teem-1.6.0-src,src/nrrd/formatPNM,2643
teem-1.6.0-src,src/nrrd/formatVTK,5223
teem-1.6.0-src,src/nrrd/superset,4268
teem-1.6.0-src,src/nrrd/iter,531
teem-1.6.0-src,src/nrrd/read,2471
teem-1.6.0-src,src/nrrd/encodingAscii,1373
teem-1.6.0-src,src/nrrd/encodingHex,1444
teem-1.6.0-src,src/nrrd/test/tread,256
teem-1.6.0-src,src/nrrd/test/typestest,360
teem-1.6.0-src,src/nrrd/test/minmax,268
teem-1.6.0-src,src/nrrd/test/convo,1717
teem-1.6.0-src,src/nrrd/test/tkernel,1739
teem-1.6.0-src,src/nrrd/test/tline,318
teem-1.6.0-src,src/nrrd/test/trand,153
teem-1.6.0-src,src/nrrd/test/kv,335
teem-1.6.0-src,src/nrrd/test/ax,2947
teem-1.6.0-src,src/nrrd/test/io,341
teem-1.6.0-src,src/nrrd/test/quadvol,1573
teem-1.6.0-src,src/nrrd/test/genvol,1515
teem-1.6.0-src,src/nrrd/ccmethods,1012
teem-1.6.0-src,src/nrrd/parseNrrd,5262
teem-1.6.0-src,src/nrrd/accessors,6331
teem-1.6.0-src,src/nrrd/formatEPS,2253
teem-1.6.0-src,src/nrrd/arith,5067
teem-1.6.0-src,src/hoover/defaultsHoover,19
teem-1.6.0-src,src/hoover/rays,3323
teem-1.6.0-src,src/hoover/stub,56
teem-1.6.0-src,src/hoover/methodsHoover,1586
teem-1.6.0-src,src/hest/methodsHest,1933
teem-1.6.0-src,src/hest/usage,2350
teem-1.6.0-src,src/hest/parseHest,10966
teem-1.6.0-src,src/hest/defaultsHest,12
teem-1.6.0-src,src/hest/test/strings,1091
teem-1.6.0-src,src/hest/test/ex0,401
teem-1.6.0-src,src/hest/test/ex3,1414
teem-1.6.0-src,src/hest/test/bday,968
teem-1.6.0-src,src/hest/test/ex5,733
teem-1.6.0-src,src/hest/test/ex4,1036
teem-1.6.0-src,src/hest/test/ex2,928
teem-1.6.0-src,src/hest/test/ex1,1055
teem-1.6.0-src,src/biff/test/test,212
teem-1.6.0-src,src/biff/biff,2103
teem-1.6.0-src,src/ten/tendShrink,900
teem-1.6.0-src,src/ten/tendSim,1288
teem-1.6.0-src,src/ten/defaultsTen,64
teem-1.6.0-src,src/ten/mod,2561
teem-1.6.0-src,src/ten/tendEvec,1574
teem-1.6.0-src,src/ten/tendMake,917
teem-1.6.0-src,src/ten/tendPoint,1480
teem-1.6.0-src,src/ten/chan,7605
teem-1.6.0-src,src/ten/tendAnhist,1111
teem-1.6.0-src,src/ten/tendEllipse,2357
teem-1.6.0-src,src/ten/tendSatin,5120
teem-1.6.0-src,src/ten/tendEpireg,4352
teem-1.6.0-src,src/ten/tendEvq,2117
teem-1.6.0-src,src/ten/tendEvaladd,924
teem-1.6.0-src,src/ten/tendSlice,945
teem-1.6.0-src,src/ten/tendEvalclamp,1212
teem-1.6.0-src,src/ten/glyph,4463
teem-1.6.0-src,src/ten/tendBmat,1289
teem-1.6.0-src,src/ten/tendAnplot,1593
teem-1.6.0-src,src/ten/tensor,5850
teem-1.6.0-src,src/ten/fiber,4158
teem-1.6.0-src,src/ten/tenGage,3341
teem-1.6.0-src,src/ten/tendSten,1278
teem-1.6.0-src,src/ten/tendFiber,2472
teem-1.6.0-src,src/ten/enumsTen,26184
teem-1.6.0-src,src/ten/tendEval,1552
teem-1.6.0-src,src/ten/tendEvecrgb,1827
teem-1.6.0-src,src/ten/tendEstim,3721
teem-1.6.0-src,src/ten/tendFlotsam,1274
teem-1.6.0-src,src/ten/tendGlyph,6352
teem-1.6.0-src,src/ten/fiberMethods,2425
teem-1.6.0-src,src/ten/miscTen,3205
teem-1.6.0-src,src/ten/tendNorm,1225
teem-1.6.0-src,src/ten/tendAnscale,1323
teem-1.6.0-src,src/ten/tendAnvol,1437
teem-1.6.0-src,src/ten/aniso,3227
teem-1.6.0-src,src/ten/tendEvalpow,835
teem-1.6.0-src,src/ten/test/tg,2287
teem-1.6.0-src,src/ten/test/tem,996
teem-1.6.0-src,src/ten/test/tt,2566
teem-1.6.0-src,src/ten/bimod,5561
teem-1.6.0-src,src/ten/tendExpand,1392
teem-1.6.0-src,src/ten/epireg,12139
teem-1.6.0-src,src/moss/hestMoss,1014
teem-1.6.0-src,src/moss/methodsMoss,900
teem-1.6.0-src,src/moss/sampler,1997
teem-1.6.0-src,src/moss/xform,3026
teem-1.6.0-src,src/moss/defaultsMoss,17
teem-1.6.0-src,src/moss/test/invert,288
teem-1.6.0-src,src/unrrdu/gamma,1274
teem-1.6.0-src,src/unrrdu/ccsettle,1014
teem-1.6.0-src,src/unrrdu/axsplit,1080
teem-1.6.0-src,src/unrrdu/swap,817
teem-1.6.0-src,src/unrrdu/unquantize,1119
teem-1.6.0-src,src/unrrdu/flotsam,2542
teem-1.6.0-src,src/unrrdu/imap,2378
teem-1.6.0-src,src/unrrdu/jhisto,2521
teem-1.6.0-src,src/unrrdu/join,1424
teem-1.6.0-src,src/unrrdu/data,1252
teem-1.6.0-src,src/unrrdu/block,1086
teem-1.6.0-src,src/unrrdu/cmedian,2428
teem-1.6.0-src,src/unrrdu/ccadj,1121
teem-1.6.0-src,src/unrrdu/inset,1321
teem-1.6.0-src,src/unrrdu/resample,3278
teem-1.6.0-src,src/unrrdu/unblock,1094
teem-1.6.0-src,src/unrrdu/minmax,1066
teem-1.6.0-src,src/unrrdu/project,1829
teem-1.6.0-src,src/unrrdu/head,1358
teem-1.6.0-src,src/unrrdu/permute,969
teem-1.6.0-src,src/unrrdu/ccmerge,2551
teem-1.6.0-src,src/unrrdu/1op,1615
teem-1.6.0-src,src/unrrdu/ccfind,1669
teem-1.6.0-src,src/unrrdu/lut,2009
teem-1.6.0-src,src/unrrdu/crop,1348
teem-1.6.0-src,src/unrrdu/rmap,2449
teem-1.6.0-src,src/unrrdu/axdelete,1346
teem-1.6.0-src,src/unrrdu/histo,1426
teem-1.6.0-src,src/unrrdu/flip,774
teem-1.6.0-src,src/unrrdu/convert,1108
teem-1.6.0-src,src/unrrdu/slice,1197
teem-1.6.0-src,src/unrrdu/2op,2114
teem-1.6.0-src,src/unrrdu/dice,1802
teem-1.6.0-src,src/unrrdu/save,2766
teem-1.6.0-src,src/unrrdu/3op,2228
teem-1.6.0-src,src/unrrdu/axinfo,1357
teem-1.6.0-src,src/unrrdu/axmerge,1299
teem-1.6.0-src,src/unrrdu/histax,1247
teem-1.6.0-src,src/unrrdu/pad,1696
teem-1.6.0-src,src/unrrdu/dhisto,1278
teem-1.6.0-src,src/unrrdu/reshape,942
teem-1.6.0-src,src/unrrdu/shuffle,1576
teem-1.6.0-src,src/unrrdu/axinsert,1049
teem-1.6.0-src,src/unrrdu/splice,1321
teem-1.6.0-src,src/unrrdu/make,6202
teem-1.6.0-src,src/unrrdu/quantize,1550
teem-1.6.0-src,src/unrrdu/about,2747
teem-1.6.0-src,src/unrrdu/heq,2001
teem-1.6.0-src,src/mite/renderMite,1017
teem-1.6.0-src,src/mite/ray,3854
teem-1.6.0-src,src/mite/txf,6983
teem-1.6.0-src,src/mite/thread,254
teem-1.6.0-src,src/mite/user,807
teem-1.6.0-src,src/mite/defaultsMite,37
teem-1.6.0-src,src/hex/dehex,1231
teem-1.6.0-src,src/hex/enhex,705
teem-1.6.0-src,src/dye/methodsDye,1922
teem-1.6.0-src,src/dye/test/bow,554
teem-1.6.0-src,src/dye/test/conv,356
teem-1.6.0-src,src/dye/convertDye,3260
teem-1.6.0-src,src/gage/sclprint,917
teem-1.6.0-src,src/gage/vecGage,13636
teem-1.6.0-src,src/gage/sclfilter,8825
teem-1.6.0-src,src/gage/scl,19232
teem-1.6.0-src,src/gage/update,4128
teem-1.6.0-src,src/gage/ctx,4056
teem-1.6.0-src,src/gage/print,5289
teem-1.6.0-src,src/gage/filter,3079
teem-1.6.0-src,src/gage/st,2815
teem-1.6.0-src,src/gage/sclanswer,6513
teem-1.6.0-src,src/gage/vecprint,52
teem-1.6.0-src,src/gage/defaultsGage,53
teem-1.6.0-src,src/gage/pvl,1311
teem-1.6.0-src,src/gage/miscGage,5207
teem-1.6.0-src,src/gage/shape,2872
teem-1.6.0-src,src/ell/miscEll,995
teem-1.6.0-src,src/ell/genmat,2823
teem-1.6.0-src,src/ell/vecEll,1450
teem-1.6.0-src,src/ell/eigen,4288
teem-1.6.0-src,src/ell/quat,14690
teem-1.6.0-src,src/ell/cubicEll,1996
teem-1.6.0-src,src/ell/mat,24408
teem-1.6.0-src,src/ell/test/sort3,594
teem-1.6.0-src,src/ell/test/invert,617
teem-1.6.0-src,src/ell/test/tq,5187
ttt-0.10.1.preproc,src/engine,1560
ttt-0.10.1.preproc,src/parse,1079
ttt-0.10.1.preproc,src/main,945
ttt-0.10.1.preproc,src/util,1724
ttt-0.10.1.preproc,src/ttt,4301
ttt-0.10.1.preproc,src/connect4,2905
unrarlib-0.4.0,samples/unix/getfile/getfile,729
unrarlib-0.4.0,samples/unix/listarchive/listarchive,914
unrarlib-0.4.0,unrarlib/unrarlib,9432
zlib-1.1.4,compress,114
zlib-1.1.4,crc32,1220
zlib-1.1.4,zutil,211
zlib-1.1.4,inffast,866
zlib-1.1.4,uncompr,94
zlib-1.1.4,adler32,204
zlib-1.1.4,deflate,4316
zlib-1.1.4,inftrees,6309
zlib-1.1.4,gzio,2591
zlib-1.1.4,trees,7656
zlib-1.1.4,inflate,1339
zlib-1.1.4,infutil,270
zlib-1.1.4,infblock,2170
zlib-1.1.4,infcodes,1342
