size
"2",,"","","","","arm-none-eabi-gcc (GCC) 6.1.0"
"","-Os -std=gnu89 -mcpu=cortex-m3"
bzip2-1.0.2,compress,6131
bzip2-1.0.2,huffman,786
bzip2-1.0.2,blocksort,4723
bzip2-1.0.2,crctable,1024
bzip2-1.0.2,decompress,6471
bzip2-1.0.2,bzip2,14277
bzip2-1.0.2,randtable,2048
bzip2-1.0.2,bzip2recover,2817
bzip2-1.0.2,bzlib,7943
cg_compiler_opensrc,cpp,4930
cg_compiler_opensrc,parser,13643
cg_compiler_opensrc,atom,2832
cg_compiler_opensrc,constfold,3396
cg_compiler_opensrc,printutils,7927
cg_compiler_opensrc,cgstruct,84
cg_compiler_opensrc,binding,1079
cg_compiler_opensrc,symbols,4877
cg_compiler_opensrc,compile,9478
cg_compiler_opensrc,memory,354
cg_compiler_opensrc,tokenize,546
cg_compiler_opensrc,inline,2118
cg_compiler_opensrc,semantic,3426
cg_compiler_opensrc,scanner,4587
cg_compiler_opensrc,stdlib,3222
cg_compiler_opensrc,support,17939
cg_compiler_opensrc,check,2553
cg_compiler_opensrc,tokens,2213
cg_compiler_opensrc,cgcmain,1855
cg_compiler_opensrc,support_iter,1454
cg_compiler_opensrc,hal,1947
cg_compiler_opensrc,generic_hal,2127
compiler,main,1890
compiler,parser,3652
compiler,scanner,2843
compiler,cg,2047
compiler,vam,3209
compiler,vas,5538
flex-2.5.31,parse,7174
flex-2.5.31,skel,94034
flex-2.5.31,tables,1509
flex-2.5.31,libmain,12
flex-2.5.31,regex,411
flex-2.5.31,main,15990
flex-2.5.31,ecs,400
flex-2.5.31,scan,37504
flex-2.5.31,tblcmp,2572
flex-2.5.31,sym,687
flex-2.5.31,ccl,768
flex-2.5.31,yylex,776
flex-2.5.31,nfa,2940
flex-2.5.31,filter,1737
flex-2.5.31,buf,715
flex-2.5.31,gen,20174
flex-2.5.31,tables_shared,20
flex-2.5.31,options,2610
flex-2.5.31,libyywrap,4
flex-2.5.31,dfa,5214
flex-2.5.31,scanopt,2526
flex-2.5.31,misc,4242
jikespg-1.3,src/ctabs,41852
jikespg-1.3,src/main,4955
jikespg-1.3,src/mkfirst,10932
jikespg-1.3,src/mkstates,2238
jikespg-1.3,src/spacetab,15416
jikespg-1.3,src/partset,1184
jikespg-1.3,src/tabutil,9994
jikespg-1.3,src/prntstat,2632
jikespg-1.3,src/lpgparse,36201
jikespg-1.3,src/timetab,7580
jikespg-1.3,src/remsp,5574
jikespg-1.3,src/globals,264
jikespg-1.3,src/resolve,8904
jikespg-1.3,src/mkred,5124
jikespg-1.3,src/produce,8129
jikespg-1.3,src/ptables,2619
jikespg-1.3,src/lpgutil,3455
jpeg-6b,wrjpgcom,2755
jpeg-6b,jcdctmgr,1140
jpeg-6b,jddctmgr,680
jpeg-6b,jerror,5394
jpeg-6b,jdmainct,1168
jpeg-6b,jidctfst,748
jpeg-6b,jfdctfst,406
jpeg-6b,jfdctint,592
jpeg-6b,jidctint,936
jpeg-6b,jdmarker,4644
jpeg-6b,rdgif,81
jpeg-6b,jctrans,1060
jpeg-6b,djpeg,5335
jpeg-6b,jdapistd,684
jpeg-6b,wrrle,0
jpeg-6b,jdtrans,246
jpeg-6b,jccolor,1136
jpeg-6b,cjpeg,4941
jpeg-6b,wrgif,1700
jpeg-6b,jcparam,2644
jpeg-6b,jchuff,2504
jpeg-6b,jdcolor,940
jpeg-6b,jcomapi,98
jpeg-6b,jdphuff,2236
jpeg-6b,jccoefct,1364
jpeg-6b,jcapimin,568
jpeg-6b,rdcolmap,1044
jpeg-6b,jdpostct,608
jpeg-6b,transupp,3320
jpeg-6b,jdhuff,2088
jpeg-6b,wrtarga,716
jpeg-6b,jcsample,1608
jpeg-6b,jdatasrc,224
jpeg-6b,jcmainct,280
jpeg-6b,wrbmp,1980
jpeg-6b,rdbmp,1604
jpeg-6b,jcinit,144
jpeg-6b,rdrle,0
jpeg-6b,jquant2,3176
jpeg-6b,jdinput,980
jpeg-6b,rdjpgcom,1999
jpeg-6b,jdsample,1216
jpeg-6b,jdmaster,1284
jpeg-6b,ansi2knr,2004
jpeg-6b,jdmerge,1136
jpeg-6b,jdatadst,204
jpeg-6b,jcmaster,1980
jpeg-6b,jcapistd,362
jpeg-6b,jcprepct,948
jpeg-6b,jpegtran,3232
jpeg-6b,jidctflt,1144
jpeg-6b,jmemnobs,44
jpeg-6b,rdswitch,1572
jpeg-6b,wrppm,474
jpeg-6b,jidctred,1004
jpeg-6b,rdppm,1260
jpeg-6b,jdcoefct,2476
jpeg-6b,jquant1,2156
jpeg-6b,jfdctflt,788
jpeg-6b,jdapimin,788
jpeg-6b,jcmarker,1432
jpeg-6b,rdtarga,1400
jpeg-6b,jcphuff,1972
jpeg-6b,jmemmgr,2290
jpeg-6b,jutils,402
jpeg-6b,cdjpeg,84
libmspack,mspack/system,498
libmspack,mspack/chmd,2360
libmspack,mspack/hlpc,6
libmspack,mspack/qtmc,0
libmspack,mspack/kwajd,6
libmspack,mspack/chmc,6
libmspack,mspack/litc,6
libmspack,mspack/qtmd,3608
libmspack,mspack/lzxc,0
libmspack,mspack/cabc,6
libmspack,mspack/litd,6
libmspack,mspack/hlpd,6
libmspack,mspack/mszipc,0
libmspack,mspack/lzxd,4764
libmspack,mspack/cabd,4340
libmspack,mspack/mszipd,18
libmspack,mspack/kwajc,6
libmspack,mspack/szddd,6
libmspack,mspack/szddc,6
libmspack,test/cabd_md5,1045
libmspack,test/cabextract_md5,16722
libmspack,test/md5,2432
libmspack,test/chmd_md5,958
libmspack,test/cabrip,365
libmspack,test/cabd_test,8338
libpng-1.2.5,pngtest,5332
libpng-1.2.5,png2pnm,2153
libpng-1.2.5,pngrtran,14704
libpng-1.2.5,pngrio,269
libpng-1.2.5,pngwtran,1340
libpng-1.2.5,pngget,1924
libpng-1.2.5,pngtrans,1856
libpng-1.2.5,pngread,5206
libpng-1.2.5,pnm2png,2369
libpng-1.2.5,pngerror,719
libpng-1.2.5,png,2216
libpng-1.2.5,pngwio,297
libpng-1.2.5,pngwrite,5001
libpng-1.2.5,pngpread,4651
libpng-1.2.5,pngwutil,9949
libpng-1.2.5,pngset,5165
libpng-1.2.5,pngrutil,12627
libpng-1.2.5,pngmem,349
linux-2.4.23-pre3-testplatform,arch/testplatform/mm/init,1384
linux-2.4.23-pre3-testplatform,arch/testplatform/mm/ioremap,519
linux-2.4.23-pre3-testplatform,arch/testplatform/mm/fault,230
linux-2.4.23-pre3-testplatform,arch/testplatform/mm/extable,64
linux-2.4.23-pre3-testplatform,arch/testplatform/lib/checksum,4
linux-2.4.23-pre3-testplatform,arch/testplatform/lib/strcmp,4
linux-2.4.23-pre3-testplatform,arch/testplatform/lib/misaligned,132
linux-2.4.23-pre3-testplatform,arch/testplatform/lib/memcpy,4
linux-2.4.23-pre3-testplatform,arch/testplatform/lib/delay,4
linux-2.4.23-pre3-testplatform,arch/testplatform/lib/strncpy,4
linux-2.4.23-pre3-testplatform,arch/testplatform/lib/memset,4
linux-2.4.23-pre3-testplatform,arch/testplatform/lib/uaccess,12
linux-2.4.23-pre3-testplatform,arch/testplatform/kernel/s390_ext,224
linux-2.4.23-pre3-testplatform,arch/testplatform/kernel/sys_s390,593
linux-2.4.23-pre3-testplatform,arch/testplatform/kernel/cpcmd,2
linux-2.4.23-pre3-testplatform,arch/testplatform/kernel/init_task,9916
linux-2.4.23-pre3-testplatform,arch/testplatform/kernel/signal,1800
linux-2.4.23-pre3-testplatform,arch/testplatform/kernel/ebcdic,1536
linux-2.4.23-pre3-testplatform,arch/testplatform/kernel/entry,18
linux-2.4.23-pre3-testplatform,arch/testplatform/kernel/head,2
linux-2.4.23-pre3-testplatform,arch/testplatform/kernel/ptrace,1000
linux-2.4.23-pre3-testplatform,arch/testplatform/kernel/irq,18
linux-2.4.23-pre3-testplatform,arch/testplatform/kernel/bitmap,3
linux-2.4.23-pre3-testplatform,arch/testplatform/kernel/semaphore,176
linux-2.4.23-pre3-testplatform,arch/testplatform/kernel/time,10
linux-2.4.23-pre3-testplatform,arch/testplatform/kernel/s390fpu,16
linux-2.4.23-pre3-testplatform,arch/testplatform/kernel/debug,2890
linux-2.4.23-pre3-testplatform,arch/testplatform/kernel/needed,16
linux-2.4.23-pre3-testplatform,arch/testplatform/kernel/setup,1616
linux-2.4.23-pre3-testplatform,arch/testplatform/kernel/traps,1994
linux-2.4.23-pre3-testplatform,arch/testplatform/kernel/process,743
linux-2.4.23-pre3-testplatform,arch/testplatform/kernel/reipl,2
linux-2.4.23-pre3-testplatform,fs/char_dev,319
linux-2.4.23-pre3-testplatform,fs/namespace,3291
linux-2.4.23-pre3-testplatform,fs/xattr,602
linux-2.4.23-pre3-testplatform,fs/attr,542
linux-2.4.23-pre3-testplatform,fs/partitions/msdos,268
linux-2.4.23-pre3-testplatform,fs/partitions/check,1131
linux-2.4.23-pre3-testplatform,fs/exec,3104
linux-2.4.23-pre3-testplatform,fs/locks,5468
linux-2.4.23-pre3-testplatform,fs/iobuf,679
linux-2.4.23-pre3-testplatform,fs/binfmt_script,304
linux-2.4.23-pre3-testplatform,fs/dnotify,404
linux-2.4.23-pre3-testplatform,fs/fcntl,1110
linux-2.4.23-pre3-testplatform,fs/pipe,1702
linux-2.4.23-pre3-testplatform,fs/quota,2014
linux-2.4.23-pre3-testplatform,fs/nfsd/nfsctl,627
linux-2.4.23-pre3-testplatform,fs/nfsd/vfs,5360
linux-2.4.23-pre3-testplatform,fs/nfsd/nfscache,1311
linux-2.4.23-pre3-testplatform,fs/nfsd/nfssvc,1030
linux-2.4.23-pre3-testplatform,fs/nfsd/stats,40
linux-2.4.23-pre3-testplatform,fs/nfsd/lockd,180
linux-2.4.23-pre3-testplatform,fs/nfsd/auth,100
linux-2.4.23-pre3-testplatform,fs/nfsd/nfsproc,2827
linux-2.4.23-pre3-testplatform,fs/nfsd/export,3709
linux-2.4.23-pre3-testplatform,fs/nfsd/nfsxdr,1596
linux-2.4.23-pre3-testplatform,fs/nfsd/nfs3xdr,3292
linux-2.4.23-pre3-testplatform,fs/nfsd/nfs3proc,2530
linux-2.4.23-pre3-testplatform,fs/nfsd/nfsfh,3426
linux-2.4.23-pre3-testplatform,fs/fifo,488
linux-2.4.23-pre3-testplatform,fs/ramfs/inode,1007
linux-2.4.23-pre3-testplatform,fs/filesystems,0
linux-2.4.23-pre3-testplatform,fs/file_table,631
linux-2.4.23-pre3-testplatform,fs/block_dev,2621
linux-2.4.23-pre3-testplatform,fs/readdir,1101
linux-2.4.23-pre3-testplatform,fs/binfmt_elf,0
linux-2.4.23-pre3-testplatform,fs/inode,3449
linux-2.4.23-pre3-testplatform,fs/nfs/unlink,544
linux-2.4.23-pre3-testplatform,fs/nfs/symlink,304
linux-2.4.23-pre3-testplatform,fs/nfs/proc,1244
linux-2.4.23-pre3-testplatform,fs/nfs/write,4086
linux-2.4.23-pre3-testplatform,fs/nfs/inode,5220
linux-2.4.23-pre3-testplatform,fs/nfs/file,752
linux-2.4.23-pre3-testplatform,fs/nfs/dir,3292
linux-2.4.23-pre3-testplatform,fs/nfs/nfs3xdr,3900
linux-2.4.23-pre3-testplatform,fs/nfs/pagelist,1603
linux-2.4.23-pre3-testplatform,fs/nfs/read,1600
linux-2.4.23-pre3-testplatform,fs/nfs/flushd,344
linux-2.4.23-pre3-testplatform,fs/nfs/nfs2xdr,2836
linux-2.4.23-pre3-testplatform,fs/nfs/nfs3proc,1984
linux-2.4.23-pre3-testplatform,fs/devices,726
linux-2.4.23-pre3-testplatform,fs/lockd/svcproc,2196
linux-2.4.23-pre3-testplatform,fs/lockd/svcshare,258
linux-2.4.23-pre3-testplatform,fs/lockd/xdr,3003
linux-2.4.23-pre3-testplatform,fs/lockd/svc4proc,2148
linux-2.4.23-pre3-testplatform,fs/lockd/clntproc,2139
linux-2.4.23-pre3-testplatform,fs/lockd/svcsubs,923
linux-2.4.23-pre3-testplatform,fs/lockd/mon,850
linux-2.4.23-pre3-testplatform,fs/lockd/host,1180
linux-2.4.23-pre3-testplatform,fs/lockd/xdr4,2908
linux-2.4.23-pre3-testplatform,fs/lockd/svc,1200
linux-2.4.23-pre3-testplatform,fs/lockd/svclock,1659
linux-2.4.23-pre3-testplatform,fs/lockd/clntlock,640
linux-2.4.23-pre3-testplatform,fs/lockd/lockd_syms,0
linux-2.4.23-pre3-testplatform,fs/file,525
linux-2.4.23-pre3-testplatform,fs/jbd/commit,3426
linux-2.4.23-pre3-testplatform,fs/jbd/journal,6055
linux-2.4.23-pre3-testplatform,fs/jbd/transaction,7212
linux-2.4.23-pre3-testplatform,fs/jbd/checkpoint,2582
linux-2.4.23-pre3-testplatform,fs/jbd/revoke,1679
linux-2.4.23-pre3-testplatform,fs/jbd/recovery,1610
linux-2.4.23-pre3-testplatform,fs/bad_inode,228
linux-2.4.23-pre3-testplatform,fs/stat,406
linux-2.4.23-pre3-testplatform,fs/open,2648
linux-2.4.23-pre3-testplatform,fs/super,2286
linux-2.4.23-pre3-testplatform,fs/select,1500
linux-2.4.23-pre3-testplatform,fs/seq_file,1472
linux-2.4.23-pre3-testplatform,fs/namei,6137
linux-2.4.23-pre3-testplatform,fs/read_write,1492
linux-2.4.23-pre3-testplatform,fs/ioctl,320
linux-2.4.23-pre3-testplatform,fs/buffer,8005
linux-2.4.23-pre3-testplatform,fs/dcache,3098
linux-2.4.23-pre3-testplatform,fs/ext3/fsync,237
linux-2.4.23-pre3-testplatform,fs/ext3/ialloc,2027
linux-2.4.23-pre3-testplatform,fs/ext3/symlink,104
linux-2.4.23-pre3-testplatform,fs/ext3/inode,7381
linux-2.4.23-pre3-testplatform,fs/ext3/file,304
linux-2.4.23-pre3-testplatform,fs/ext3/balloc,3136
linux-2.4.23-pre3-testplatform,fs/ext3/bitmap,116
linux-2.4.23-pre3-testplatform,fs/ext3/dir,816
linux-2.4.23-pre3-testplatform,fs/ext3/super,8040
linux-2.4.23-pre3-testplatform,fs/ext3/namei,4635
linux-2.4.23-pre3-testplatform,fs/ext3/ioctl,543
linux-2.4.23-pre3-testplatform,mm/swap,278
linux-2.4.23-pre3-testplatform,mm/vmalloc,1543
linux-2.4.23-pre3-testplatform,mm/numa,876
linux-2.4.23-pre3-testplatform,mm/mmap,3143
linux-2.4.23-pre3-testplatform,mm/mprotect,1278
linux-2.4.23-pre3-testplatform,mm/bootmem,1149
linux-2.4.23-pre3-testplatform,mm/memory,4426
linux-2.4.23-pre3-testplatform,mm/swapfile,4940
linux-2.4.23-pre3-testplatform,mm/shmem,4607
linux-2.4.23-pre3-testplatform,mm/mlock,924
linux-2.4.23-pre3-testplatform,mm/filemap,8957
linux-2.4.23-pre3-testplatform,mm/page_io,443
linux-2.4.23-pre3-testplatform,mm/page_alloc,2899
linux-2.4.23-pre3-testplatform,mm/slab,2674
linux-2.4.23-pre3-testplatform,mm/swap_state,823
linux-2.4.23-pre3-testplatform,mm/oom_kill,447
linux-2.4.23-pre3-testplatform,mm/vmscan,1810
linux-2.4.23-pre3-testplatform,mm/mremap,1518
linux-2.4.23-pre3-testplatform,lib/string,492
linux-2.4.23-pre3-testplatform,lib/zlib_inflate/inffast,758
linux-2.4.23-pre3-testplatform,lib/zlib_inflate/inflate_syms,0
linux-2.4.23-pre3-testplatform,lib/zlib_inflate/inftrees,6197
linux-2.4.23-pre3-testplatform,lib/zlib_inflate/inflate,1734
linux-2.4.23-pre3-testplatform,lib/zlib_inflate/infutil,248
linux-2.4.23-pre3-testplatform,lib/zlib_inflate/infblock,1726
linux-2.4.23-pre3-testplatform,lib/zlib_inflate/infcodes,1146
linux-2.4.23-pre3-testplatform,lib/vsprintf,2417
linux-2.4.23-pre3-testplatform,lib/bust_spinlocks,46
linux-2.4.23-pre3-testplatform,lib/errno,0
linux-2.4.23-pre3-testplatform,lib/brlock,0
linux-2.4.23-pre3-testplatform,lib/zlib_deflate/deflate_syms,0
linux-2.4.23-pre3-testplatform,lib/zlib_deflate/deflate,3672
linux-2.4.23-pre3-testplatform,lib/zlib_deflate/deftree,5996
linux-2.4.23-pre3-testplatform,lib/dec_and_lock,0
linux-2.4.23-pre3-testplatform,lib/cmdline,174
linux-2.4.23-pre3-testplatform,lib/ctype,256
linux-2.4.23-pre3-testplatform,lib/dump_stack,66
linux-2.4.23-pre3-testplatform,lib/rbtree,588
linux-2.4.23-pre3-testplatform,lib/rwsem-spinlock,358
linux-2.4.23-pre3-testplatform,net/core/sock,2617
linux-2.4.23-pre3-testplatform,net/core/scm,692
linux-2.4.23-pre3-testplatform,net/core/iovec,654
linux-2.4.23-pre3-testplatform,net/core/skbuff,4265
linux-2.4.23-pre3-testplatform,net/core/ethtool,1636
linux-2.4.23-pre3-testplatform,net/core/datagram,1371
linux-2.4.23-pre3-testplatform,net/core/utils,185
linux-2.4.23-pre3-testplatform,net/core/dev_mcast,575
linux-2.4.23-pre3-testplatform,net/core/dst,596
linux-2.4.23-pre3-testplatform,net/core/neighbour,5573
linux-2.4.23-pre3-testplatform,net/core/dev,7158
linux-2.4.23-pre3-testplatform,net/core/rtnetlink,2221
linux-2.4.23-pre3-testplatform,net/socket,4728
linux-2.4.23-pre3-testplatform,net/802/p8023,78
linux-2.4.23-pre3-testplatform,net/ethernet/eth,457
linux-2.4.23-pre3-testplatform,net/8021q/vlan,1962
linux-2.4.23-pre3-testplatform,net/8021q/vlanproc,14
linux-2.4.23-pre3-testplatform,net/8021q/vlan_dev,2934
linux-2.4.23-pre3-testplatform,net/sunrpc/xdr,1324
linux-2.4.23-pre3-testplatform,net/sunrpc/auth_null,268
linux-2.4.23-pre3-testplatform,net/sunrpc/timer,128
linux-2.4.23-pre3-testplatform,net/sunrpc/auth,660
linux-2.4.23-pre3-testplatform,net/sunrpc/clnt,3416
linux-2.4.23-pre3-testplatform,net/sunrpc/svcsock,4020
linux-2.4.23-pre3-testplatform,net/sunrpc/xprt,4773
linux-2.4.23-pre3-testplatform,net/sunrpc/pmap_clnt,625
linux-2.4.23-pre3-testplatform,net/sunrpc/svcauth,472
linux-2.4.23-pre3-testplatform,net/sunrpc/auth_unix,674
linux-2.4.23-pre3-testplatform,net/sunrpc/sched,3380
linux-2.4.23-pre3-testplatform,net/sunrpc/svc,1625
linux-2.4.23-pre3-testplatform,net/sunrpc/sunrpc_syms,0
linux-2.4.23-pre3-testplatform,net/sched/sch_generic,1850
linux-2.4.23-pre3-testplatform,net/netlink/af_netlink,3224
linux-2.4.23-pre3-testplatform,net/ipv4/tcp_output,6884
linux-2.4.23-pre3-testplatform,net/ipv4/tcp_ipv4,9869
linux-2.4.23-pre3-testplatform,net/ipv4/tcp,11833
linux-2.4.23-pre3-testplatform,net/ipv4/route,7608
linux-2.4.23-pre3-testplatform,net/ipv4/ip_input,551
linux-2.4.23-pre3-testplatform,net/ipv4/sysctl_net_ipv4,0
linux-2.4.23-pre3-testplatform,net/ipv4/ip_options,2262
linux-2.4.23-pre3-testplatform,net/ipv4/tcp_timer,2622
linux-2.4.23-pre3-testplatform,net/ipv4/fib_hash,2589
linux-2.4.23-pre3-testplatform,net/ipv4/icmp,2982
linux-2.4.23-pre3-testplatform,net/ipv4/ip_fragment,2305
linux-2.4.23-pre3-testplatform,net/ipv4/proc,2554
linux-2.4.23-pre3-testplatform,net/ipv4/fib_semantics,2210
linux-2.4.23-pre3-testplatform,net/ipv4/igmp,7242
linux-2.4.23-pre3-testplatform,net/ipv4/fib_frontend,1876
linux-2.4.23-pre3-testplatform,net/ipv4/udp,3876
linux-2.4.23-pre3-testplatform,net/ipv4/af_inet,3957
linux-2.4.23-pre3-testplatform,net/ipv4/utils,52
linux-2.4.23-pre3-testplatform,net/ipv4/inetpeer,1346
linux-2.4.23-pre3-testplatform,net/ipv4/ip_forward,304
linux-2.4.23-pre3-testplatform,net/ipv4/protocol,370
linux-2.4.23-pre3-testplatform,net/ipv4/tcp_diag,2350
linux-2.4.23-pre3-testplatform,net/ipv4/tcp_input,15520
linux-2.4.23-pre3-testplatform,net/ipv4/ip_output,3243
linux-2.4.23-pre3-testplatform,net/ipv4/ip_sockglue,3520
linux-2.4.23-pre3-testplatform,net/ipv4/tcp_minisocks,3139
linux-2.4.23-pre3-testplatform,net/ipv4/raw,2572
linux-2.4.23-pre3-testplatform,net/ipv4/devinet,4075
linux-2.4.23-pre3-testplatform,net/ipv4/arp,3540
linux-2.4.23-pre3-testplatform,init/main,1090
linux-2.4.23-pre3-testplatform,init/do_mounts,3414
linux-2.4.23-pre3-testplatform,init/version,501
linux-2.4.23-pre3-testplatform,drivers/block/genhd,158
linux-2.4.23-pre3-testplatform,drivers/block/blkpg,800
linux-2.4.23-pre3-testplatform,drivers/block/ll_rw_blk,4073
linux-2.4.23-pre3-testplatform,drivers/block/elevator,472
linux-2.4.23-pre3-testplatform,drivers/net/loopback,272
linux-2.4.23-pre3-testplatform,drivers/net/net_init,551
linux-2.4.23-pre3-testplatform,drivers/net/Space,3360
linux-2.4.23-pre3-testplatform,drivers/net/auto_irq,48
linux-2.4.23-pre3-testplatform,drivers/net/setup,36
linux-2.4.23-pre3-testplatform,drivers/char/n_tty,3495
linux-2.4.23-pre3-testplatform,drivers/char/random,3820
linux-2.4.23-pre3-testplatform,drivers/char/mem,1988
linux-2.4.23-pre3-testplatform,drivers/char/tty_io,8251
linux-2.4.23-pre3-testplatform,drivers/char/pty,1335
linux-2.4.23-pre3-testplatform,drivers/char/tty_ioctl,1335
linux-2.4.23-pre3-testplatform,drivers/char/raw,1044
linux-2.4.23-pre3-testplatform,drivers/char/misc,680
linux-2.4.23-pre3-testplatform,kernel/sys,2907
linux-2.4.23-pre3-testplatform,kernel/resource,873
linux-2.4.23-pre3-testplatform,kernel/softirq,1518
linux-2.4.23-pre3-testplatform,kernel/signal,2675
linux-2.4.23-pre3-testplatform,kernel/fork,2561
linux-2.4.23-pre3-testplatform,kernel/acct,6
linux-2.4.23-pre3-testplatform,kernel/itimer,452
linux-2.4.23-pre3-testplatform,kernel/timer,2097
linux-2.4.23-pre3-testplatform,kernel/context,531
linux-2.4.23-pre3-testplatform,kernel/exit,1691
linux-2.4.23-pre3-testplatform,kernel/dma,12
linux-2.4.23-pre3-testplatform,kernel/module,755
linux-2.4.23-pre3-testplatform,kernel/ptrace,864
linux-2.4.23-pre3-testplatform,kernel/capability,64
linux-2.4.23-pre3-testplatform,kernel/printk,1592
linux-2.4.23-pre3-testplatform,kernel/kmod,532
linux-2.4.23-pre3-testplatform,kernel/exec_domain,591
linux-2.4.23-pre3-testplatform,kernel/sched,3069
linux-2.4.23-pre3-testplatform,kernel/time,1100
linux-2.4.23-pre3-testplatform,kernel/info,192
linux-2.4.23-pre3-testplatform,kernel/user,176
linux-2.4.23-pre3-testplatform,kernel/panic,530
linux-2.4.23-pre3-testplatform,kernel/sysctl,72
linux-2.4.23-pre3-testplatform,ipc/sem,3379
linux-2.4.23-pre3-testplatform,ipc/util,715
linux-2.4.23-pre3-testplatform,ipc/shm,2279
linux-2.4.23-pre3-testplatform,ipc/msg,1922
lwip-0.5.3.preproc,proj/unixsim/simhost,334
lwip-0.5.3.preproc,proj/unixsim/simnode,310
lwip-0.5.3.preproc,proj/unixsim/apps/fs,39804
lwip-0.5.3.preproc,proj/unixsim/apps/udpecho,124
lwip-0.5.3.preproc,proj/unixsim/apps/shell,7861
lwip-0.5.3.preproc,proj/unixsim/apps/httpd,543
lwip-0.5.3.preproc,proj/unixsim/apps/tcpecho,112
lwip-0.5.3.preproc,proj/unixsim/simrouter,454
lwip-0.5.3.preproc,src/netif/tcpdump,839
lwip-0.5.3.preproc,src/netif/loopif,80
lwip-0.5.3.preproc,src/netif/arp,676
lwip-0.5.3.preproc,src/core/tcp_output,1752
lwip-0.5.3.preproc,src/core/sys,250
lwip-0.5.3.preproc,src/core/tcp,2035
lwip-0.5.3.preproc,src/core/pbuf,1048
lwip-0.5.3.preproc,src/core/inet,250
lwip-0.5.3.preproc,src/core/stats,16
lwip-0.5.3.preproc,src/core/udp,696
lwip-0.5.3.preproc,src/core/mem,820
lwip-0.5.3.preproc,src/core/memp,644
lwip-0.5.3.preproc,src/core/tcp_input,3068
lwip-0.5.3.preproc,src/core/netif,200
lwip-0.5.3.preproc,src/core/ipv4/ip_addr,4
lwip-0.5.3.preproc,src/core/ipv4/icmp,492
lwip-0.5.3.preproc,src/core/ipv4/ip,900
lwip-0.5.3.preproc,src/api/err,0
lwip-0.5.3.preproc,src/api/api_msg,1200
lwip-0.5.3.preproc,src/api/api_lib,1462
lwip-0.5.3.preproc,src/api/tcpip,248
lwip-0.5.3.preproc,src/api/sockets,820
mpeg2dec-0.3.1,libvo/video_out_sdl,613
mpeg2dec-0.3.1,libvo/video_out_pgm,361
mpeg2dec-0.3.1,libvo/video_out_dx,0
mpeg2dec-0.3.1,libvo/video_out_null,148
mpeg2dec-0.3.1,libvo/video_out,146
mpeg2dec-0.3.1,libvo/video_out_x11,0
mpeg2dec-0.3.1,libvo/yuv2rgb,3648
mpeg2dec-0.3.1,libvo/yuv2rgb_mmx,0
mpeg2dec-0.3.1,libvo/yuv2rgb_mlib,0
mpeg2dec-0.3.1,src/getopt,2300
mpeg2dec-0.3.1,src/gettimeofday,0
mpeg2dec-0.3.1,src/extract_mpeg2,2572
mpeg2dec-0.3.1,src/mpeg2dec,3574
mpeg2dec-0.3.1,libmpeg2/idct_alpha,0
mpeg2dec-0.3.1,libmpeg2/cpu_accel,4
mpeg2dec-0.3.1,libmpeg2/motion_comp,4228
mpeg2dec-0.3.1,libmpeg2/motion_comp_alpha,0
mpeg2dec-0.3.1,libmpeg2/cpu_state,2
mpeg2dec-0.3.1,libmpeg2/idct_mmx,0
mpeg2dec-0.3.1,libmpeg2/decode,1632
mpeg2dec-0.3.1,libmpeg2/slice,13944
mpeg2dec-0.3.1,libmpeg2/idct_mlib,0
mpeg2dec-0.3.1,libmpeg2/idct_altivec,0
mpeg2dec-0.3.1,libmpeg2/motion_comp_mlib,0
mpeg2dec-0.3.1,libmpeg2/idct,1216
mpeg2dec-0.3.1,libmpeg2/header,3272
mpeg2dec-0.3.1,libmpeg2/motion_comp_altivec,0
mpeg2dec-0.3.1,libmpeg2/motion_comp_mmx,0
mpeg2dec-0.3.1,libmpeg2/alloc,88
mpgcut-1.1,mpgcut,8679
OpenTCP-1.0.4,bootp/bootp,968
OpenTCP-1.0.4,system,740
OpenTCP-1.0.4,tcp,3890
OpenTCP-1.0.4,smtp/smtp_client,1584
OpenTCP-1.0.4,smtp/smtpc_callbacks,22
OpenTCP-1.0.4,dns/dns,968
OpenTCP-1.0.4,icmp,260
OpenTCP-1.0.4,timers,176
OpenTCP-1.0.4,ethernet,1456
OpenTCP-1.0.4,pop3/pop3_client,2623
OpenTCP-1.0.4,pop3/pop3c_callbacks,20
OpenTCP-1.0.4,ip,1316
OpenTCP-1.0.4,udp,1082
OpenTCP-1.0.4,dhcp/dhcpc,1748
OpenTCP-1.0.4,demo/udp_demo,184
OpenTCP-1.0.4,demo/main_demo,212
OpenTCP-1.0.4,demo/tcp_client_demo,284
OpenTCP-1.0.4,demo/tcp_server_demo,248
OpenTCP-1.0.4,tftp/tftps,592
OpenTCP-1.0.4,http/https_callbacks,584
OpenTCP-1.0.4,http/http_server,960
OpenTCP-1.0.4,arp,1685
replaypc-0.4.0.preproc,dump-addressbook,365
replaypc-0.4.0.preproc,zipcode,347
replaypc-0.4.0.preproc,dump-guide,338
replaypc-0.4.0.preproc,rddnsclient,942
replaypc-0.4.0.preproc,headend,1530
replaypc-0.4.0.preproc,ndx-dump,3240
replaypc-0.4.0.preproc,addressbook,555
replaypc-0.4.0.preproc,rtv,524
replaypc-0.4.0.preproc,ndx,361
replaypc-0.4.0.preproc,dump-cg2,367
replaypc-0.4.0.preproc,dump-filedarray,388
replaypc-0.4.0.preproc,un-protect,1070
replaypc-0.4.0.preproc,dump-programset,497
replaypc-0.4.0.preproc,dump-channelset,268
replaypc-0.4.0.preproc,crypt-test,911
replaypc-0.4.0.preproc,guide,6034
replaypc-0.4.0.preproc,httpfsclient,1622
replaypc-0.4.0.preproc,program,4342
replaypc-0.4.0.preproc,bigfile,114
replaypc-0.4.0.preproc,rtvguide,1410
replaypc-0.4.0.preproc,httpclient,1668
replaypc-0.4.0.preproc,find-GOPs,156
replaypc-0.4.0.preproc,sleep,10
replaypc-0.4.0.preproc,cg,1591
replaypc-0.4.0.preproc,dump-replayshows,224
replaypc-0.4.0.preproc,rddns,433
replaypc-0.4.0.preproc,dump-replaychannels,234
replaypc-0.4.0.preproc,dump-headend,238
replaypc-0.4.0.preproc,channelset,159
replaypc-0.4.0.preproc,crypt,696
replaypc-0.4.0.preproc,mark-commercial,1750
replaypc-0.4.0.preproc,httpfs,5102
replaypc-0.4.0.preproc,filedarray,190
replaypc-0.4.0.preproc,build-ndx,336
replaypc-0.4.0.preproc,version-test,130
replaypc-0.4.0.preproc,dump,1210
replaypc-0.4.0.preproc,dump-zipcode2,210
replaypc-0.4.0.preproc,ReplayPC,3540
replaypc-0.4.0.preproc,guideclient,525
teem-1.6.0-src,src/air/sane,3142
teem-1.6.0-src,src/air/string,816
teem-1.6.0-src,src/air/754,1463
teem-1.6.0-src,src/air/array,430
teem-1.6.0-src,src/air/parseAir,4646
teem-1.6.0-src,src/air/threadAir,997
teem-1.6.0-src,src/air/endianAir,1338
teem-1.6.0-src,src/air/dio,1852
teem-1.6.0-src,src/air/enum,556
teem-1.6.0-src,src/air/miscAir,3572
teem-1.6.0-src,src/air/mop,1367
teem-1.6.0-src,src/air/test/doubleprint,562
teem-1.6.0-src,src/air/test/floatprint,548
teem-1.6.0-src,src/air/test/tline,373
teem-1.6.0-src,src/air/test/fp,1510
teem-1.6.0-src,src/air/test/tmop,555
teem-1.6.0-src,src/air/test/tok,262
teem-1.6.0-src,src/limn/hestLimn,966
teem-1.6.0-src,src/limn/qn,2537
teem-1.6.0-src,src/limn/splineEval,5449
teem-1.6.0-src,src/limn/splineMethods,4339
teem-1.6.0-src,src/limn/renderLimn,2819
teem-1.6.0-src,src/limn/obj,668
teem-1.6.0-src,src/limn/shapes,3308
teem-1.6.0-src,src/limn/methodsLimn,192
teem-1.6.0-src,src/limn/transform,2733
teem-1.6.0-src,src/limn/cam,4666
teem-1.6.0-src,src/limn/light,746
teem-1.6.0-src,src/limn/splineMisc,14257
teem-1.6.0-src,src/limn/env,1096
teem-1.6.0-src,src/limn/io,705
teem-1.6.0-src,src/limn/test/soid,3321
teem-1.6.0-src,src/limn/test/tps,2340
teem-1.6.0-src,src/limn/test/tcam,1156
teem-1.6.0-src,src/limn/test/tbc,1572
teem-1.6.0-src,src/limn/test/tcamanim,3067
teem-1.6.0-src,src/limn/test/light,440
teem-1.6.0-src,src/limn/test/map,254
teem-1.6.0-src,src/limn/test/tspline,1917
teem-1.6.0-src,src/limn/defaultsLimn,13
teem-1.6.0-src,src/bane/gkmsFlotsam,2882
teem-1.6.0-src,src/bane/trex,342
teem-1.6.0-src,src/bane/methodsBane,527
teem-1.6.0-src,src/bane/clip,1431
teem-1.6.0-src,src/bane/gkmsHvol,2702
teem-1.6.0-src,src/bane/gkmsScat,1460
teem-1.6.0-src,src/bane/valid,2218
teem-1.6.0-src,src/bane/gkmsMite,1112
teem-1.6.0-src,src/bane/gkmsOpac,3061
teem-1.6.0-src,src/bane/gkmsTxf,2912
teem-1.6.0-src,src/bane/hvol,6293
teem-1.6.0-src,src/bane/scat,693
teem-1.6.0-src,src/bane/measr,1694
teem-1.6.0-src,src/bane/trnsf,4055
teem-1.6.0-src,src/bane/gkmsPvg,2862
teem-1.6.0-src,src/bane/gkmsInfo,1257
teem-1.6.0-src,src/bane/defaultsBane,29
teem-1.6.0-src,src/bane/test/sigma,141
teem-1.6.0-src,src/bane/test/pos,525
teem-1.6.0-src,src/bane/test/tblah,953
teem-1.6.0-src,src/bane/test/opac,426
teem-1.6.0-src,src/bane/test/tinfo,469
teem-1.6.0-src,src/bane/inc,3625
teem-1.6.0-src,src/bane/rangeBane,1705
teem-1.6.0-src,src/alan/methodsAlan,1980
teem-1.6.0-src,src/alan/coreAlan,3727
teem-1.6.0-src,src/alan/enumsAlan,2480
teem-1.6.0-src,src/alan/test/tspot,879
teem-1.6.0-src,src/echo/sqd,6773
teem-1.6.0-src,src/echo/set,816
teem-1.6.0-src,src/echo/renderEcho,4342
teem-1.6.0-src,src/echo/bounds,5759
teem-1.6.0-src,src/echo/matter,296
teem-1.6.0-src,src/echo/methodsEcho,473
teem-1.6.0-src,src/echo/model,1064
teem-1.6.0-src,src/echo/intx,12634
teem-1.6.0-src,src/echo/enumsEcho,13165
teem-1.6.0-src,src/echo/list,1156
teem-1.6.0-src,src/echo/color,7392
teem-1.6.0-src,src/echo/lightEcho,637
teem-1.6.0-src,src/echo/objmethods,1048
teem-1.6.0-src,src/echo/test/test,882
teem-1.6.0-src,src/echo/test/trend,6849
teem-1.6.0-src,src/nrrd/methodsNrrd,3585
teem-1.6.0-src,src/nrrd/endianNrrd,499
teem-1.6.0-src,src/nrrd/format,640
teem-1.6.0-src,src/nrrd/simple,4119
teem-1.6.0-src,src/nrrd/encodingRaw,1784
teem-1.6.0-src,src/nrrd/encodingGzip,605
teem-1.6.0-src,src/nrrd/range,512
teem-1.6.0-src,src/nrrd/apply1D,7058
teem-1.6.0-src,src/nrrd/histogram,5441
teem-1.6.0-src,src/nrrd/hestNrrd,1027
teem-1.6.0-src,src/nrrd/keyvalue,605
teem-1.6.0-src,src/nrrd/measure,7736
teem-1.6.0-src,src/nrrd/formatPNG,674
teem-1.6.0-src,src/nrrd/encoding,620
teem-1.6.0-src,src/nrrd/winKernel,18828
teem-1.6.0-src,src/nrrd/gzio,0
teem-1.6.0-src,src/nrrd/encodingBzip2,530
teem-1.6.0-src,src/nrrd/reorder,7840
teem-1.6.0-src,src/nrrd/cc,8958
teem-1.6.0-src,src/nrrd/write,3626
teem-1.6.0-src,src/nrrd/comment,335
teem-1.6.0-src,src/nrrd/axis,2448
teem-1.6.0-src,src/nrrd/convertNrrd,2760
teem-1.6.0-src,src/nrrd/tmfKernel,115581
teem-1.6.0-src,src/nrrd/arraysNrrd,2364
teem-1.6.0-src,src/nrrd/formatText,2470
teem-1.6.0-src,src/nrrd/formatNRRD,3268
teem-1.6.0-src,src/nrrd/resampleNrrd,5648
teem-1.6.0-src,src/nrrd/enumsNrrd,86275
teem-1.6.0-src,src/nrrd/subset,2188
teem-1.6.0-src,src/nrrd/kernel,22082
teem-1.6.0-src,src/nrrd/defaultsNrrd,659
teem-1.6.0-src,src/nrrd/filt,4842
teem-1.6.0-src,src/nrrd/map,4587
teem-1.6.0-src,src/nrrd/formatPNM,2615
teem-1.6.0-src,src/nrrd/formatVTK,5007
teem-1.6.0-src,src/nrrd/superset,3948
teem-1.6.0-src,src/nrrd/iter,491
teem-1.6.0-src,src/nrrd/read,2479
teem-1.6.0-src,src/nrrd/encodingAscii,1353
teem-1.6.0-src,src/nrrd/encodingHex,1472
teem-1.6.0-src,src/nrrd/test/tread,252
teem-1.6.0-src,src/nrrd/test/typestest,372
teem-1.6.0-src,src/nrrd/test/minmax,268
teem-1.6.0-src,src/nrrd/test/convo,1637
teem-1.6.0-src,src/nrrd/test/tkernel,1687
teem-1.6.0-src,src/nrrd/test/tline,310
teem-1.6.0-src,src/nrrd/test/trand,149
teem-1.6.0-src,src/nrrd/test/kv,327
teem-1.6.0-src,src/nrrd/test/ax,2811
teem-1.6.0-src,src/nrrd/test/io,341
teem-1.6.0-src,src/nrrd/test/quadvol,1557
teem-1.6.0-src,src/nrrd/test/genvol,1491
teem-1.6.0-src,src/nrrd/ccmethods,1016
teem-1.6.0-src,src/nrrd/parseNrrd,5646
teem-1.6.0-src,src/nrrd/accessors,5419
teem-1.6.0-src,src/nrrd/formatEPS,2257
teem-1.6.0-src,src/nrrd/arith,4823
teem-1.6.0-src,src/hoover/defaultsHoover,19
teem-1.6.0-src,src/hoover/rays,3243
teem-1.6.0-src,src/hoover/stub,44
teem-1.6.0-src,src/hoover/methodsHoover,1590
teem-1.6.0-src,src/hest/methodsHest,1849
teem-1.6.0-src,src/hest/usage,2218
teem-1.6.0-src,src/hest/parseHest,10134
teem-1.6.0-src,src/hest/defaultsHest,12
teem-1.6.0-src,src/hest/test/strings,1087
teem-1.6.0-src,src/hest/test/ex0,401
teem-1.6.0-src,src/hest/test/ex3,1438
teem-1.6.0-src,src/hest/test/bday,966
teem-1.6.0-src,src/hest/test/ex5,721
teem-1.6.0-src,src/hest/test/ex4,1036
teem-1.6.0-src,src/hest/test/ex2,948
teem-1.6.0-src,src/hest/test/ex1,1055
teem-1.6.0-src,src/biff/test/test,212
teem-1.6.0-src,src/biff/biff,2147
teem-1.6.0-src,src/ten/tendShrink,916
teem-1.6.0-src,src/ten/tendSim,1308
teem-1.6.0-src,src/ten/defaultsTen,60
teem-1.6.0-src,src/ten/mod,2665
teem-1.6.0-src,src/ten/tendEvec,1598
teem-1.6.0-src,src/ten/tendMake,929
teem-1.6.0-src,src/ten/tendPoint,1484
teem-1.6.0-src,src/ten/chan,7533
teem-1.6.0-src,src/ten/tendAnhist,1127
teem-1.6.0-src,src/ten/tendEllipse,2329
teem-1.6.0-src,src/ten/tendSatin,5000
teem-1.6.0-src,src/ten/tendEpireg,4336
teem-1.6.0-src,src/ten/tendEvq,2129
teem-1.6.0-src,src/ten/tendEvaladd,944
teem-1.6.0-src,src/ten/tendSlice,969
teem-1.6.0-src,src/ten/tendEvalclamp,1232
teem-1.6.0-src,src/ten/glyph,4367
teem-1.6.0-src,src/ten/tendBmat,1297
teem-1.6.0-src,src/ten/tendAnplot,1601
teem-1.6.0-src,src/ten/tensor,5754
teem-1.6.0-src,src/ten/fiber,4038
teem-1.6.0-src,src/ten/tenGage,3277
teem-1.6.0-src,src/ten/tendSten,1302
teem-1.6.0-src,src/ten/tendFiber,2520
teem-1.6.0-src,src/ten/enumsTen,26181
teem-1.6.0-src,src/ten/tendEval,1556
teem-1.6.0-src,src/ten/tendEvecrgb,1839
teem-1.6.0-src,src/ten/tendEstim,3761
teem-1.6.0-src,src/ten/tendFlotsam,1254
teem-1.6.0-src,src/ten/tendGlyph,6400
teem-1.6.0-src,src/ten/fiberMethods,2481
teem-1.6.0-src,src/ten/miscTen,3173
teem-1.6.0-src,src/ten/tendNorm,1253
teem-1.6.0-src,src/ten/tendAnscale,1331
teem-1.6.0-src,src/ten/tendAnvol,1457
teem-1.6.0-src,src/ten/aniso,3227
teem-1.6.0-src,src/ten/tendEvalpow,855
teem-1.6.0-src,src/ten/test/tg,2339
teem-1.6.0-src,src/ten/test/tem,976
teem-1.6.0-src,src/ten/test/tt,2622
teem-1.6.0-src,src/ten/bimod,5385
teem-1.6.0-src,src/ten/tendExpand,1408
teem-1.6.0-src,src/ten/epireg,11967
teem-1.6.0-src,src/moss/hestMoss,1046
teem-1.6.0-src,src/moss/methodsMoss,948
teem-1.6.0-src,src/moss/sampler,1969
teem-1.6.0-src,src/moss/xform,2866
teem-1.6.0-src,src/moss/defaultsMoss,17
teem-1.6.0-src,src/moss/test/invert,296
teem-1.6.0-src,src/unrrdu/gamma,1286
teem-1.6.0-src,src/unrrdu/ccsettle,994
teem-1.6.0-src,src/unrrdu/axsplit,1080
teem-1.6.0-src,src/unrrdu/swap,821
teem-1.6.0-src,src/unrrdu/unquantize,1111
teem-1.6.0-src,src/unrrdu/flotsam,2622
teem-1.6.0-src,src/unrrdu/imap,2390
teem-1.6.0-src,src/unrrdu/jhisto,2501
teem-1.6.0-src,src/unrrdu/join,1428
teem-1.6.0-src,src/unrrdu/data,1248
teem-1.6.0-src,src/unrrdu/block,1094
teem-1.6.0-src,src/unrrdu/cmedian,2436
teem-1.6.0-src,src/unrrdu/ccadj,1129
teem-1.6.0-src,src/unrrdu/inset,1309
teem-1.6.0-src,src/unrrdu/resample,3294
teem-1.6.0-src,src/unrrdu/unblock,1098
teem-1.6.0-src,src/unrrdu/minmax,1094
teem-1.6.0-src,src/unrrdu/project,1833
teem-1.6.0-src,src/unrrdu/head,1374
teem-1.6.0-src,src/unrrdu/permute,973
teem-1.6.0-src,src/unrrdu/ccmerge,2567
teem-1.6.0-src,src/unrrdu/1op,1603
teem-1.6.0-src,src/unrrdu/ccfind,1649
teem-1.6.0-src,src/unrrdu/lut,1997
teem-1.6.0-src,src/unrrdu/crop,1336
teem-1.6.0-src,src/unrrdu/rmap,2437
teem-1.6.0-src,src/unrrdu/axdelete,1370
teem-1.6.0-src,src/unrrdu/histo,1438
teem-1.6.0-src,src/unrrdu/flip,782
teem-1.6.0-src,src/unrrdu/convert,1116
teem-1.6.0-src,src/unrrdu/slice,1201
teem-1.6.0-src,src/unrrdu/2op,2118
teem-1.6.0-src,src/unrrdu/dice,1710
teem-1.6.0-src,src/unrrdu/save,2654
teem-1.6.0-src,src/unrrdu/3op,2240
teem-1.6.0-src,src/unrrdu/axinfo,1349
teem-1.6.0-src,src/unrrdu/axmerge,1299
teem-1.6.0-src,src/unrrdu/histax,1259
teem-1.6.0-src,src/unrrdu/pad,1692
teem-1.6.0-src,src/unrrdu/dhisto,1286
teem-1.6.0-src,src/unrrdu/reshape,950
teem-1.6.0-src,src/unrrdu/shuffle,1576
teem-1.6.0-src,src/unrrdu/axinsert,1053
teem-1.6.0-src,src/unrrdu/splice,1329
teem-1.6.0-src,src/unrrdu/make,6266
teem-1.6.0-src,src/unrrdu/quantize,1562
teem-1.6.0-src,src/unrrdu/about,2711
teem-1.6.0-src,src/unrrdu/heq,1993
teem-1.6.0-src,src/mite/renderMite,1021
teem-1.6.0-src,src/mite/ray,3658
teem-1.6.0-src,src/mite/txf,7003
teem-1.6.0-src,src/mite/thread,250
teem-1.6.0-src,src/mite/user,803
teem-1.6.0-src,src/mite/defaultsMite,33
teem-1.6.0-src,src/hex/dehex,1219
teem-1.6.0-src,src/hex/enhex,705
teem-1.6.0-src,src/dye/methodsDye,1870
teem-1.6.0-src,src/dye/test/bow,534
teem-1.6.0-src,src/dye/test/conv,352
teem-1.6.0-src,src/dye/convertDye,3120
teem-1.6.0-src,src/gage/sclprint,853
teem-1.6.0-src,src/gage/vecGage,13484
teem-1.6.0-src,src/gage/sclfilter,9097
teem-1.6.0-src,src/gage/scl,19232
teem-1.6.0-src,src/gage/update,4112
teem-1.6.0-src,src/gage/ctx,4000
teem-1.6.0-src,src/gage/print,5253
teem-1.6.0-src,src/gage/filter,2983
teem-1.6.0-src,src/gage/st,2947
teem-1.6.0-src,src/gage/sclanswer,6809
teem-1.6.0-src,src/gage/vecprint,48
teem-1.6.0-src,src/gage/defaultsGage,53
teem-1.6.0-src,src/gage/pvl,1331
teem-1.6.0-src,src/gage/miscGage,5191
teem-1.6.0-src,src/gage/shape,2772
teem-1.6.0-src,src/ell/miscEll,987
teem-1.6.0-src,src/ell/genmat,2787
teem-1.6.0-src,src/ell/vecEll,1444
teem-1.6.0-src,src/ell/eigen,4236
teem-1.6.0-src,src/ell/quat,14746
teem-1.6.0-src,src/ell/cubicEll,1956
teem-1.6.0-src,src/ell/mat,24292
teem-1.6.0-src,src/ell/test/sort3,614
teem-1.6.0-src,src/ell/test/invert,621
teem-1.6.0-src,src/ell/test/tq,5187
ttt-0.10.1.preproc,src/engine,1464
ttt-0.10.1.preproc,src/parse,991
ttt-0.10.1.preproc,src/main,949
ttt-0.10.1.preproc,src/util,1692
ttt-0.10.1.preproc,src/ttt,4221
ttt-0.10.1.preproc,src/connect4,2913
unrarlib-0.4.0,samples/unix/getfile/getfile,725
unrarlib-0.4.0,samples/unix/listarchive/listarchive,910
unrarlib-0.4.0,unrarlib/unrarlib,9316
zlib-1.1.4,compress,114
zlib-1.1.4,crc32,1240
zlib-1.1.4,zutil,203
zlib-1.1.4,inffast,826
zlib-1.1.4,uncompr,94
zlib-1.1.4,adler32,228
zlib-1.1.4,deflate,4149
zlib-1.1.4,inftrees,6320
zlib-1.1.4,gzio,2491
zlib-1.1.4,trees,7400
zlib-1.1.4,inflate,1307
zlib-1.1.4,infutil,248
zlib-1.1.4,infblock,1918
zlib-1.1.4,infcodes,1214
