size
"2",,"","","","","arm-none-eabi-gcc (GCC) 6.1.0"
"","-Os -std=gnu89 -mthumb -mcpu=arm966e-s -mno-thumb-interwork"
bzip2-1.0.2,compress,6491
bzip2-1.0.2,huffman,916
bzip2-1.0.2,blocksort,5103
bzip2-1.0.2,crctable,1024
bzip2-1.0.2,decompress,7051
bzip2-1.0.2,bzip2,14221
bzip2-1.0.2,randtable,2048
bzip2-1.0.2,bzip2recover,2861
bzip2-1.0.2,bzlib,8491
cg_compiler_opensrc,cpp,4946
cg_compiler_opensrc,parser,13519
cg_compiler_opensrc,atom,2840
cg_compiler_opensrc,constfold,3416
cg_compiler_opensrc,printutils,7835
cg_compiler_opensrc,cgstruct,92
cg_compiler_opensrc,binding,1039
cg_compiler_opensrc,symbols,4853
cg_compiler_opensrc,compile,9618
cg_compiler_opensrc,memory,354
cg_compiler_opensrc,tokenize,550
cg_compiler_opensrc,inline,2118
cg_compiler_opensrc,semantic,3454
cg_compiler_opensrc,scanner,4583
cg_compiler_opensrc,stdlib,3222
cg_compiler_opensrc,support,18643
cg_compiler_opensrc,check,2577
cg_compiler_opensrc,tokens,2229
cg_compiler_opensrc,cgcmain,1959
cg_compiler_opensrc,support_iter,1458
cg_compiler_opensrc,hal,1943
cg_compiler_opensrc,generic_hal,2131
compiler,main,1890
compiler,parser,3756
compiler,scanner,2815
compiler,cg,2003
compiler,vam,3269
compiler,vas,5674
flex-2.5.31,parse,7066
flex-2.5.31,skel,94034
flex-2.5.31,tables,1513
flex-2.5.31,libmain,12
flex-2.5.31,regex,419
flex-2.5.31,main,15838
flex-2.5.31,ecs,392
flex-2.5.31,scan,37980
flex-2.5.31,tblcmp,2596
flex-2.5.31,sym,715
flex-2.5.31,ccl,732
flex-2.5.31,yylex,764
flex-2.5.31,nfa,2848
flex-2.5.31,filter,1749
flex-2.5.31,buf,723
flex-2.5.31,gen,20130
flex-2.5.31,tables_shared,22
flex-2.5.31,options,2610
flex-2.5.31,libyywrap,4
flex-2.5.31,dfa,5266
flex-2.5.31,scanopt,2522
flex-2.5.31,misc,4290
jikespg-1.3,src/ctabs,41576
jikespg-1.3,src/main,5227
jikespg-1.3,src/mkfirst,11384
jikespg-1.3,src/mkstates,2238
jikespg-1.3,src/spacetab,15576
jikespg-1.3,src/partset,1256
jikespg-1.3,src/tabutil,9918
jikespg-1.3,src/prntstat,2468
jikespg-1.3,src/lpgparse,36633
jikespg-1.3,src/timetab,7648
jikespg-1.3,src/remsp,5958
jikespg-1.3,src/globals,264
jikespg-1.3,src/resolve,9096
jikespg-1.3,src/mkred,5304
jikespg-1.3,src/produce,8381
jikespg-1.3,src/ptables,2619
jikespg-1.3,src/lpgutil,3435
jpeg-6b,wrjpgcom,2763
jpeg-6b,jcdctmgr,1120
jpeg-6b,jddctmgr,692
jpeg-6b,jerror,5386
jpeg-6b,jdmainct,1292
jpeg-6b,jidctfst,772
jpeg-6b,jfdctfst,350
jpeg-6b,jfdctint,604
jpeg-6b,jidctint,1052
jpeg-6b,jdmarker,4728
jpeg-6b,rdgif,81
jpeg-6b,jctrans,1148
jpeg-6b,djpeg,5419
jpeg-6b,jdapistd,722
jpeg-6b,wrrle,0
jpeg-6b,jdtrans,270
jpeg-6b,jccolor,1208
jpeg-6b,cjpeg,5069
jpeg-6b,wrgif,1752
jpeg-6b,jcparam,2512
jpeg-6b,jchuff,2528
jpeg-6b,jdcolor,912
jpeg-6b,jcomapi,106
jpeg-6b,jdphuff,2412
jpeg-6b,jccoefct,1496
jpeg-6b,jcapimin,600
jpeg-6b,rdcolmap,1048
jpeg-6b,jdpostct,612
jpeg-6b,transupp,3468
jpeg-6b,jdhuff,2052
jpeg-6b,wrtarga,704
jpeg-6b,jcsample,1696
jpeg-6b,jdatasrc,228
jpeg-6b,jcmainct,300
jpeg-6b,wrbmp,1908
jpeg-6b,rdbmp,1580
jpeg-6b,jcinit,156
jpeg-6b,rdrle,0
jpeg-6b,jquant2,3428
jpeg-6b,jdinput,976
jpeg-6b,rdjpgcom,1979
jpeg-6b,jdsample,1336
jpeg-6b,jdmaster,1416
jpeg-6b,ansi2knr,2000
jpeg-6b,jdmerge,1080
jpeg-6b,jdatadst,200
jpeg-6b,jcmaster,2016
jpeg-6b,jcapistd,374
jpeg-6b,jcprepct,1024
jpeg-6b,jpegtran,3316
jpeg-6b,jidctflt,1172
jpeg-6b,jmemnobs,64
jpeg-6b,rdswitch,1552
jpeg-6b,wrppm,462
jpeg-6b,jidctred,1064
jpeg-6b,rdppm,1292
jpeg-6b,jdcoefct,2764
jpeg-6b,jquant1,2344
jpeg-6b,jfdctflt,732
jpeg-6b,jdapimin,820
jpeg-6b,jcmarker,1524
jpeg-6b,rdtarga,1344
jpeg-6b,jcphuff,2064
jpeg-6b,jmemmgr,2366
jpeg-6b,jutils,408
jpeg-6b,cdjpeg,92
libmspack,mspack/system,538
libmspack,mspack/chmd,2636
libmspack,mspack/hlpc,6
libmspack,mspack/qtmc,0
libmspack,mspack/kwajd,6
libmspack,mspack/chmc,6
libmspack,mspack/litc,6
libmspack,mspack/qtmd,4224
libmspack,mspack/lzxc,0
libmspack,mspack/cabc,6
libmspack,mspack/litd,6
libmspack,mspack/hlpd,6
libmspack,mspack/mszipc,0
libmspack,mspack/lzxd,5296
libmspack,mspack/cabd,4344
libmspack,mspack/mszipd,22
libmspack,mspack/kwajc,6
libmspack,mspack/szddd,6
libmspack,mspack/szddc,6
libmspack,test/cabd_md5,989
libmspack,test/cabextract_md5,18318
libmspack,test/md5,2668
libmspack,test/chmd_md5,890
libmspack,test/cabrip,347
libmspack,test/cabd_test,8386
libpng-1.2.5,pngtest,5208
libpng-1.2.5,png2pnm,2141
libpng-1.2.5,pngrtran,14856
libpng-1.2.5,pngrio,277
libpng-1.2.5,pngwtran,1304
libpng-1.2.5,pngget,2120
libpng-1.2.5,pngtrans,1704
libpng-1.2.5,pngread,5442
libpng-1.2.5,pnm2png,2353
libpng-1.2.5,pngerror,699
libpng-1.2.5,png,2352
libpng-1.2.5,pngwio,317
libpng-1.2.5,pngwrite,5145
libpng-1.2.5,pngpread,5159
libpng-1.2.5,pngwutil,10173
libpng-1.2.5,pngset,5233
libpng-1.2.5,pngrutil,13019
libpng-1.2.5,pngmem,417
linux-2.4.23-pre3-testplatform,arch/testplatform/mm/init,1412
linux-2.4.23-pre3-testplatform,arch/testplatform/mm/ioremap,551
linux-2.4.23-pre3-testplatform,arch/testplatform/mm/fault,282
linux-2.4.23-pre3-testplatform,arch/testplatform/mm/extable,64
linux-2.4.23-pre3-testplatform,arch/testplatform/lib/checksum,4
linux-2.4.23-pre3-testplatform,arch/testplatform/lib/strcmp,4
linux-2.4.23-pre3-testplatform,arch/testplatform/lib/misaligned,132
linux-2.4.23-pre3-testplatform,arch/testplatform/lib/memcpy,4
linux-2.4.23-pre3-testplatform,arch/testplatform/lib/delay,4
linux-2.4.23-pre3-testplatform,arch/testplatform/lib/strncpy,4
linux-2.4.23-pre3-testplatform,arch/testplatform/lib/memset,4
linux-2.4.23-pre3-testplatform,arch/testplatform/lib/uaccess,12
linux-2.4.23-pre3-testplatform,arch/testplatform/kernel/s390_ext,472
linux-2.4.23-pre3-testplatform,arch/testplatform/kernel/sys_s390,605
linux-2.4.23-pre3-testplatform,arch/testplatform/kernel/cpcmd,2
linux-2.4.23-pre3-testplatform,arch/testplatform/kernel/init_task,9916
linux-2.4.23-pre3-testplatform,arch/testplatform/kernel/signal,2904
linux-2.4.23-pre3-testplatform,arch/testplatform/kernel/ebcdic,1536
linux-2.4.23-pre3-testplatform,arch/testplatform/kernel/entry,18
linux-2.4.23-pre3-testplatform,arch/testplatform/kernel/head,2
linux-2.4.23-pre3-testplatform,arch/testplatform/kernel/ptrace,1004
linux-2.4.23-pre3-testplatform,arch/testplatform/kernel/irq,18
linux-2.4.23-pre3-testplatform,arch/testplatform/kernel/bitmap,3
linux-2.4.23-pre3-testplatform,arch/testplatform/kernel/semaphore,180
linux-2.4.23-pre3-testplatform,arch/testplatform/kernel/time,10
linux-2.4.23-pre3-testplatform,arch/testplatform/kernel/s390fpu,16
linux-2.4.23-pre3-testplatform,arch/testplatform/kernel/debug,2914
linux-2.4.23-pre3-testplatform,arch/testplatform/kernel/needed,16
linux-2.4.23-pre3-testplatform,arch/testplatform/kernel/setup,1668
linux-2.4.23-pre3-testplatform,arch/testplatform/kernel/traps,3610
linux-2.4.23-pre3-testplatform,arch/testplatform/kernel/process,847
linux-2.4.23-pre3-testplatform,arch/testplatform/kernel/reipl,2
linux-2.4.23-pre3-testplatform,fs/char_dev,311
linux-2.4.23-pre3-testplatform,fs/namespace,3323
linux-2.4.23-pre3-testplatform,fs/xattr,596
linux-2.4.23-pre3-testplatform,fs/attr,550
linux-2.4.23-pre3-testplatform,fs/partitions/msdos,280
linux-2.4.23-pre3-testplatform,fs/partitions/check,1171
linux-2.4.23-pre3-testplatform,fs/exec,3028
linux-2.4.23-pre3-testplatform,fs/locks,5700
linux-2.4.23-pre3-testplatform,fs/iobuf,691
linux-2.4.23-pre3-testplatform,fs/binfmt_script,300
linux-2.4.23-pre3-testplatform,fs/dnotify,368
linux-2.4.23-pre3-testplatform,fs/fcntl,1150
linux-2.4.23-pre3-testplatform,fs/pipe,1786
linux-2.4.23-pre3-testplatform,fs/quota,2154
linux-2.4.23-pre3-testplatform,fs/nfsd/nfsctl,611
linux-2.4.23-pre3-testplatform,fs/nfsd/vfs,5492
linux-2.4.23-pre3-testplatform,fs/nfsd/nfscache,1331
linux-2.4.23-pre3-testplatform,fs/nfsd/nfssvc,1078
linux-2.4.23-pre3-testplatform,fs/nfsd/stats,40
linux-2.4.23-pre3-testplatform,fs/nfsd/lockd,184
linux-2.4.23-pre3-testplatform,fs/nfsd/auth,120
linux-2.4.23-pre3-testplatform,fs/nfsd/nfsproc,2899
linux-2.4.23-pre3-testplatform,fs/nfsd/export,3953
linux-2.4.23-pre3-testplatform,fs/nfsd/nfsxdr,1588
linux-2.4.23-pre3-testplatform,fs/nfsd/nfs3xdr,3356
linux-2.4.23-pre3-testplatform,fs/nfsd/nfs3proc,2582
linux-2.4.23-pre3-testplatform,fs/nfsd/nfsfh,3502
linux-2.4.23-pre3-testplatform,fs/fifo,468
linux-2.4.23-pre3-testplatform,fs/ramfs/inode,1071
linux-2.4.23-pre3-testplatform,fs/filesystems,0
linux-2.4.23-pre3-testplatform,fs/file_table,639
linux-2.4.23-pre3-testplatform,fs/block_dev,2685
linux-2.4.23-pre3-testplatform,fs/readdir,1165
linux-2.4.23-pre3-testplatform,fs/binfmt_elf,0
linux-2.4.23-pre3-testplatform,fs/inode,3481
linux-2.4.23-pre3-testplatform,fs/nfs/unlink,560
linux-2.4.23-pre3-testplatform,fs/nfs/symlink,304
linux-2.4.23-pre3-testplatform,fs/nfs/proc,1256
linux-2.4.23-pre3-testplatform,fs/nfs/write,4246
linux-2.4.23-pre3-testplatform,fs/nfs/inode,5356
linux-2.4.23-pre3-testplatform,fs/nfs/file,788
linux-2.4.23-pre3-testplatform,fs/nfs/dir,3348
linux-2.4.23-pre3-testplatform,fs/nfs/nfs3xdr,3920
linux-2.4.23-pre3-testplatform,fs/nfs/pagelist,1595
linux-2.4.23-pre3-testplatform,fs/nfs/read,1636
linux-2.4.23-pre3-testplatform,fs/nfs/flushd,352
linux-2.4.23-pre3-testplatform,fs/nfs/nfs2xdr,2924
linux-2.4.23-pre3-testplatform,fs/nfs/nfs3proc,2012
linux-2.4.23-pre3-testplatform,fs/devices,730
linux-2.4.23-pre3-testplatform,fs/lockd/svcproc,2272
linux-2.4.23-pre3-testplatform,fs/lockd/svcshare,286
linux-2.4.23-pre3-testplatform,fs/lockd/xdr,3051
linux-2.4.23-pre3-testplatform,fs/lockd/svc4proc,2204
linux-2.4.23-pre3-testplatform,fs/lockd/clntproc,2235
linux-2.4.23-pre3-testplatform,fs/lockd/svcsubs,967
linux-2.4.23-pre3-testplatform,fs/lockd/mon,862
linux-2.4.23-pre3-testplatform,fs/lockd/host,1240
linux-2.4.23-pre3-testplatform,fs/lockd/xdr4,2916
linux-2.4.23-pre3-testplatform,fs/lockd/svc,1228
linux-2.4.23-pre3-testplatform,fs/lockd/svclock,1783
linux-2.4.23-pre3-testplatform,fs/lockd/clntlock,680
linux-2.4.23-pre3-testplatform,fs/lockd/lockd_syms,0
linux-2.4.23-pre3-testplatform,fs/file,577
linux-2.4.23-pre3-testplatform,fs/jbd/commit,3466
linux-2.4.23-pre3-testplatform,fs/jbd/journal,6243
linux-2.4.23-pre3-testplatform,fs/jbd/transaction,7552
linux-2.4.23-pre3-testplatform,fs/jbd/checkpoint,2670
linux-2.4.23-pre3-testplatform,fs/jbd/revoke,1659
linux-2.4.23-pre3-testplatform,fs/jbd/recovery,1682
linux-2.4.23-pre3-testplatform,fs/bad_inode,236
linux-2.4.23-pre3-testplatform,fs/stat,432
linux-2.4.23-pre3-testplatform,fs/open,2660
linux-2.4.23-pre3-testplatform,fs/super,2330
linux-2.4.23-pre3-testplatform,fs/select,1552
linux-2.4.23-pre3-testplatform,fs/seq_file,1532
linux-2.4.23-pre3-testplatform,fs/namei,6305
linux-2.4.23-pre3-testplatform,fs/read_write,1472
linux-2.4.23-pre3-testplatform,fs/ioctl,320
linux-2.4.23-pre3-testplatform,fs/buffer,8197
linux-2.4.23-pre3-testplatform,fs/dcache,3098
linux-2.4.23-pre3-testplatform,fs/ext3/fsync,241
linux-2.4.23-pre3-testplatform,fs/ext3/ialloc,2087
linux-2.4.23-pre3-testplatform,fs/ext3/symlink,112
linux-2.4.23-pre3-testplatform,fs/ext3/inode,7717
linux-2.4.23-pre3-testplatform,fs/ext3/file,302
linux-2.4.23-pre3-testplatform,fs/ext3/balloc,3260
linux-2.4.23-pre3-testplatform,fs/ext3/bitmap,116
linux-2.4.23-pre3-testplatform,fs/ext3/dir,852
linux-2.4.23-pre3-testplatform,fs/ext3/super,8220
linux-2.4.23-pre3-testplatform,fs/ext3/namei,4923
linux-2.4.23-pre3-testplatform,fs/ext3/ioctl,575
linux-2.4.23-pre3-testplatform,mm/swap,294
linux-2.4.23-pre3-testplatform,mm/vmalloc,1611
linux-2.4.23-pre3-testplatform,mm/numa,880
linux-2.4.23-pre3-testplatform,mm/mmap,3235
linux-2.4.23-pre3-testplatform,mm/mprotect,1334
linux-2.4.23-pre3-testplatform,mm/bootmem,1227
linux-2.4.23-pre3-testplatform,mm/memory,4546
linux-2.4.23-pre3-testplatform,mm/swapfile,5020
linux-2.4.23-pre3-testplatform,mm/shmem,4927
linux-2.4.23-pre3-testplatform,mm/mlock,932
linux-2.4.23-pre3-testplatform,mm/filemap,9061
linux-2.4.23-pre3-testplatform,mm/page_io,459
linux-2.4.23-pre3-testplatform,mm/page_alloc,2983
linux-2.4.23-pre3-testplatform,mm/slab,2762
linux-2.4.23-pre3-testplatform,mm/swap_state,827
linux-2.4.23-pre3-testplatform,mm/oom_kill,483
linux-2.4.23-pre3-testplatform,mm/vmscan,1846
linux-2.4.23-pre3-testplatform,mm/mremap,1574
linux-2.4.23-pre3-testplatform,lib/string,488
linux-2.4.23-pre3-testplatform,lib/zlib_inflate/inffast,782
linux-2.4.23-pre3-testplatform,lib/zlib_inflate/inflate_syms,0
linux-2.4.23-pre3-testplatform,lib/zlib_inflate/inftrees,6165
linux-2.4.23-pre3-testplatform,lib/zlib_inflate/inflate,1722
linux-2.4.23-pre3-testplatform,lib/zlib_inflate/infutil,258
linux-2.4.23-pre3-testplatform,lib/zlib_inflate/infblock,1958
linux-2.4.23-pre3-testplatform,lib/zlib_inflate/infcodes,1342
linux-2.4.23-pre3-testplatform,lib/vsprintf,2485
linux-2.4.23-pre3-testplatform,lib/bust_spinlocks,50
linux-2.4.23-pre3-testplatform,lib/errno,0
linux-2.4.23-pre3-testplatform,lib/brlock,0
linux-2.4.23-pre3-testplatform,lib/zlib_deflate/deflate_syms,0
linux-2.4.23-pre3-testplatform,lib/zlib_deflate/deflate,3784
linux-2.4.23-pre3-testplatform,lib/zlib_deflate/deftree,6232
linux-2.4.23-pre3-testplatform,lib/dec_and_lock,0
linux-2.4.23-pre3-testplatform,lib/cmdline,170
linux-2.4.23-pre3-testplatform,lib/ctype,256
linux-2.4.23-pre3-testplatform,lib/dump_stack,70
linux-2.4.23-pre3-testplatform,lib/rbtree,642
linux-2.4.23-pre3-testplatform,lib/rwsem-spinlock,352
linux-2.4.23-pre3-testplatform,net/core/sock,2833
linux-2.4.23-pre3-testplatform,net/core/scm,668
linux-2.4.23-pre3-testplatform,net/core/iovec,664
linux-2.4.23-pre3-testplatform,net/core/skbuff,4501
linux-2.4.23-pre3-testplatform,net/core/ethtool,2300
linux-2.4.23-pre3-testplatform,net/core/datagram,1463
linux-2.4.23-pre3-testplatform,net/core/utils,197
linux-2.4.23-pre3-testplatform,net/core/dev_mcast,611
linux-2.4.23-pre3-testplatform,net/core/dst,608
linux-2.4.23-pre3-testplatform,net/core/neighbour,5761
linux-2.4.23-pre3-testplatform,net/core/dev,7442
linux-2.4.23-pre3-testplatform,net/core/rtnetlink,2293
linux-2.4.23-pre3-testplatform,net/socket,4768
linux-2.4.23-pre3-testplatform,net/802/p8023,86
linux-2.4.23-pre3-testplatform,net/ethernet/eth,501
linux-2.4.23-pre3-testplatform,net/8021q/vlan,2046
linux-2.4.23-pre3-testplatform,net/8021q/vlanproc,14
linux-2.4.23-pre3-testplatform,net/8021q/vlan_dev,2974
linux-2.4.23-pre3-testplatform,net/sunrpc/xdr,1392
linux-2.4.23-pre3-testplatform,net/sunrpc/auth_null,276
linux-2.4.23-pre3-testplatform,net/sunrpc/timer,128
linux-2.4.23-pre3-testplatform,net/sunrpc/auth,696
linux-2.4.23-pre3-testplatform,net/sunrpc/clnt,3480
linux-2.4.23-pre3-testplatform,net/sunrpc/svcsock,4116
linux-2.4.23-pre3-testplatform,net/sunrpc/xprt,5161
linux-2.4.23-pre3-testplatform,net/sunrpc/pmap_clnt,609
linux-2.4.23-pre3-testplatform,net/sunrpc/svcauth,440
linux-2.4.23-pre3-testplatform,net/sunrpc/auth_unix,678
linux-2.4.23-pre3-testplatform,net/sunrpc/sched,3428
linux-2.4.23-pre3-testplatform,net/sunrpc/svc,1617
linux-2.4.23-pre3-testplatform,net/sunrpc/sunrpc_syms,0
linux-2.4.23-pre3-testplatform,net/sched/sch_generic,1914
linux-2.4.23-pre3-testplatform,net/netlink/af_netlink,3332
linux-2.4.23-pre3-testplatform,net/ipv4/tcp_output,7516
linux-2.4.23-pre3-testplatform,net/ipv4/tcp_ipv4,10261
linux-2.4.23-pre3-testplatform,net/ipv4/tcp,12665
linux-2.4.23-pre3-testplatform,net/ipv4/route,8040
linux-2.4.23-pre3-testplatform,net/ipv4/ip_input,575
linux-2.4.23-pre3-testplatform,net/ipv4/sysctl_net_ipv4,0
linux-2.4.23-pre3-testplatform,net/ipv4/ip_options,2426
linux-2.4.23-pre3-testplatform,net/ipv4/tcp_timer,2834
linux-2.4.23-pre3-testplatform,net/ipv4/fib_hash,2657
linux-2.4.23-pre3-testplatform,net/ipv4/icmp,3102
linux-2.4.23-pre3-testplatform,net/ipv4/ip_fragment,2317
linux-2.4.23-pre3-testplatform,net/ipv4/proc,2510
linux-2.4.23-pre3-testplatform,net/ipv4/fib_semantics,2394
linux-2.4.23-pre3-testplatform,net/ipv4/igmp,7482
linux-2.4.23-pre3-testplatform,net/ipv4/fib_frontend,1864
linux-2.4.23-pre3-testplatform,net/ipv4/udp,4044
linux-2.4.23-pre3-testplatform,net/ipv4/af_inet,4217
linux-2.4.23-pre3-testplatform,net/ipv4/utils,56
linux-2.4.23-pre3-testplatform,net/ipv4/inetpeer,1418
linux-2.4.23-pre3-testplatform,net/ipv4/ip_forward,340
linux-2.4.23-pre3-testplatform,net/ipv4/protocol,362
linux-2.4.23-pre3-testplatform,net/ipv4/tcp_diag,2506
linux-2.4.23-pre3-testplatform,net/ipv4/tcp_input,16988
linux-2.4.23-pre3-testplatform,net/ipv4/ip_output,3475
linux-2.4.23-pre3-testplatform,net/ipv4/ip_sockglue,3696
linux-2.4.23-pre3-testplatform,net/ipv4/tcp_minisocks,3263
linux-2.4.23-pre3-testplatform,net/ipv4/raw,2648
linux-2.4.23-pre3-testplatform,net/ipv4/devinet,4091
linux-2.4.23-pre3-testplatform,net/ipv4/arp,3636
linux-2.4.23-pre3-testplatform,init/main,1110
linux-2.4.23-pre3-testplatform,init/do_mounts,3410
linux-2.4.23-pre3-testplatform,init/version,501
linux-2.4.23-pre3-testplatform,drivers/block/genhd,166
linux-2.4.23-pre3-testplatform,drivers/block/blkpg,796
linux-2.4.23-pre3-testplatform,drivers/block/ll_rw_blk,4157
linux-2.4.23-pre3-testplatform,drivers/block/elevator,472
linux-2.4.23-pre3-testplatform,drivers/net/loopback,272
linux-2.4.23-pre3-testplatform,drivers/net/net_init,575
linux-2.4.23-pre3-testplatform,drivers/net/Space,3352
linux-2.4.23-pre3-testplatform,drivers/net/auto_irq,48
linux-2.4.23-pre3-testplatform,drivers/net/setup,36
linux-2.4.23-pre3-testplatform,drivers/char/n_tty,3895
linux-2.4.23-pre3-testplatform,drivers/char/random,3840
linux-2.4.23-pre3-testplatform,drivers/char/mem,2072
linux-2.4.23-pre3-testplatform,drivers/char/tty_io,8339
linux-2.4.23-pre3-testplatform,drivers/char/pty,1383
linux-2.4.23-pre3-testplatform,drivers/char/tty_ioctl,1463
linux-2.4.23-pre3-testplatform,drivers/char/raw,1100
linux-2.4.23-pre3-testplatform,drivers/char/misc,724
linux-2.4.23-pre3-testplatform,kernel/sys,2967
linux-2.4.23-pre3-testplatform,kernel/resource,857
linux-2.4.23-pre3-testplatform,kernel/softirq,1506
linux-2.4.23-pre3-testplatform,kernel/signal,2695
linux-2.4.23-pre3-testplatform,kernel/fork,2553
linux-2.4.23-pre3-testplatform,kernel/acct,6
linux-2.4.23-pre3-testplatform,kernel/itimer,476
linux-2.4.23-pre3-testplatform,kernel/timer,2097
linux-2.4.23-pre3-testplatform,kernel/context,539
linux-2.4.23-pre3-testplatform,kernel/exit,1747
linux-2.4.23-pre3-testplatform,kernel/dma,12
linux-2.4.23-pre3-testplatform,kernel/module,739
linux-2.4.23-pre3-testplatform,kernel/ptrace,864
linux-2.4.23-pre3-testplatform,kernel/capability,60
linux-2.4.23-pre3-testplatform,kernel/printk,1544
linux-2.4.23-pre3-testplatform,kernel/kmod,592
linux-2.4.23-pre3-testplatform,kernel/exec_domain,591
linux-2.4.23-pre3-testplatform,kernel/sched,3169
linux-2.4.23-pre3-testplatform,kernel/time,1136
linux-2.4.23-pre3-testplatform,kernel/info,192
linux-2.4.23-pre3-testplatform,kernel/user,168
linux-2.4.23-pre3-testplatform,kernel/panic,514
linux-2.4.23-pre3-testplatform,kernel/sysctl,72
linux-2.4.23-pre3-testplatform,ipc/sem,3407
linux-2.4.23-pre3-testplatform,ipc/util,735
linux-2.4.23-pre3-testplatform,ipc/shm,2311
linux-2.4.23-pre3-testplatform,ipc/msg,1914
lwip-0.5.3.preproc,proj/unixsim/simhost,338
lwip-0.5.3.preproc,proj/unixsim/simnode,322
lwip-0.5.3.preproc,proj/unixsim/apps/fs,39808
lwip-0.5.3.preproc,proj/unixsim/apps/udpecho,128
lwip-0.5.3.preproc,proj/unixsim/apps/shell,7861
lwip-0.5.3.preproc,proj/unixsim/apps/httpd,563
lwip-0.5.3.preproc,proj/unixsim/apps/tcpecho,112
lwip-0.5.3.preproc,proj/unixsim/simrouter,466
lwip-0.5.3.preproc,src/netif/tcpdump,1263
lwip-0.5.3.preproc,src/netif/loopif,80
lwip-0.5.3.preproc,src/netif/arp,1108
lwip-0.5.3.preproc,src/core/tcp_output,2108
lwip-0.5.3.preproc,src/core/sys,260
lwip-0.5.3.preproc,src/core/tcp,2175
lwip-0.5.3.preproc,src/core/pbuf,1072
lwip-0.5.3.preproc,src/core/inet,320
lwip-0.5.3.preproc,src/core/stats,20
lwip-0.5.3.preproc,src/core/udp,888
lwip-0.5.3.preproc,src/core/mem,832
lwip-0.5.3.preproc,src/core/memp,612
lwip-0.5.3.preproc,src/core/tcp_input,3844
lwip-0.5.3.preproc,src/core/netif,380
lwip-0.5.3.preproc,src/core/ipv4/ip_addr,4
lwip-0.5.3.preproc,src/core/ipv4/icmp,620
lwip-0.5.3.preproc,src/core/ipv4/ip,1192
lwip-0.5.3.preproc,src/api/err,0
lwip-0.5.3.preproc,src/api/api_msg,1240
lwip-0.5.3.preproc,src/api/api_lib,1512
lwip-0.5.3.preproc,src/api/tcpip,244
lwip-0.5.3.preproc,src/api/sockets,832
mpeg2dec-0.3.1,libvo/video_out_sdl,629
mpeg2dec-0.3.1,libvo/video_out_pgm,401
mpeg2dec-0.3.1,libvo/video_out_dx,0
mpeg2dec-0.3.1,libvo/video_out_null,184
mpeg2dec-0.3.1,libvo/video_out,146
mpeg2dec-0.3.1,libvo/video_out_x11,0
mpeg2dec-0.3.1,libvo/yuv2rgb,3280
mpeg2dec-0.3.1,libvo/yuv2rgb_mmx,0
mpeg2dec-0.3.1,libvo/yuv2rgb_mlib,0
mpeg2dec-0.3.1,src/getopt,2300
mpeg2dec-0.3.1,src/gettimeofday,0
mpeg2dec-0.3.1,src/extract_mpeg2,2628
mpeg2dec-0.3.1,src/mpeg2dec,3614
mpeg2dec-0.3.1,libmpeg2/idct_alpha,0
mpeg2dec-0.3.1,libmpeg2/cpu_accel,4
mpeg2dec-0.3.1,libmpeg2/motion_comp,3424
mpeg2dec-0.3.1,libmpeg2/motion_comp_alpha,0
mpeg2dec-0.3.1,libmpeg2/cpu_state,2
mpeg2dec-0.3.1,libmpeg2/idct_mmx,0
mpeg2dec-0.3.1,libmpeg2/decode,1892
mpeg2dec-0.3.1,libmpeg2/slice,14528
mpeg2dec-0.3.1,libmpeg2/idct_mlib,0
mpeg2dec-0.3.1,libmpeg2/idct_altivec,0
mpeg2dec-0.3.1,libmpeg2/motion_comp_mlib,0
mpeg2dec-0.3.1,libmpeg2/idct,1316
mpeg2dec-0.3.1,libmpeg2/header,3440
mpeg2dec-0.3.1,libmpeg2/motion_comp_altivec,0
mpeg2dec-0.3.1,libmpeg2/motion_comp_mmx,0
mpeg2dec-0.3.1,libmpeg2/alloc,92
mpgcut-1.1,mpgcut,8703
OpenTCP-1.0.4,bootp/bootp,1008
OpenTCP-1.0.4,system,836
OpenTCP-1.0.4,tcp,4174
OpenTCP-1.0.4,smtp/smtp_client,1496
OpenTCP-1.0.4,smtp/smtpc_callbacks,22
OpenTCP-1.0.4,dns/dns,1040
OpenTCP-1.0.4,icmp,272
OpenTCP-1.0.4,timers,180
OpenTCP-1.0.4,ethernet,1484
OpenTCP-1.0.4,pop3/pop3_client,2531
OpenTCP-1.0.4,pop3/pop3c_callbacks,20
OpenTCP-1.0.4,ip,1400
OpenTCP-1.0.4,udp,1226
OpenTCP-1.0.4,dhcp/dhcpc,1732
OpenTCP-1.0.4,demo/udp_demo,196
OpenTCP-1.0.4,demo/main_demo,212
OpenTCP-1.0.4,demo/tcp_client_demo,288
OpenTCP-1.0.4,demo/tcp_server_demo,248
OpenTCP-1.0.4,tftp/tftps,648
OpenTCP-1.0.4,http/https_callbacks,592
OpenTCP-1.0.4,http/http_server,1024
OpenTCP-1.0.4,arp,1709
replaypc-0.4.0.preproc,dump-addressbook,353
replaypc-0.4.0.preproc,zipcode,343
replaypc-0.4.0.preproc,dump-guide,338
replaypc-0.4.0.preproc,rddnsclient,946
replaypc-0.4.0.preproc,headend,1502
replaypc-0.4.0.preproc,ndx-dump,3356
replaypc-0.4.0.preproc,addressbook,503
replaypc-0.4.0.preproc,rtv,500
replaypc-0.4.0.preproc,ndx,361
replaypc-0.4.0.preproc,dump-cg2,359
replaypc-0.4.0.preproc,dump-filedarray,360
replaypc-0.4.0.preproc,un-protect,1062
replaypc-0.4.0.preproc,dump-programset,457
replaypc-0.4.0.preproc,dump-channelset,252
replaypc-0.4.0.preproc,crypt-test,875
replaypc-0.4.0.preproc,guide,6134
replaypc-0.4.0.preproc,httpfsclient,1606
replaypc-0.4.0.preproc,program,4350
replaypc-0.4.0.preproc,bigfile,136
replaypc-0.4.0.preproc,rtvguide,1398
replaypc-0.4.0.preproc,httpclient,1720
replaypc-0.4.0.preproc,find-GOPs,160
replaypc-0.4.0.preproc,sleep,14
replaypc-0.4.0.preproc,cg,1599
replaypc-0.4.0.preproc,dump-replayshows,218
replaypc-0.4.0.preproc,rddns,445
replaypc-0.4.0.preproc,dump-replaychannels,226
replaypc-0.4.0.preproc,dump-headend,224
replaypc-0.4.0.preproc,channelset,155
replaypc-0.4.0.preproc,crypt,672
replaypc-0.4.0.preproc,mark-commercial,1798
replaypc-0.4.0.preproc,httpfs,5034
replaypc-0.4.0.preproc,filedarray,182
replaypc-0.4.0.preproc,build-ndx,368
replaypc-0.4.0.preproc,version-test,114
replaypc-0.4.0.preproc,dump,1190
replaypc-0.4.0.preproc,dump-zipcode2,196
replaypc-0.4.0.preproc,ReplayPC,3504
replaypc-0.4.0.preproc,guideclient,537
teem-1.6.0-src,src/air/sane,3166
teem-1.6.0-src,src/air/string,828
teem-1.6.0-src,src/air/754,1327
teem-1.6.0-src,src/air/array,448
teem-1.6.0-src,src/air/parseAir,4570
teem-1.6.0-src,src/air/threadAir,853
teem-1.6.0-src,src/air/endianAir,1338
teem-1.6.0-src,src/air/dio,1852
teem-1.6.0-src,src/air/enum,628
teem-1.6.0-src,src/air/miscAir,3592
teem-1.6.0-src,src/air/mop,1363
teem-1.6.0-src,src/air/test/doubleprint,574
teem-1.6.0-src,src/air/test/floatprint,552
teem-1.6.0-src,src/air/test/tline,365
teem-1.6.0-src,src/air/test/fp,1502
teem-1.6.0-src,src/air/test/tmop,539
teem-1.6.0-src,src/air/test/tok,254
teem-1.6.0-src,src/limn/hestLimn,954
teem-1.6.0-src,src/limn/qn,2469
teem-1.6.0-src,src/limn/splineEval,5577
teem-1.6.0-src,src/limn/splineMethods,4339
teem-1.6.0-src,src/limn/renderLimn,2755
teem-1.6.0-src,src/limn/obj,668
teem-1.6.0-src,src/limn/shapes,3248
teem-1.6.0-src,src/limn/methodsLimn,208
teem-1.6.0-src,src/limn/transform,2661
teem-1.6.0-src,src/limn/cam,4722
teem-1.6.0-src,src/limn/light,738
teem-1.6.0-src,src/limn/splineMisc,14189
teem-1.6.0-src,src/limn/env,1052
teem-1.6.0-src,src/limn/io,637
teem-1.6.0-src,src/limn/test/soid,3133
teem-1.6.0-src,src/limn/test/tps,2280
teem-1.6.0-src,src/limn/test/tcam,1148
teem-1.6.0-src,src/limn/test/tbc,1576
teem-1.6.0-src,src/limn/test/tcamanim,3063
teem-1.6.0-src,src/limn/test/light,436
teem-1.6.0-src,src/limn/test/map,260
teem-1.6.0-src,src/limn/test/tspline,1877
teem-1.6.0-src,src/limn/defaultsLimn,13
teem-1.6.0-src,src/bane/gkmsFlotsam,2830
teem-1.6.0-src,src/bane/trex,318
teem-1.6.0-src,src/bane/methodsBane,531
teem-1.6.0-src,src/bane/clip,1367
teem-1.6.0-src,src/bane/gkmsHvol,2690
teem-1.6.0-src,src/bane/gkmsScat,1444
teem-1.6.0-src,src/bane/valid,2150
teem-1.6.0-src,src/bane/gkmsMite,1104
teem-1.6.0-src,src/bane/gkmsOpac,3005
teem-1.6.0-src,src/bane/gkmsTxf,2924
teem-1.6.0-src,src/bane/hvol,6333
teem-1.6.0-src,src/bane/scat,657
teem-1.6.0-src,src/bane/measr,1670
teem-1.6.0-src,src/bane/trnsf,4035
teem-1.6.0-src,src/bane/gkmsPvg,2822
teem-1.6.0-src,src/bane/gkmsInfo,1233
teem-1.6.0-src,src/bane/defaultsBane,29
teem-1.6.0-src,src/bane/test/sigma,141
teem-1.6.0-src,src/bane/test/pos,521
teem-1.6.0-src,src/bane/test/tblah,949
teem-1.6.0-src,src/bane/test/opac,426
teem-1.6.0-src,src/bane/test/tinfo,473
teem-1.6.0-src,src/bane/inc,3605
teem-1.6.0-src,src/bane/rangeBane,1597
teem-1.6.0-src,src/alan/methodsAlan,1924
teem-1.6.0-src,src/alan/coreAlan,3739
teem-1.6.0-src,src/alan/enumsAlan,2480
teem-1.6.0-src,src/alan/test/tspot,871
teem-1.6.0-src,src/echo/sqd,6721
teem-1.6.0-src,src/echo/set,848
teem-1.6.0-src,src/echo/renderEcho,4422
teem-1.6.0-src,src/echo/bounds,5919
teem-1.6.0-src,src/echo/matter,332
teem-1.6.0-src,src/echo/methodsEcho,477
teem-1.6.0-src,src/echo/model,1052
teem-1.6.0-src,src/echo/intx,12894
teem-1.6.0-src,src/echo/enumsEcho,13165
teem-1.6.0-src,src/echo/list,1236
teem-1.6.0-src,src/echo/color,7432
teem-1.6.0-src,src/echo/lightEcho,609
teem-1.6.0-src,src/echo/objmethods,1068
teem-1.6.0-src,src/echo/test/test,850
teem-1.6.0-src,src/echo/test/trend,6441
teem-1.6.0-src,src/nrrd/methodsNrrd,3549
teem-1.6.0-src,src/nrrd/endianNrrd,451
teem-1.6.0-src,src/nrrd/format,592
teem-1.6.0-src,src/nrrd/simple,4035
teem-1.6.0-src,src/nrrd/encodingRaw,1752
teem-1.6.0-src,src/nrrd/encodingGzip,561
teem-1.6.0-src,src/nrrd/range,512
teem-1.6.0-src,src/nrrd/apply1D,7066
teem-1.6.0-src,src/nrrd/histogram,5489
teem-1.6.0-src,src/nrrd/hestNrrd,963
teem-1.6.0-src,src/nrrd/keyvalue,653
teem-1.6.0-src,src/nrrd/measure,7604
teem-1.6.0-src,src/nrrd/formatPNG,626
teem-1.6.0-src,src/nrrd/encoding,584
teem-1.6.0-src,src/nrrd/winKernel,18188
teem-1.6.0-src,src/nrrd/gzio,0
teem-1.6.0-src,src/nrrd/encodingBzip2,494
teem-1.6.0-src,src/nrrd/reorder,7928
teem-1.6.0-src,src/nrrd/cc,9382
teem-1.6.0-src,src/nrrd/write,3650
teem-1.6.0-src,src/nrrd/comment,383
teem-1.6.0-src,src/nrrd/axis,2572
teem-1.6.0-src,src/nrrd/convertNrrd,2628
teem-1.6.0-src,src/nrrd/tmfKernel,110745
teem-1.6.0-src,src/nrrd/arraysNrrd,2364
teem-1.6.0-src,src/nrrd/formatText,2438
teem-1.6.0-src,src/nrrd/formatNRRD,3248
teem-1.6.0-src,src/nrrd/resampleNrrd,5744
teem-1.6.0-src,src/nrrd/enumsNrrd,86275
teem-1.6.0-src,src/nrrd/subset,2288
teem-1.6.0-src,src/nrrd/kernel,22382
teem-1.6.0-src,src/nrrd/defaultsNrrd,659
teem-1.6.0-src,src/nrrd/filt,4930
teem-1.6.0-src,src/nrrd/map,4619
teem-1.6.0-src,src/nrrd/formatPNM,2599
teem-1.6.0-src,src/nrrd/formatVTK,5035
teem-1.6.0-src,src/nrrd/superset,4152
teem-1.6.0-src,src/nrrd/iter,519
teem-1.6.0-src,src/nrrd/read,2463
teem-1.6.0-src,src/nrrd/encodingAscii,1361
teem-1.6.0-src,src/nrrd/encodingHex,1448
teem-1.6.0-src,src/nrrd/test/tread,252
teem-1.6.0-src,src/nrrd/test/typestest,364
teem-1.6.0-src,src/nrrd/test/minmax,268
teem-1.6.0-src,src/nrrd/test/convo,1641
teem-1.6.0-src,src/nrrd/test/tkernel,1683
teem-1.6.0-src,src/nrrd/test/tline,318
teem-1.6.0-src,src/nrrd/test/trand,141
teem-1.6.0-src,src/nrrd/test/kv,331
teem-1.6.0-src,src/nrrd/test/ax,2859
teem-1.6.0-src,src/nrrd/test/io,345
teem-1.6.0-src,src/nrrd/test/quadvol,1569
teem-1.6.0-src,src/nrrd/test/genvol,1483
teem-1.6.0-src,src/nrrd/ccmethods,1008
teem-1.6.0-src,src/nrrd/parseNrrd,5218
teem-1.6.0-src,src/nrrd/accessors,5859
teem-1.6.0-src,src/nrrd/formatEPS,2197
teem-1.6.0-src,src/nrrd/arith,4875
teem-1.6.0-src,src/hoover/defaultsHoover,19
teem-1.6.0-src,src/hoover/rays,3299
teem-1.6.0-src,src/hoover/stub,44
teem-1.6.0-src,src/hoover/methodsHoover,1618
teem-1.6.0-src,src/hest/methodsHest,1885
teem-1.6.0-src,src/hest/usage,2290
teem-1.6.0-src,src/hest/parseHest,10546
teem-1.6.0-src,src/hest/defaultsHest,12
teem-1.6.0-src,src/hest/test/strings,1091
teem-1.6.0-src,src/hest/test/ex0,401
teem-1.6.0-src,src/hest/test/ex3,1410
teem-1.6.0-src,src/hest/test/bday,958
teem-1.6.0-src,src/hest/test/ex5,729
teem-1.6.0-src,src/hest/test/ex4,1040
teem-1.6.0-src,src/hest/test/ex2,924
teem-1.6.0-src,src/hest/test/ex1,1059
teem-1.6.0-src,src/biff/test/test,212
teem-1.6.0-src,src/biff/biff,2107
teem-1.6.0-src,src/ten/tendShrink,896
teem-1.6.0-src,src/ten/tendSim,1292
teem-1.6.0-src,src/ten/defaultsTen,60
teem-1.6.0-src,src/ten/mod,2485
teem-1.6.0-src,src/ten/tendEvec,1558
teem-1.6.0-src,src/ten/tendMake,917
teem-1.6.0-src,src/ten/tendPoint,1480
teem-1.6.0-src,src/ten/chan,7573
teem-1.6.0-src,src/ten/tendAnhist,1111
teem-1.6.0-src,src/ten/tendEllipse,2313
teem-1.6.0-src,src/ten/tendSatin,4944
teem-1.6.0-src,src/ten/tendEpireg,4336
teem-1.6.0-src,src/ten/tendEvq,2117
teem-1.6.0-src,src/ten/tendEvaladd,924
teem-1.6.0-src,src/ten/tendSlice,945
teem-1.6.0-src,src/ten/tendEvalclamp,1212
teem-1.6.0-src,src/ten/glyph,4359
teem-1.6.0-src,src/ten/tendBmat,1289
teem-1.6.0-src,src/ten/tendAnplot,1593
teem-1.6.0-src,src/ten/tensor,5694
teem-1.6.0-src,src/ten/fiber,4070
teem-1.6.0-src,src/ten/tenGage,3253
teem-1.6.0-src,src/ten/tendSten,1278
teem-1.6.0-src,src/ten/tendFiber,2472
teem-1.6.0-src,src/ten/enumsTen,26181
teem-1.6.0-src,src/ten/tendEval,1516
teem-1.6.0-src,src/ten/tendEvecrgb,1827
teem-1.6.0-src,src/ten/tendEstim,3737
teem-1.6.0-src,src/ten/tendFlotsam,1238
teem-1.6.0-src,src/ten/tendGlyph,6392
teem-1.6.0-src,src/ten/fiberMethods,2377
teem-1.6.0-src,src/ten/miscTen,3133
teem-1.6.0-src,src/ten/tendNorm,1225
teem-1.6.0-src,src/ten/tendAnscale,1323
teem-1.6.0-src,src/ten/tendAnvol,1437
teem-1.6.0-src,src/ten/aniso,3179
teem-1.6.0-src,src/ten/tendEvalpow,835
teem-1.6.0-src,src/ten/test/tg,2259
teem-1.6.0-src,src/ten/test/tem,984
teem-1.6.0-src,src/ten/test/tt,2530
teem-1.6.0-src,src/ten/bimod,5433
teem-1.6.0-src,src/ten/tendExpand,1392
teem-1.6.0-src,src/ten/epireg,11975
teem-1.6.0-src,src/moss/hestMoss,1006
teem-1.6.0-src,src/moss/methodsMoss,884
teem-1.6.0-src,src/moss/sampler,2009
teem-1.6.0-src,src/moss/xform,2886
teem-1.6.0-src,src/moss/defaultsMoss,17
teem-1.6.0-src,src/moss/test/invert,288
teem-1.6.0-src,src/unrrdu/gamma,1274
teem-1.6.0-src,src/unrrdu/ccsettle,1002
teem-1.6.0-src,src/unrrdu/axsplit,1076
teem-1.6.0-src,src/unrrdu/swap,813
teem-1.6.0-src,src/unrrdu/unquantize,1103
teem-1.6.0-src,src/unrrdu/flotsam,2470
teem-1.6.0-src,src/unrrdu/imap,2370
teem-1.6.0-src,src/unrrdu/jhisto,2505
teem-1.6.0-src,src/unrrdu/join,1420
teem-1.6.0-src,src/unrrdu/data,1240
teem-1.6.0-src,src/unrrdu/block,1086
teem-1.6.0-src,src/unrrdu/cmedian,2412
teem-1.6.0-src,src/unrrdu/ccadj,1117
teem-1.6.0-src,src/unrrdu/inset,1285
teem-1.6.0-src,src/unrrdu/resample,3250
teem-1.6.0-src,src/unrrdu/unblock,1094
teem-1.6.0-src,src/unrrdu/minmax,1058
teem-1.6.0-src,src/unrrdu/project,1825
teem-1.6.0-src,src/unrrdu/head,1334
teem-1.6.0-src,src/unrrdu/permute,965
teem-1.6.0-src,src/unrrdu/ccmerge,2547
teem-1.6.0-src,src/unrrdu/1op,1599
teem-1.6.0-src,src/unrrdu/ccfind,1657
teem-1.6.0-src,src/unrrdu/lut,1989
teem-1.6.0-src,src/unrrdu/crop,1356
teem-1.6.0-src,src/unrrdu/rmap,2429
teem-1.6.0-src,src/unrrdu/axdelete,1342
teem-1.6.0-src,src/unrrdu/histo,1426
teem-1.6.0-src,src/unrrdu/flip,770
teem-1.6.0-src,src/unrrdu/convert,1104
teem-1.6.0-src,src/unrrdu/slice,1201
teem-1.6.0-src,src/unrrdu/2op,2106
teem-1.6.0-src,src/unrrdu/dice,1674
teem-1.6.0-src,src/unrrdu/save,2642
teem-1.6.0-src,src/unrrdu/3op,2216
teem-1.6.0-src,src/unrrdu/axinfo,1325
teem-1.6.0-src,src/unrrdu/axmerge,1279
teem-1.6.0-src,src/unrrdu/histax,1247
teem-1.6.0-src,src/unrrdu/pad,1708
teem-1.6.0-src,src/unrrdu/dhisto,1274
teem-1.6.0-src,src/unrrdu/reshape,942
teem-1.6.0-src,src/unrrdu/shuffle,1568
teem-1.6.0-src,src/unrrdu/axinsert,1037
teem-1.6.0-src,src/unrrdu/splice,1325
teem-1.6.0-src,src/unrrdu/make,6142
teem-1.6.0-src,src/unrrdu/quantize,1554
teem-1.6.0-src,src/unrrdu/about,2707
teem-1.6.0-src,src/unrrdu/heq,1989
teem-1.6.0-src,src/mite/renderMite,1013
teem-1.6.0-src,src/mite/ray,3726
teem-1.6.0-src,src/mite/txf,6987
teem-1.6.0-src,src/mite/thread,238
teem-1.6.0-src,src/mite/user,779
teem-1.6.0-src,src/mite/defaultsMite,33
teem-1.6.0-src,src/hex/dehex,1223
teem-1.6.0-src,src/hex/enhex,709
teem-1.6.0-src,src/dye/methodsDye,1894
teem-1.6.0-src,src/dye/test/bow,534
teem-1.6.0-src,src/dye/test/conv,352
teem-1.6.0-src,src/dye/convertDye,3112
teem-1.6.0-src,src/gage/sclprint,821
teem-1.6.0-src,src/gage/vecGage,13460
teem-1.6.0-src,src/gage/sclfilter,8953
teem-1.6.0-src,src/gage/scl,19232
teem-1.6.0-src,src/gage/update,4140
teem-1.6.0-src,src/gage/ctx,4032
teem-1.6.0-src,src/gage/print,5381
teem-1.6.0-src,src/gage/filter,3003
teem-1.6.0-src,src/gage/st,2903
teem-1.6.0-src,src/gage/sclanswer,6485
teem-1.6.0-src,src/gage/vecprint,52
teem-1.6.0-src,src/gage/defaultsGage,53
teem-1.6.0-src,src/gage/pvl,1283
teem-1.6.0-src,src/gage/miscGage,5211
teem-1.6.0-src,src/gage/shape,2840
teem-1.6.0-src,src/ell/miscEll,975
teem-1.6.0-src,src/ell/genmat,2815
teem-1.6.0-src,src/ell/vecEll,1462
teem-1.6.0-src,src/ell/eigen,4336
teem-1.6.0-src,src/ell/quat,14662
teem-1.6.0-src,src/ell/cubicEll,1992
teem-1.6.0-src,src/ell/mat,24378
teem-1.6.0-src,src/ell/test/sort3,626
teem-1.6.0-src,src/ell/test/invert,617
teem-1.6.0-src,src/ell/test/tq,5183
ttt-0.10.1.preproc,src/engine,1524
ttt-0.10.1.preproc,src/parse,1007
ttt-0.10.1.preproc,src/main,917
ttt-0.10.1.preproc,src/util,1696
ttt-0.10.1.preproc,src/ttt,4317
ttt-0.10.1.preproc,src/connect4,2781
unrarlib-0.4.0,samples/unix/getfile/getfile,729
unrarlib-0.4.0,samples/unix/listarchive/listarchive,906
unrarlib-0.4.0,unrarlib/unrarlib,9400
zlib-1.1.4,compress,114
zlib-1.1.4,crc32,1220
zlib-1.1.4,zutil,211
zlib-1.1.4,inffast,814
zlib-1.1.4,uncompr,94
zlib-1.1.4,adler32,200
zlib-1.1.4,deflate,4213
zlib-1.1.4,inftrees,6276
zlib-1.1.4,gzio,2563
zlib-1.1.4,trees,7616
zlib-1.1.4,inflate,1327
zlib-1.1.4,infutil,258
zlib-1.1.4,infblock,2194
zlib-1.1.4,infcodes,1378
