size
"2",,"","","","","arm-none-eabi-gcc (GCC) 11.1.0"
"","-Os -std=gnu89 -marm -mcpu=arm966e-s -mno-thumb-interwork"
bzip2-1.0.2,huffman,1504
bzip2-1.0.2,decompress,9727
bzip2-1.0.2,bzip2recover,3781
bzip2-1.0.2,crctable,1024
bzip2-1.0.2,compress,8627
bzip2-1.0.2,randtable,2048
bzip2-1.0.2,bzlib,11343
bzip2-1.0.2,blocksort,6687
bzip2-1.0.2,bzip2,17761
cg_compiler_opensrc,support,26303
cg_compiler_opensrc,cgcmain,2539
cg_compiler_opensrc,constfold,4700
cg_compiler_opensrc,support_iter,2362
cg_compiler_opensrc,symbols,7125
cg_compiler_opensrc,printutils,11039
cg_compiler_opensrc,atom,3688
cg_compiler_opensrc,cpp,7314
cg_compiler_opensrc,compile,14430
cg_compiler_opensrc,cgstruct,124
cg_compiler_opensrc,tokens,3197
cg_compiler_opensrc,binding,1719
cg_compiler_opensrc,hal,2959
cg_compiler_opensrc,stdlib,3222
cg_compiler_opensrc,check,3673
cg_compiler_opensrc,generic_hal,2611
cg_compiler_opensrc,memory,580
cg_compiler_opensrc,tokenize,678
cg_compiler_opensrc,scanner,6719
cg_compiler_opensrc,parser,16059
cg_compiler_opensrc,semantic,4838
cg_compiler_opensrc,inline,3010
compiler,cg,2999
compiler,vam,4119
compiler,vas,6478
compiler,scanner,3571
compiler,parser,4792
compiler,main,2642
flex-2.5.31,regex,631
flex-2.5.31,yylex,1164
flex-2.5.31,skel,94034
flex-2.5.31,filter,2397
flex-2.5.31,scanopt,3766
flex-2.5.31,ccl,1180
flex-2.5.31,parse,9002
flex-2.5.31,nfa,3996
flex-2.5.31,misc,6122
flex-2.5.31,scan,44584
flex-2.5.31,dfa,7682
flex-2.5.31,tblcmp,3788
flex-2.5.31,tables,2225
flex-2.5.31,buf,1087
flex-2.5.31,ecs,564
flex-2.5.31,sym,1031
flex-2.5.31,libmain,20
flex-2.5.31,tables_shared,36
flex-2.5.31,options,2610
flex-2.5.31,libyywrap,8
flex-2.5.31,main,18158
flex-2.5.31,gen,24082
jikespg-1.3,src/mkstates,3270
jikespg-1.3,src/prntstat,3652
jikespg-1.3,src/resolve,13296
jikespg-1.3,src/globals,264
jikespg-1.3,src/ctabs,49224
jikespg-1.3,src/produce,11781
jikespg-1.3,src/mkred,7356
jikespg-1.3,src/ptables,3583
jikespg-1.3,src/lpgparse,48245
jikespg-1.3,src/lpgutil,5131
jikespg-1.3,src/spacetab,21528
jikespg-1.3,src/remsp,8366
jikespg-1.3,src/partset,1820
jikespg-1.3,src/mkfirst,15396
jikespg-1.3,src/main,6243
jikespg-1.3,src/tabutil,14230
jikespg-1.3,src/timetab,10316
jpeg-6b,jcmainct,480
jpeg-6b,wrtarga,1168
jpeg-6b,jdmainct,1748
jpeg-6b,jdsample,1816
jpeg-6b,jdmaster,2160
jpeg-6b,jdpostct,1036
jpeg-6b,jquant1,3236
jpeg-6b,wrbmp,3128
jpeg-6b,djpeg,6575
jpeg-6b,jcinit,224
jpeg-6b,rdjpgcom,2595
jpeg-6b,rdgif,93
jpeg-6b,jfdctint,772
jpeg-6b,wrppm,758
jpeg-6b,wrjpgcom,3719
jpeg-6b,jcapistd,644
jpeg-6b,jchuff,3944
jpeg-6b,jdcolor,1392
jpeg-6b,jpegtran,4144
jpeg-6b,jcparam,3620
jpeg-6b,jdmerge,1632
jpeg-6b,jddctmgr,912
jpeg-6b,ansi2knr,3044
jpeg-6b,jfdctfst,520
jpeg-6b,jccolor,1712
jpeg-6b,jdphuff,3364
jpeg-6b,jmemmgr,3806
jpeg-6b,jfdctflt,1160
jpeg-6b,wrrle,0
jpeg-6b,jidctfst,896
jpeg-6b,jcmaster,3184
jpeg-6b,jdatadst,356
jpeg-6b,jutils,448
jpeg-6b,rdswitch,2352
jpeg-6b,jcprepct,1536
jpeg-6b,rdcolmap,1756
jpeg-6b,jcdctmgr,1648
jpeg-6b,jdapimin,1352
jpeg-6b,jcomapi,184
jpeg-6b,rdbmp,2464
jpeg-6b,jdcoefct,3852
jpeg-6b,jerror,5630
jpeg-6b,jidctred,1248
jpeg-6b,jidctint,1224
jpeg-6b,cjpeg,6065
jpeg-6b,rdppm,2164
jpeg-6b,jquant2,4868
jpeg-6b,jdapistd,1192
jpeg-6b,cdjpeg,144
jpeg-6b,transupp,5376
jpeg-6b,rdtarga,2204
jpeg-6b,wrgif,2884
jpeg-6b,jdhuff,3004
jpeg-6b,jctrans,1652
jpeg-6b,jdmarker,7392
jpeg-6b,jcmarker,2240
jpeg-6b,jccoefct,2104
jpeg-6b,jcsample,2300
jpeg-6b,jcapimin,988
jpeg-6b,jmemnobs,72
jpeg-6b,jidctflt,1616
jpeg-6b,jdtrans,436
jpeg-6b,jdatasrc,416
jpeg-6b,jdinput,1524
jpeg-6b,jcphuff,3320
jpeg-6b,rdrle,0
libmspack,test/md5,3600
libmspack,test/cabd_md5,1345
libmspack,test/cabextract_md5,24910
libmspack,test/cabrip,527
libmspack,test/chmd_md5,1222
libmspack,test/cabd_test,10422
libmspack,mspack/lzxc,0
libmspack,mspack/qtmc,0
libmspack,mspack/kwajc,12
libmspack,mspack/cabc,12
libmspack,mspack/szddc,12
libmspack,mspack/cabd,7068
libmspack,mspack/hlpd,12
libmspack,mspack/litd,12
libmspack,mspack/mszipd,36
libmspack,mspack/kwajd,12
libmspack,mspack/qtmd,5984
libmspack,mspack/litc,12
libmspack,mspack/lzxd,7144
libmspack,mspack/mszipc,0
libmspack,mspack/chmd,4124
libmspack,mspack/szddd,12
libmspack,mspack/chmc,12
libmspack,mspack/system,830
libmspack,mspack/hlpc,12
libpng-1.2.5,pngtrans,2276
libpng-1.2.5,pngwrite,6973
libpng-1.2.5,pngtest,7116
libpng-1.2.5,pngerror,1075
libpng-1.2.5,pngpread,6627
libpng-1.2.5,pngrutil,16971
libpng-1.2.5,pngrio,329
libpng-1.2.5,pngread,7534
libpng-1.2.5,pngrtran,20660
libpng-1.2.5,pngwio,369
libpng-1.2.5,pngwtran,1988
libpng-1.2.5,png,2893
libpng-1.2.5,png2pnm,2922
libpng-1.2.5,pngwutil,13726
libpng-1.2.5,pngmem,521
libpng-1.2.5,pnm2png,3333
libpng-1.2.5,pngget,3148
libpng-1.2.5,pngset,6665
linux-2.4.23-pre3-testplatform,net/socket,6700
linux-2.4.23-pre3-testplatform,net/8021q/vlanproc,28
linux-2.4.23-pre3-testplatform,net/8021q/vlan,800
linux-2.4.23-pre3-testplatform,net/8021q/vlan_dev,4102
linux-2.4.23-pre3-testplatform,net/802/p8023,134
linux-2.4.23-pre3-testplatform,net/netlink/af_netlink,4236
linux-2.4.23-pre3-testplatform,net/ipv4/ip_sockglue,5572
linux-2.4.23-pre3-testplatform,net/ipv4/proc,2858
linux-2.4.23-pre3-testplatform,net/ipv4/inetpeer,2122
linux-2.4.23-pre3-testplatform,net/ipv4/tcp,13781
linux-2.4.23-pre3-testplatform,net/ipv4/tcp_timer,3638
linux-2.4.23-pre3-testplatform,net/ipv4/ip_forward,508
linux-2.4.23-pre3-testplatform,net/ipv4/ip_output,4847
linux-2.4.23-pre3-testplatform,net/ipv4/ip_input,892
linux-2.4.23-pre3-testplatform,net/ipv4/tcp_input,21371
linux-2.4.23-pre3-testplatform,net/ipv4/tcp_ipv4,14329
linux-2.4.23-pre3-testplatform,net/ipv4/sysctl_net_ipv4,0
linux-2.4.23-pre3-testplatform,net/ipv4/route,11888
linux-2.4.23-pre3-testplatform,net/ipv4/protocol,514
linux-2.4.23-pre3-testplatform,net/ipv4/devinet,6103
linux-2.4.23-pre3-testplatform,net/ipv4/tcp_output,9759
linux-2.4.23-pre3-testplatform,net/ipv4/udp,5808
linux-2.4.23-pre3-testplatform,net/ipv4/ip_options,3726
linux-2.4.23-pre3-testplatform,net/ipv4/tcp_minisocks,4735
linux-2.4.23-pre3-testplatform,net/ipv4/utils,104
linux-2.4.23-pre3-testplatform,net/ipv4/igmp,11538
linux-2.4.23-pre3-testplatform,net/ipv4/arp,4996
linux-2.4.23-pre3-testplatform,net/ipv4/af_inet,5589
linux-2.4.23-pre3-testplatform,net/ipv4/ip_fragment,3305
linux-2.4.23-pre3-testplatform,net/ipv4/fib_hash,4073
linux-2.4.23-pre3-testplatform,net/ipv4/tcp_diag,3678
linux-2.4.23-pre3-testplatform,net/ipv4/raw,3740
linux-2.4.23-pre3-testplatform,net/ipv4/fib_semantics,3566
linux-2.4.23-pre3-testplatform,net/ipv4/fib_frontend,2672
linux-2.4.23-pre3-testplatform,net/ipv4/icmp,4286
linux-2.4.23-pre3-testplatform,net/sunrpc/xprt,6270
linux-2.4.23-pre3-testplatform,net/sunrpc/timer,204
linux-2.4.23-pre3-testplatform,net/sunrpc/auth_null,336
linux-2.4.23-pre3-testplatform,net/sunrpc/sched,3955
linux-2.4.23-pre3-testplatform,net/sunrpc/sunrpc_syms,0
linux-2.4.23-pre3-testplatform,net/sunrpc/svcauth,712
linux-2.4.23-pre3-testplatform,net/sunrpc/svcsock,4473
linux-2.4.23-pre3-testplatform,net/sunrpc/xdr,1980
linux-2.4.23-pre3-testplatform,net/sunrpc/auth_unix,854
linux-2.4.23-pre3-testplatform,net/sunrpc/clnt,4324
linux-2.4.23-pre3-testplatform,net/sunrpc/pmap_clnt,857
linux-2.4.23-pre3-testplatform,net/sunrpc/auth,1092
linux-2.4.23-pre3-testplatform,net/sunrpc/svc,2349
linux-2.4.23-pre3-testplatform,net/ethernet/eth,693
linux-2.4.23-pre3-testplatform,net/sched/sch_generic,2638
linux-2.4.23-pre3-testplatform,net/core/skbuff,6277
linux-2.4.23-pre3-testplatform,net/core/neighbour,8781
linux-2.4.23-pre3-testplatform,net/core/iovec,1064
linux-2.4.23-pre3-testplatform,net/core/dst,992
linux-2.4.23-pre3-testplatform,net/core/dev_mcast,933
linux-2.4.23-pre3-testplatform,net/core/sock,3689
linux-2.4.23-pre3-testplatform,net/core/utils,265
linux-2.4.23-pre3-testplatform,net/core/rtnetlink,3233
linux-2.4.23-pre3-testplatform,net/core/scm,980
linux-2.4.23-pre3-testplatform,net/core/dev,9836
linux-2.4.23-pre3-testplatform,net/core/ethtool,120
linux-2.4.23-pre3-testplatform,net/core/datagram,1831
linux-2.4.23-pre3-testplatform,kernel/timer,2589
linux-2.4.23-pre3-testplatform,kernel/printk,2288
linux-2.4.23-pre3-testplatform,kernel/info,344
linux-2.4.23-pre3-testplatform,kernel/sched,3062
linux-2.4.23-pre3-testplatform,kernel/ptrace,920
linux-2.4.23-pre3-testplatform,kernel/kmod,300
linux-2.4.23-pre3-testplatform,kernel/dma,20
linux-2.4.23-pre3-testplatform,kernel/fork,1289
linux-2.4.23-pre3-testplatform,kernel/time,752
linux-2.4.23-pre3-testplatform,kernel/acct,8
linux-2.4.23-pre3-testplatform,kernel/context,443
linux-2.4.23-pre3-testplatform,kernel/user,248
linux-2.4.23-pre3-testplatform,kernel/exit,835
linux-2.4.23-pre3-testplatform,kernel/capability,20
linux-2.4.23-pre3-testplatform,kernel/softirq,1886
linux-2.4.23-pre3-testplatform,kernel/sysctl,100
linux-2.4.23-pre3-testplatform,kernel/itimer,448
linux-2.4.23-pre3-testplatform,kernel/resource,1309
linux-2.4.23-pre3-testplatform,kernel/exec_domain,607
linux-2.4.23-pre3-testplatform,kernel/sys,2336
linux-2.4.23-pre3-testplatform,kernel/module,975
linux-2.4.23-pre3-testplatform,kernel/signal,2963
linux-2.4.23-pre3-testplatform,kernel/panic,591
linux-2.4.23-pre3-testplatform,ipc/msg,1854
linux-2.4.23-pre3-testplatform,ipc/sem,3578
linux-2.4.23-pre3-testplatform,ipc/util,895
linux-2.4.23-pre3-testplatform,ipc/shm,2203
linux-2.4.23-pre3-testplatform,arch/testplatform/kernel/init_task,9916
linux-2.4.23-pre3-testplatform,arch/testplatform/kernel/head,4
linux-2.4.23-pre3-testplatform,arch/testplatform/kernel/sys_s390,836
linux-2.4.23-pre3-testplatform,arch/testplatform/kernel/s390fpu,28
linux-2.4.23-pre3-testplatform,arch/testplatform/kernel/entry,36
linux-2.4.23-pre3-testplatform,arch/testplatform/kernel/ptrace,1460
linux-2.4.23-pre3-testplatform,arch/testplatform/kernel/cpcmd,4
linux-2.4.23-pre3-testplatform,arch/testplatform/kernel/traps,3740
linux-2.4.23-pre3-testplatform,arch/testplatform/kernel/time,20
linux-2.4.23-pre3-testplatform,arch/testplatform/kernel/debug,4002
linux-2.4.23-pre3-testplatform,arch/testplatform/kernel/s390_ext,700
linux-2.4.23-pre3-testplatform,arch/testplatform/kernel/reipl,4
linux-2.4.23-pre3-testplatform,arch/testplatform/kernel/bitmap,3
linux-2.4.23-pre3-testplatform,arch/testplatform/kernel/ebcdic,1536
linux-2.4.23-pre3-testplatform,arch/testplatform/kernel/needed,32
linux-2.4.23-pre3-testplatform,arch/testplatform/kernel/signal,1268
linux-2.4.23-pre3-testplatform,arch/testplatform/kernel/setup,2288
linux-2.4.23-pre3-testplatform,arch/testplatform/kernel/irq,36
linux-2.4.23-pre3-testplatform,arch/testplatform/kernel/semaphore,76
linux-2.4.23-pre3-testplatform,arch/testplatform/kernel/process,804
linux-2.4.23-pre3-testplatform,arch/testplatform/mm/fault,278
linux-2.4.23-pre3-testplatform,arch/testplatform/mm/ioremap,731
linux-2.4.23-pre3-testplatform,arch/testplatform/mm/init,1876
linux-2.4.23-pre3-testplatform,arch/testplatform/mm/extable,88
linux-2.4.23-pre3-testplatform,arch/testplatform/lib/checksum,8
linux-2.4.23-pre3-testplatform,arch/testplatform/lib/strncpy,8
linux-2.4.23-pre3-testplatform,arch/testplatform/lib/uaccess,24
linux-2.4.23-pre3-testplatform,arch/testplatform/lib/delay,8
linux-2.4.23-pre3-testplatform,arch/testplatform/lib/misaligned,144
linux-2.4.23-pre3-testplatform,arch/testplatform/lib/strcmp,8
linux-2.4.23-pre3-testplatform,arch/testplatform/lib/memset,8
linux-2.4.23-pre3-testplatform,arch/testplatform/lib/memcpy,8
linux-2.4.23-pre3-testplatform,mm/mlock,732
linux-2.4.23-pre3-testplatform,mm/slab,3866
linux-2.4.23-pre3-testplatform,mm/swap,522
linux-2.4.23-pre3-testplatform,mm/shmem,6007
linux-2.4.23-pre3-testplatform,mm/swap_state,1163
linux-2.4.23-pre3-testplatform,mm/oom_kill,675
linux-2.4.23-pre3-testplatform,mm/swapfile,3535
linux-2.4.23-pre3-testplatform,mm/vmalloc,2271
linux-2.4.23-pre3-testplatform,mm/mremap,788
linux-2.4.23-pre3-testplatform,mm/vmscan,64
linux-2.4.23-pre3-testplatform,mm/filemap,10569
linux-2.4.23-pre3-testplatform,mm/mmap,2874
linux-2.4.23-pre3-testplatform,mm/page_io,647
linux-2.4.23-pre3-testplatform,mm/page_alloc,3203
linux-2.4.23-pre3-testplatform,mm/memory,4088
linux-2.4.23-pre3-testplatform,mm/numa,908
linux-2.4.23-pre3-testplatform,mm/bootmem,1719
linux-2.4.23-pre3-testplatform,mm/mprotect,884
linux-2.4.23-pre3-testplatform,lib/dec_and_lock,0
linux-2.4.23-pre3-testplatform,lib/rbtree,1092
linux-2.4.23-pre3-testplatform,lib/dump_stack,66
linux-2.4.23-pre3-testplatform,lib/zlib_inflate/inffast,958
linux-2.4.23-pre3-testplatform,lib/zlib_inflate/inftrees,6761
linux-2.4.23-pre3-testplatform,lib/zlib_inflate/infblock,2606
linux-2.4.23-pre3-testplatform,lib/zlib_inflate/infutil,392
linux-2.4.23-pre3-testplatform,lib/zlib_inflate/infcodes,1594
linux-2.4.23-pre3-testplatform,lib/zlib_inflate/inflate,2922
linux-2.4.23-pre3-testplatform,lib/zlib_inflate/inflate_syms,0
linux-2.4.23-pre3-testplatform,lib/zlib_deflate/deflate_syms,0
linux-2.4.23-pre3-testplatform,lib/zlib_deflate/deflate,6156
linux-2.4.23-pre3-testplatform,lib/zlib_deflate/deftree,8220
linux-2.4.23-pre3-testplatform,lib/rwsem-spinlock,476
linux-2.4.23-pre3-testplatform,lib/bust_spinlocks,78
linux-2.4.23-pre3-testplatform,lib/vsprintf,3893
linux-2.4.23-pre3-testplatform,lib/brlock,0
linux-2.4.23-pre3-testplatform,lib/string,892
linux-2.4.23-pre3-testplatform,lib/ctype,256
linux-2.4.23-pre3-testplatform,lib/errno,0
linux-2.4.23-pre3-testplatform,lib/cmdline,312
linux-2.4.23-pre3-testplatform,init/do_mounts,3429
linux-2.4.23-pre3-testplatform,init/version,499
linux-2.4.23-pre3-testplatform,init/main,1274
linux-2.4.23-pre3-testplatform,fs/seq_file,2024
linux-2.4.23-pre3-testplatform,fs/block_dev,3773
linux-2.4.23-pre3-testplatform,fs/dnotify,344
linux-2.4.23-pre3-testplatform,fs/pipe,2030
linux-2.4.23-pre3-testplatform,fs/xattr,920
linux-2.4.23-pre3-testplatform,fs/binfmt_elf,0
linux-2.4.23-pre3-testplatform,fs/attr,622
linux-2.4.23-pre3-testplatform,fs/filesystems,0
linux-2.4.23-pre3-testplatform,fs/locks,5858
linux-2.4.23-pre3-testplatform,fs/partitions/check,1703
linux-2.4.23-pre3-testplatform,fs/partitions/msdos,1412
linux-2.4.23-pre3-testplatform,fs/bad_inode,256
linux-2.4.23-pre3-testplatform,fs/iobuf,983
linux-2.4.23-pre3-testplatform,fs/nfsd/export,4913
linux-2.4.23-pre3-testplatform,fs/nfsd/nfsproc,3567
linux-2.4.23-pre3-testplatform,fs/nfsd/stats,44
linux-2.4.23-pre3-testplatform,fs/nfsd/nfsctl,16
linux-2.4.23-pre3-testplatform,fs/nfsd/nfsxdr,2280
linux-2.4.23-pre3-testplatform,fs/nfsd/nfsfh,4998
linux-2.4.23-pre3-testplatform,fs/nfsd/nfs3proc,3250
linux-2.4.23-pre3-testplatform,fs/nfsd/lockd,280
linux-2.4.23-pre3-testplatform,fs/nfsd/nfs3xdr,4992
linux-2.4.23-pre3-testplatform,fs/nfsd/nfssvc,873
linux-2.4.23-pre3-testplatform,fs/nfsd/auth,136
linux-2.4.23-pre3-testplatform,fs/nfsd/nfscache,1887
linux-2.4.23-pre3-testplatform,fs/nfsd/vfs,7516
linux-2.4.23-pre3-testplatform,fs/fifo,604
linux-2.4.23-pre3-testplatform,fs/exec,2451
linux-2.4.23-pre3-testplatform,fs/file_table,887
linux-2.4.23-pre3-testplatform,fs/buffer,10821
linux-2.4.23-pre3-testplatform,fs/open,3141
linux-2.4.23-pre3-testplatform,fs/devices,986
linux-2.4.23-pre3-testplatform,fs/select,588
linux-2.4.23-pre3-testplatform,fs/super,3422
linux-2.4.23-pre3-testplatform,fs/fcntl,1546
linux-2.4.23-pre3-testplatform,fs/dcache,4390
linux-2.4.23-pre3-testplatform,fs/char_dev,431
linux-2.4.23-pre3-testplatform,fs/read_write,2284
linux-2.4.23-pre3-testplatform,fs/namespace,2227
linux-2.4.23-pre3-testplatform,fs/ext3/balloc,5352
linux-2.4.23-pre3-testplatform,fs/ext3/symlink,112
linux-2.4.23-pre3-testplatform,fs/ext3/ialloc,3295
linux-2.4.23-pre3-testplatform,fs/ext3/super,13224
linux-2.4.23-pre3-testplatform,fs/ext3/bitmap,148
linux-2.4.23-pre3-testplatform,fs/ext3/ioctl,367
linux-2.4.23-pre3-testplatform,fs/ext3/fsync,12
linux-2.4.23-pre3-testplatform,fs/ext3/inode,10660
linux-2.4.23-pre3-testplatform,fs/ext3/namei,7167
linux-2.4.23-pre3-testplatform,fs/ext3/dir,1428
linux-2.4.23-pre3-testplatform,fs/ext3/file,368
linux-2.4.23-pre3-testplatform,fs/lockd/host,1668
linux-2.4.23-pre3-testplatform,fs/lockd/svcsubs,1267
linux-2.4.23-pre3-testplatform,fs/lockd/clntlock,863
linux-2.4.23-pre3-testplatform,fs/lockd/svc4proc,2888
linux-2.4.23-pre3-testplatform,fs/lockd/svclock,2335
linux-2.4.23-pre3-testplatform,fs/lockd/lockd_syms,0
linux-2.4.23-pre3-testplatform,fs/lockd/xdr4,3756
linux-2.4.23-pre3-testplatform,fs/lockd/xdr,3815
linux-2.4.23-pre3-testplatform,fs/lockd/clntproc,1921
linux-2.4.23-pre3-testplatform,fs/lockd/svcproc,2952
linux-2.4.23-pre3-testplatform,fs/lockd/svcshare,440
linux-2.4.23-pre3-testplatform,fs/lockd/mon,1078
linux-2.4.23-pre3-testplatform,fs/lockd/svc,843
linux-2.4.23-pre3-testplatform,fs/ioctl,476
linux-2.4.23-pre3-testplatform,fs/readdir,1701
linux-2.4.23-pre3-testplatform,fs/nfs/proc,1776
linux-2.4.23-pre3-testplatform,fs/nfs/unlink,812
linux-2.4.23-pre3-testplatform,fs/nfs/symlink,440
linux-2.4.23-pre3-testplatform,fs/nfs/nfs2xdr,3852
linux-2.4.23-pre3-testplatform,fs/nfs/read,2148
linux-2.4.23-pre3-testplatform,fs/nfs/flushd,560
linux-2.4.23-pre3-testplatform,fs/nfs/nfs3proc,3024
linux-2.4.23-pre3-testplatform,fs/nfs/pagelist,2255
linux-2.4.23-pre3-testplatform,fs/nfs/write,5654
linux-2.4.23-pre3-testplatform,fs/nfs/nfs3xdr,5524
linux-2.4.23-pre3-testplatform,fs/nfs/inode,6497
linux-2.4.23-pre3-testplatform,fs/nfs/dir,4600
linux-2.4.23-pre3-testplatform,fs/nfs/file,1064
linux-2.4.23-pre3-testplatform,fs/ramfs/inode,1047
linux-2.4.23-pre3-testplatform,fs/stat,688
linux-2.4.23-pre3-testplatform,fs/jbd/commit,4382
linux-2.4.23-pre3-testplatform,fs/jbd/checkpoint,3442
linux-2.4.23-pre3-testplatform,fs/jbd/journal,7684
linux-2.4.23-pre3-testplatform,fs/jbd/transaction,8829
linux-2.4.23-pre3-testplatform,fs/jbd/revoke,2335
linux-2.4.23-pre3-testplatform,fs/jbd/recovery,2174
linux-2.4.23-pre3-testplatform,fs/binfmt_script,472
linux-2.4.23-pre3-testplatform,fs/inode,4937
linux-2.4.23-pre3-testplatform,fs/namei,4804
linux-2.4.23-pre3-testplatform,fs/quota,2978
linux-2.4.23-pre3-testplatform,fs/file,697
linux-2.4.23-pre3-testplatform,drivers/net/net_init,791
linux-2.4.23-pre3-testplatform,drivers/net/auto_irq,72
linux-2.4.23-pre3-testplatform,drivers/net/setup,48
linux-2.4.23-pre3-testplatform,drivers/net/loopback,412
linux-2.4.23-pre3-testplatform,drivers/net/Space,3496
linux-2.4.23-pre3-testplatform,drivers/char/n_tty,5199
linux-2.4.23-pre3-testplatform,drivers/char/misc,1016
linux-2.4.23-pre3-testplatform,drivers/char/pty,1779
linux-2.4.23-pre3-testplatform,drivers/char/mem,2432
linux-2.4.23-pre3-testplatform,drivers/char/random,4888
linux-2.4.23-pre3-testplatform,drivers/char/raw,1444
linux-2.4.23-pre3-testplatform,drivers/char/tty_io,10160
linux-2.4.23-pre3-testplatform,drivers/char/tty_ioctl,1851
linux-2.4.23-pre3-testplatform,drivers/block/blkpg,1008
linux-2.4.23-pre3-testplatform,drivers/block/elevator,824
linux-2.4.23-pre3-testplatform,drivers/block/genhd,276
linux-2.4.23-pre3-testplatform,drivers/block/ll_rw_blk,5853
lwip-0.5.3.preproc,src/core/ipv4/ip_addr,4
lwip-0.5.3.preproc,src/core/ipv4/ip,1840
lwip-0.5.3.preproc,src/core/ipv4/icmp,940
lwip-0.5.3.preproc,src/core/tcp,3343
lwip-0.5.3.preproc,src/core/pbuf,1744
lwip-0.5.3.preproc,src/core/inet,528
lwip-0.5.3.preproc,src/core/stats,24
lwip-0.5.3.preproc,src/core/tcp_input,5712
lwip-0.5.3.preproc,src/core/tcp_output,3092
lwip-0.5.3.preproc,src/core/mem,1236
lwip-0.5.3.preproc,src/core/udp,1376
lwip-0.5.3.preproc,src/core/sys,476
lwip-0.5.3.preproc,src/core/memp,880
lwip-0.5.3.preproc,src/core/netif,632
lwip-0.5.3.preproc,src/api/err,0
lwip-0.5.3.preproc,src/api/api_msg,2056
lwip-0.5.3.preproc,src/api/api_lib,2516
lwip-0.5.3.preproc,src/api/tcpip,376
lwip-0.5.3.preproc,src/api/sockets,1340
lwip-0.5.3.preproc,src/netif/loopif,136
lwip-0.5.3.preproc,src/netif/arp,1548
lwip-0.5.3.preproc,src/netif/tcpdump,1775
lwip-0.5.3.preproc,proj/unixsim/simnode,382
lwip-0.5.3.preproc,proj/unixsim/apps/httpd,839
lwip-0.5.3.preproc,proj/unixsim/apps/shell,9829
lwip-0.5.3.preproc,proj/unixsim/apps/fs,39844
lwip-0.5.3.preproc,proj/unixsim/apps/tcpecho,160
lwip-0.5.3.preproc,proj/unixsim/apps/udpecho,168
lwip-0.5.3.preproc,proj/unixsim/simrouter,554
lwip-0.5.3.preproc,proj/unixsim/simhost,414
mpeg2dec-0.3.1,src/getopt,3256
mpeg2dec-0.3.1,src/extract_mpeg2,3600
mpeg2dec-0.3.1,src/gettimeofday,0
mpeg2dec-0.3.1,src/mpeg2dec,5002
mpeg2dec-0.3.1,libvo/video_out,150
mpeg2dec-0.3.1,libvo/yuv2rgb,4424
mpeg2dec-0.3.1,libvo/yuv2rgb_mlib,0
mpeg2dec-0.3.1,libvo/yuv2rgb_mmx,0
mpeg2dec-0.3.1,libvo/video_out_pgm,549
mpeg2dec-0.3.1,libvo/video_out_null,248
mpeg2dec-0.3.1,libvo/video_out_dx,0
mpeg2dec-0.3.1,libvo/video_out_x11,0
mpeg2dec-0.3.1,libvo/video_out_sdl,845
mpeg2dec-0.3.1,libmpeg2/cpu_accel,8
mpeg2dec-0.3.1,libmpeg2/cpu_state,4
mpeg2dec-0.3.1,libmpeg2/motion_comp_altivec,0
mpeg2dec-0.3.1,libmpeg2/idct,1636
mpeg2dec-0.3.1,libmpeg2/idct_alpha,0
mpeg2dec-0.3.1,libmpeg2/alloc,136
mpeg2dec-0.3.1,libmpeg2/idct_mlib,0
mpeg2dec-0.3.1,libmpeg2/idct_altivec,0
mpeg2dec-0.3.1,libmpeg2/decode,2216
mpeg2dec-0.3.1,libmpeg2/motion_comp_mlib,0
mpeg2dec-0.3.1,libmpeg2/motion_comp_alpha,0
mpeg2dec-0.3.1,libmpeg2/header,4316
mpeg2dec-0.3.1,libmpeg2/motion_comp,6384
mpeg2dec-0.3.1,libmpeg2/motion_comp_mmx,0
mpeg2dec-0.3.1,libmpeg2/slice,17816
mpeg2dec-0.3.1,libmpeg2/idct_mmx,0
mpgcut-1.1,mpgcut,10983
OpenTCP-1.0.4,tcp,6074
OpenTCP-1.0.4,dns/dns,1452
OpenTCP-1.0.4,timers,272
OpenTCP-1.0.4,ip,2028
OpenTCP-1.0.4,http/http_server,1556
OpenTCP-1.0.4,http/https_callbacks,684
OpenTCP-1.0.4,smtp/smtpc_callbacks,44
OpenTCP-1.0.4,smtp/smtp_client,2360
OpenTCP-1.0.4,tftp/tftps,936
OpenTCP-1.0.4,udp,1690
OpenTCP-1.0.4,pop3/pop3c_callbacks,36
OpenTCP-1.0.4,pop3/pop3_client,3991
OpenTCP-1.0.4,dhcp/dhcpc,2608
OpenTCP-1.0.4,arp,2433
OpenTCP-1.0.4,bootp/bootp,1540
OpenTCP-1.0.4,system,1196
OpenTCP-1.0.4,icmp,428
OpenTCP-1.0.4,ethernet,2196
OpenTCP-1.0.4,demo/udp_demo,292
OpenTCP-1.0.4,demo/main_demo,272
OpenTCP-1.0.4,demo/tcp_client_demo,412
OpenTCP-1.0.4,demo/tcp_server_demo,380
replaypc-0.4.0.preproc,headend,1666
replaypc-0.4.0.preproc,program,4490
replaypc-0.4.0.preproc,cg,2207
replaypc-0.4.0.preproc,bigfile,188
replaypc-0.4.0.preproc,ndx,513
replaypc-0.4.0.preproc,ReplayPC,4336
replaypc-0.4.0.preproc,dump-replayshows,306
replaypc-0.4.0.preproc,addressbook,687
replaypc-0.4.0.preproc,dump-addressbook,493
replaypc-0.4.0.preproc,un-protect,1266
replaypc-0.4.0.preproc,find-GOPs,204
replaypc-0.4.0.preproc,rtvguide,1658
replaypc-0.4.0.preproc,crypt,940
replaypc-0.4.0.preproc,dump,1614
replaypc-0.4.0.preproc,mark-commercial,2138
replaypc-0.4.0.preproc,rddns,541
replaypc-0.4.0.preproc,httpfs,6510
replaypc-0.4.0.preproc,filedarray,242
replaypc-0.4.0.preproc,rddnsclient,1242
replaypc-0.4.0.preproc,dump-channelset,368
replaypc-0.4.0.preproc,httpclient,2412
replaypc-0.4.0.preproc,guide,7434
replaypc-0.4.0.preproc,dump-guide,490
replaypc-0.4.0.preproc,dump-filedarray,508
replaypc-0.4.0.preproc,guideclient,733
replaypc-0.4.0.preproc,version-test,166
replaypc-0.4.0.preproc,zipcode,399
replaypc-0.4.0.preproc,build-ndx,448
replaypc-0.4.0.preproc,dump-programset,649
replaypc-0.4.0.preproc,channelset,207
replaypc-0.4.0.preproc,rtv,876
replaypc-0.4.0.preproc,httpfsclient,2142
replaypc-0.4.0.preproc,ndx-dump,4104
replaypc-0.4.0.preproc,sleep,12
replaypc-0.4.0.preproc,dump-headend,346
replaypc-0.4.0.preproc,dump-replaychannels,318
replaypc-0.4.0.preproc,dump-cg2,507
replaypc-0.4.0.preproc,dump-zipcode2,298
replaypc-0.4.0.preproc,crypt-test,1100
teem-1.6.0-src,src/echo/matter,500
teem-1.6.0-src,src/echo/color,10264
teem-1.6.0-src,src/echo/lightEcho,905
teem-1.6.0-src,src/echo/list,1592
teem-1.6.0-src,src/echo/enumsEcho,13165
teem-1.6.0-src,src/echo/renderEcho,5814
teem-1.6.0-src,src/echo/model,1488
teem-1.6.0-src,src/echo/test/test,1186
teem-1.6.0-src,src/echo/test/trend,9057
teem-1.6.0-src,src/echo/sqd,9165
teem-1.6.0-src,src/echo/intx,16858
teem-1.6.0-src,src/echo/methodsEcho,705
teem-1.6.0-src,src/echo/objmethods,1448
teem-1.6.0-src,src/echo/bounds,6903
teem-1.6.0-src,src/echo/set,1048
teem-1.6.0-src,src/dye/methodsDye,2246
teem-1.6.0-src,src/dye/convertDye,4500
teem-1.6.0-src,src/dye/test/bow,726
teem-1.6.0-src,src/dye/test/conv,472
teem-1.6.0-src,src/hex/enhex,901
teem-1.6.0-src,src/hex/dehex,1435
teem-1.6.0-src,src/mite/renderMite,1341
teem-1.6.0-src,src/mite/txf,7951
teem-1.6.0-src,src/mite/user,991
teem-1.6.0-src,src/mite/thread,346
teem-1.6.0-src,src/mite/defaultsMite,33
teem-1.6.0-src,src/mite/ray,4790
teem-1.6.0-src,src/biff/test/test,244
teem-1.6.0-src,src/biff/biff,2819
teem-1.6.0-src,src/air/mop,1727
teem-1.6.0-src,src/air/threadAir,1193
teem-1.6.0-src,src/air/sane,3286
teem-1.6.0-src,src/air/dio,1876
teem-1.6.0-src,src/air/754,1971
teem-1.6.0-src,src/air/test/floatprint,712
teem-1.6.0-src,src/air/test/tline,505
teem-1.6.0-src,src/air/test/fp,1862
teem-1.6.0-src,src/air/test/tok,342
teem-1.6.0-src,src/air/test/tmop,755
teem-1.6.0-src,src/air/test/doubleprint,702
teem-1.6.0-src,src/air/parseAir,5350
teem-1.6.0-src,src/air/enum,868
teem-1.6.0-src,src/air/string,1440
teem-1.6.0-src,src/air/endianAir,1338
teem-1.6.0-src,src/air/miscAir,4688
teem-1.6.0-src,src/air/array,664
teem-1.6.0-src,src/unrrdu/inset,1697
teem-1.6.0-src,src/unrrdu/crop,1736
teem-1.6.0-src,src/unrrdu/head,1778
teem-1.6.0-src,src/unrrdu/convert,1420
teem-1.6.0-src,src/unrrdu/reshape,1254
teem-1.6.0-src,src/unrrdu/about,2907
teem-1.6.0-src,src/unrrdu/axinfo,1821
teem-1.6.0-src,src/unrrdu/swap,1117
teem-1.6.0-src,src/unrrdu/jhisto,3081
teem-1.6.0-src,src/unrrdu/axmerge,1643
teem-1.6.0-src,src/unrrdu/histax,1675
teem-1.6.0-src,src/unrrdu/data,1508
teem-1.6.0-src,src/unrrdu/3op,2744
teem-1.6.0-src,src/unrrdu/permute,1293
teem-1.6.0-src,src/unrrdu/quantize,1926
teem-1.6.0-src,src/unrrdu/lut,2473
teem-1.6.0-src,src/unrrdu/axinsert,1397
teem-1.6.0-src,src/unrrdu/ccsettle,1362
teem-1.6.0-src,src/unrrdu/axdelete,1782
teem-1.6.0-src,src/unrrdu/imap,2894
teem-1.6.0-src,src/unrrdu/rmap,2913
teem-1.6.0-src,src/unrrdu/project,2197
teem-1.6.0-src,src/unrrdu/flip,1078
teem-1.6.0-src,src/unrrdu/histo,1854
teem-1.6.0-src,src/unrrdu/save,3130
teem-1.6.0-src,src/unrrdu/gamma,1638
teem-1.6.0-src,src/unrrdu/splice,1737
teem-1.6.0-src,src/unrrdu/1op,1995
teem-1.6.0-src,src/unrrdu/ccfind,2077
teem-1.6.0-src,src/unrrdu/block,1366
teem-1.6.0-src,src/unrrdu/ccadj,1425
teem-1.6.0-src,src/unrrdu/dhisto,1634
teem-1.6.0-src,src/unrrdu/axsplit,1404
teem-1.6.0-src,src/unrrdu/resample,3814
teem-1.6.0-src,src/unrrdu/cmedian,2920
teem-1.6.0-src,src/unrrdu/join,1756
teem-1.6.0-src,src/unrrdu/unquantize,1479
teem-1.6.0-src,src/unrrdu/ccmerge,3043
teem-1.6.0-src,src/unrrdu/unblock,1430
teem-1.6.0-src,src/unrrdu/flotsam,3266
teem-1.6.0-src,src/unrrdu/shuffle,2028
teem-1.6.0-src,src/unrrdu/dice,2154
teem-1.6.0-src,src/unrrdu/minmax,1414
teem-1.6.0-src,src/unrrdu/heq,2413
teem-1.6.0-src,src/unrrdu/pad,2148
teem-1.6.0-src,src/unrrdu/make,7446
teem-1.6.0-src,src/unrrdu/slice,1585
teem-1.6.0-src,src/unrrdu/2op,2566
teem-1.6.0-src,src/moss/hestMoss,1310
teem-1.6.0-src,src/moss/methodsMoss,1264
teem-1.6.0-src,src/moss/sampler,2725
teem-1.6.0-src,src/moss/test/invert,392
teem-1.6.0-src,src/moss/xform,3770
teem-1.6.0-src,src/moss/defaultsMoss,17
teem-1.6.0-src,src/gage/miscGage,5455
teem-1.6.0-src,src/gage/vecprint,52
teem-1.6.0-src,src/gage/sclfilter,13097
teem-1.6.0-src,src/gage/ctx,5440
teem-1.6.0-src,src/gage/filter,3919
teem-1.6.0-src,src/gage/sclprint,1061
teem-1.6.0-src,src/gage/shape,3804
teem-1.6.0-src,src/gage/st,4167
teem-1.6.0-src,src/gage/print,7113
teem-1.6.0-src,src/gage/scl,19232
teem-1.6.0-src,src/gage/vecGage,14536
teem-1.6.0-src,src/gage/pvl,1791
teem-1.6.0-src,src/gage/defaultsGage,53
teem-1.6.0-src,src/gage/sclanswer,9373
teem-1.6.0-src,src/gage/update,5732
teem-1.6.0-src,src/bane/valid,2890
teem-1.6.0-src,src/bane/inc,4397
teem-1.6.0-src,src/bane/gkmsTxf,3712
teem-1.6.0-src,src/bane/rangeBane,1941
teem-1.6.0-src,src/bane/gkmsInfo,1541
teem-1.6.0-src,src/bane/clip,1575
teem-1.6.0-src,src/bane/measr,1742
teem-1.6.0-src,src/bane/trnsf,5507
teem-1.6.0-src,src/bane/gkmsMite,1416
teem-1.6.0-src,src/bane/gkmsOpac,3717
teem-1.6.0-src,src/bane/gkmsFlotsam,3522
teem-1.6.0-src,src/bane/gkmsScat,1828
teem-1.6.0-src,src/bane/hvol,8465
teem-1.6.0-src,src/bane/defaultsBane,29
teem-1.6.0-src,src/bane/gkmsHvol,3274
teem-1.6.0-src,src/bane/test/sigma,213
teem-1.6.0-src,src/bane/test/tinfo,629
teem-1.6.0-src,src/bane/test/tblah,1225
teem-1.6.0-src,src/bane/test/pos,697
teem-1.6.0-src,src/bane/test/opac,578
teem-1.6.0-src,src/bane/gkmsPvg,3634
teem-1.6.0-src,src/bane/trex,418
teem-1.6.0-src,src/bane/methodsBane,695
teem-1.6.0-src,src/bane/scat,921
teem-1.6.0-src,src/hest/usage,3474
teem-1.6.0-src,src/hest/defaultsHest,12
teem-1.6.0-src,src/hest/parseHest,14078
teem-1.6.0-src,src/hest/methodsHest,2833
teem-1.6.0-src,src/hest/test/ex2,1192
teem-1.6.0-src,src/hest/test/ex5,993
teem-1.6.0-src,src/hest/test/ex1,1335
teem-1.6.0-src,src/hest/test/ex0,537
teem-1.6.0-src,src/hest/test/bday,1286
teem-1.6.0-src,src/hest/test/strings,1251
teem-1.6.0-src,src/hest/test/ex3,1774
teem-1.6.0-src,src/hest/test/ex4,1308
teem-1.6.0-src,src/hoover/stub,80
teem-1.6.0-src,src/hoover/methodsHoover,1966
teem-1.6.0-src,src/hoover/rays,4331
teem-1.6.0-src,src/hoover/defaultsHoover,19
teem-1.6.0-src,src/ell/vecEll,2100
teem-1.6.0-src,src/ell/cubicEll,2892
teem-1.6.0-src,src/ell/eigen,5980
teem-1.6.0-src,src/ell/miscEll,1251
teem-1.6.0-src,src/ell/mat,34380
teem-1.6.0-src,src/ell/test/tq,7527
teem-1.6.0-src,src/ell/test/sort3,886
teem-1.6.0-src,src/ell/test/invert,853
teem-1.6.0-src,src/ell/quat,21594
teem-1.6.0-src,src/ell/genmat,3871
teem-1.6.0-src,src/nrrd/defaultsNrrd,807
teem-1.6.0-src,src/nrrd/encodingHex,1624
teem-1.6.0-src,src/nrrd/encoding,660
teem-1.6.0-src,src/nrrd/superset,5554
teem-1.6.0-src,src/nrrd/range,764
teem-1.6.0-src,src/nrrd/reorder,10636
teem-1.6.0-src,src/nrrd/encodingRaw,2236
teem-1.6.0-src,src/nrrd/encodingGzip,621
teem-1.6.0-src,src/nrrd/formatText,3198
teem-1.6.0-src,src/nrrd/hestNrrd,1383
teem-1.6.0-src,src/nrrd/read,3379
teem-1.6.0-src,src/nrrd/ccmethods,1412
teem-1.6.0-src,src/nrrd/formatNRRD,4248
teem-1.6.0-src,src/nrrd/apply1D,9498
teem-1.6.0-src,src/nrrd/formatVTK,6423
teem-1.6.0-src,src/nrrd/subset,3036
teem-1.6.0-src,src/nrrd/parseNrrd,7170
teem-1.6.0-src,src/nrrd/endianNrrd,563
teem-1.6.0-src,src/nrrd/keyvalue,965
teem-1.6.0-src,src/nrrd/encodingAscii,1705
teem-1.6.0-src,src/nrrd/gzio,0
teem-1.6.0-src,src/nrrd/measure,11864
teem-1.6.0-src,src/nrrd/test/genvol,2043
teem-1.6.0-src,src/nrrd/test/convo,2393
teem-1.6.0-src,src/nrrd/test/tkernel,2203
teem-1.6.0-src,src/nrrd/test/quadvol,2125
teem-1.6.0-src,src/nrrd/test/io,489
teem-1.6.0-src,src/nrrd/test/tread,352
teem-1.6.0-src,src/nrrd/test/tline,446
teem-1.6.0-src,src/nrrd/test/trand,201
teem-1.6.0-src,src/nrrd/test/ax,3461
teem-1.6.0-src,src/nrrd/test/kv,439
teem-1.6.0-src,src/nrrd/test/minmax,356
teem-1.6.0-src,src/nrrd/test/typestest,412
teem-1.6.0-src,src/nrrd/histogram,7461
teem-1.6.0-src,src/nrrd/arith,6803
teem-1.6.0-src,src/nrrd/accessors,7919
teem-1.6.0-src,src/nrrd/enumsNrrd,86275
teem-1.6.0-src,src/nrrd/formatPNM,3491
teem-1.6.0-src,src/nrrd/filt,7282
teem-1.6.0-src,src/nrrd/cc,12886
teem-1.6.0-src,src/nrrd/formatPNG,742
teem-1.6.0-src,src/nrrd/winKernel,25608
teem-1.6.0-src,src/nrrd/comment,567
teem-1.6.0-src,src/nrrd/write,5102
teem-1.6.0-src,src/nrrd/simple,5339
teem-1.6.0-src,src/nrrd/arraysNrrd,2364
teem-1.6.0-src,src/nrrd/kernel,30214
teem-1.6.0-src,src/nrrd/methodsNrrd,4881
teem-1.6.0-src,src/nrrd/axis,3628
teem-1.6.0-src,src/nrrd/map,6275
teem-1.6.0-src,src/nrrd/resampleNrrd,7784
teem-1.6.0-src,src/nrrd/convertNrrd,3352
teem-1.6.0-src,src/nrrd/tmfKernel,157717
teem-1.6.0-src,src/nrrd/format,704
teem-1.6.0-src,src/nrrd/encodingBzip2,554
teem-1.6.0-src,src/nrrd/iter,839
teem-1.6.0-src,src/nrrd/formatEPS,2789
teem-1.6.0-src,src/ten/tendSlice,1285
teem-1.6.0-src,src/ten/tendEvecrgb,2231
teem-1.6.0-src,src/ten/tendEstim,4393
teem-1.6.0-src,src/ten/tensor,7802
teem-1.6.0-src,src/ten/tendEllipse,2901
teem-1.6.0-src,src/ten/epireg,16739
teem-1.6.0-src,src/ten/tendFlotsam,1578
teem-1.6.0-src,src/ten/tendNorm,1569
teem-1.6.0-src,src/ten/tendSten,1622
teem-1.6.0-src,src/ten/aniso,4527
teem-1.6.0-src,src/ten/fiberMethods,3201
teem-1.6.0-src,src/ten/fiber,5466
teem-1.6.0-src,src/ten/tendShrink,1168
teem-1.6.0-src,src/ten/bimod,7121
teem-1.6.0-src,src/ten/tendPoint,1932
teem-1.6.0-src,src/ten/test/tt,3594
teem-1.6.0-src,src/ten/test/tg,3171
teem-1.6.0-src,src/ten/test/tem,1220
teem-1.6.0-src,src/ten/tendAnhist,1427
teem-1.6.0-src,src/ten/enumsTen,26181
teem-1.6.0-src,src/ten/tendEvq,2473
teem-1.6.0-src,src/ten/tendMake,1189
teem-1.6.0-src,src/ten/tendEvalpow,1127
teem-1.6.0-src,src/ten/tendAnvol,1761
teem-1.6.0-src,src/ten/tendSim,1644
teem-1.6.0-src,src/ten/tendBmat,1557
teem-1.6.0-src,src/ten/chan,10185
teem-1.6.0-src,src/ten/tendGlyph,7636
teem-1.6.0-src,src/ten/tendEval,2084
teem-1.6.0-src,src/ten/miscTen,4371
teem-1.6.0-src,src/ten/mod,3773
teem-1.6.0-src,src/ten/glyph,5975
teem-1.6.0-src,src/ten/tendAnscale,1663
teem-1.6.0-src,src/ten/tendExpand,1712
teem-1.6.0-src,src/ten/tendEvaladd,1216
teem-1.6.0-src,src/ten/tendEpireg,5108
teem-1.6.0-src,src/ten/defaultsTen,60
teem-1.6.0-src,src/ten/tendEvec,2110
teem-1.6.0-src,src/ten/tenGage,4521
teem-1.6.0-src,src/ten/tendSatin,6672
teem-1.6.0-src,src/ten/tendFiber,3028
teem-1.6.0-src,src/ten/tendEvalclamp,1528
teem-1.6.0-src,src/ten/tendAnplot,1909
teem-1.6.0-src,src/alan/enumsAlan,2480
teem-1.6.0-src,src/alan/methodsAlan,2756
teem-1.6.0-src,src/alan/test/tspot,1207
teem-1.6.0-src,src/alan/coreAlan,5203
teem-1.6.0-src,src/limn/cam,6134
teem-1.6.0-src,src/limn/defaultsLimn,13
teem-1.6.0-src,src/limn/obj,1080
teem-1.6.0-src,src/limn/io,897
teem-1.6.0-src,src/limn/splineMisc,14861
teem-1.6.0-src,src/limn/qn,3321
teem-1.6.0-src,src/limn/splineMethods,5651
teem-1.6.0-src,src/limn/test/tbc,2140
teem-1.6.0-src,src/limn/test/soid,4645
teem-1.6.0-src,src/limn/test/tspline,2449
teem-1.6.0-src,src/limn/test/tcam,1396
teem-1.6.0-src,src/limn/test/tcamanim,3935
teem-1.6.0-src,src/limn/test/light,620
teem-1.6.0-src,src/limn/test/tps,3476
teem-1.6.0-src,src/limn/test/map,388
teem-1.6.0-src,src/limn/methodsLimn,284
teem-1.6.0-src,src/limn/transform,3921
teem-1.6.0-src,src/limn/shapes,4428
teem-1.6.0-src,src/limn/renderLimn,3763
teem-1.6.0-src,src/limn/env,1448
teem-1.6.0-src,src/limn/splineEval,7353
teem-1.6.0-src,src/limn/light,1038
teem-1.6.0-src,src/limn/hestLimn,1218
ttt-0.10.1.preproc,src/ttt,6061
ttt-0.10.1.preproc,src/engine,2304
ttt-0.10.1.preproc,src/parse,1447
ttt-0.10.1.preproc,src/util,1948
ttt-0.10.1.preproc,src/connect4,4081
ttt-0.10.1.preproc,src/main,1393
unrarlib-0.4.0,unrarlib/unrarlib,12140
unrarlib-0.4.0,samples/unix/listarchive/listarchive,1030
unrarlib-0.4.0,samples/unix/getfile/getfile,837
zlib-1.1.4,inffast,1042
zlib-1.1.4,inftrees,6924
zlib-1.1.4,adler32,372
zlib-1.1.4,infblock,3018
zlib-1.1.4,infutil,392
zlib-1.1.4,infcodes,1654
zlib-1.1.4,inflate,2235
zlib-1.1.4,gzio,3955
zlib-1.1.4,compress,182
zlib-1.1.4,zutil,215
zlib-1.1.4,trees,9416
zlib-1.1.4,deflate,6649
zlib-1.1.4,uncompr,150
zlib-1.1.4,crc32,1316
