size
"2",,"","","","","arm-none-eabi-gcc (GCC) 8.2.0"
"","-Os -std=gnu89 -marm -mcpu=arm966e-s -mno-thumb-interwork"
bzip2-1.0.2,huffman,1364
bzip2-1.0.2,decompress,9735
bzip2-1.0.2,bzip2recover,3833
bzip2-1.0.2,crctable,1024
bzip2-1.0.2,compress,8655
bzip2-1.0.2,randtable,2048
bzip2-1.0.2,bzlib,11471
bzip2-1.0.2,blocksort,6663
bzip2-1.0.2,bzip2,18385
cg_compiler_opensrc,support,26359
cg_compiler_opensrc,cgcmain,2539
cg_compiler_opensrc,constfold,4696
cg_compiler_opensrc,support_iter,2378
cg_compiler_opensrc,symbols,7145
cg_compiler_opensrc,printutils,10995
cg_compiler_opensrc,atom,3704
cg_compiler_opensrc,cpp,7274
cg_compiler_opensrc,compile,14462
cg_compiler_opensrc,cgstruct,136
cg_compiler_opensrc,tokens,3213
cg_compiler_opensrc,binding,1719
cg_compiler_opensrc,hal,3011
cg_compiler_opensrc,stdlib,3222
cg_compiler_opensrc,check,3709
cg_compiler_opensrc,generic_hal,2623
cg_compiler_opensrc,memory,596
cg_compiler_opensrc,tokenize,678
cg_compiler_opensrc,scanner,6735
cg_compiler_opensrc,parser,16083
cg_compiler_opensrc,semantic,4826
cg_compiler_opensrc,inline,3010
compiler,cg,3047
compiler,vam,4263
compiler,vas,6626
compiler,scanner,3643
compiler,parser,4832
compiler,main,2702
flex-2.5.31,regex,631
flex-2.5.31,yylex,1184
flex-2.5.31,skel,94034
flex-2.5.31,filter,2425
flex-2.5.31,scanopt,3838
flex-2.5.31,ccl,1192
flex-2.5.31,parse,9362
flex-2.5.31,nfa,4024
flex-2.5.31,misc,6106
flex-2.5.31,scan,46072
flex-2.5.31,dfa,7598
flex-2.5.31,tblcmp,3840
flex-2.5.31,tables,2221
flex-2.5.31,buf,1119
flex-2.5.31,ecs,580
flex-2.5.31,sym,987
flex-2.5.31,libmain,20
flex-2.5.31,tables_shared,36
flex-2.5.31,options,2610
flex-2.5.31,libyywrap,8
flex-2.5.31,main,20266
flex-2.5.31,gen,24222
jikespg-1.3,src/mkstates,3258
jikespg-1.3,src/prntstat,3656
jikespg-1.3,src/resolve,13368
jikespg-1.3,src/globals,264
jikespg-1.3,src/ctabs,49468
jikespg-1.3,src/produce,11809
jikespg-1.3,src/mkred,7424
jikespg-1.3,src/ptables,3599
jikespg-1.3,src/lpgparse,47985
jikespg-1.3,src/lpgutil,5167
jikespg-1.3,src/spacetab,21652
jikespg-1.3,src/remsp,8506
jikespg-1.3,src/partset,1800
jikespg-1.3,src/mkfirst,15568
jikespg-1.3,src/main,6275
jikespg-1.3,src/tabutil,14378
jikespg-1.3,src/timetab,10528
jpeg-6b,jcmainct,480
jpeg-6b,wrtarga,1188
jpeg-6b,jdmainct,1776
jpeg-6b,jdsample,1824
jpeg-6b,jdmaster,2220
jpeg-6b,jdpostct,1036
jpeg-6b,jquant1,3260
jpeg-6b,wrbmp,3180
jpeg-6b,djpeg,6623
jpeg-6b,jcinit,224
jpeg-6b,rdjpgcom,2623
jpeg-6b,rdgif,93
jpeg-6b,jfdctint,816
jpeg-6b,wrppm,758
jpeg-6b,wrjpgcom,3759
jpeg-6b,jcapistd,644
jpeg-6b,jchuff,3976
jpeg-6b,jdcolor,1396
jpeg-6b,jpegtran,4200
jpeg-6b,jcparam,3612
jpeg-6b,jdmerge,1624
jpeg-6b,jddctmgr,932
jpeg-6b,ansi2knr,3072
jpeg-6b,jfdctfst,528
jpeg-6b,jccolor,1652
jpeg-6b,jdphuff,3400
jpeg-6b,jmemmgr,3830
jpeg-6b,jfdctflt,1160
jpeg-6b,wrrle,0
jpeg-6b,jidctfst,916
jpeg-6b,jcmaster,3208
jpeg-6b,jdatadst,356
jpeg-6b,jutils,448
jpeg-6b,rdswitch,2344
jpeg-6b,jcprepct,1536
jpeg-6b,rdcolmap,1748
jpeg-6b,jcdctmgr,1680
jpeg-6b,jdapimin,1372
jpeg-6b,jcomapi,184
jpeg-6b,rdbmp,2480
jpeg-6b,jdcoefct,3900
jpeg-6b,jerror,5634
jpeg-6b,jidctred,1348
jpeg-6b,jidctint,1316
jpeg-6b,cjpeg,6069
jpeg-6b,rdppm,2152
jpeg-6b,jquant2,4864
jpeg-6b,jdapistd,1196
jpeg-6b,cdjpeg,140
jpeg-6b,transupp,5380
jpeg-6b,rdtarga,2220
jpeg-6b,wrgif,2884
jpeg-6b,jdhuff,3036
jpeg-6b,jctrans,1612
jpeg-6b,jdmarker,7248
jpeg-6b,jcmarker,2232
jpeg-6b,jccoefct,2144
jpeg-6b,jcsample,2296
jpeg-6b,jcapimin,988
jpeg-6b,jmemnobs,72
jpeg-6b,jidctflt,1600
jpeg-6b,jdtrans,436
jpeg-6b,jdatasrc,416
jpeg-6b,jdinput,1524
jpeg-6b,jcphuff,3336
jpeg-6b,rdrle,0
libmspack,test/md5,3620
libmspack,test/cabd_md5,1345
libmspack,test/cabextract_md5,25062
libmspack,test/cabrip,535
libmspack,test/chmd_md5,1262
libmspack,test/cabd_test,10430
libmspack,mspack/lzxc,0
libmspack,mspack/qtmc,0
libmspack,mspack/kwajc,12
libmspack,mspack/cabc,12
libmspack,mspack/szddc,12
libmspack,mspack/cabd,7128
libmspack,mspack/hlpd,12
libmspack,mspack/litd,12
libmspack,mspack/mszipd,36
libmspack,mspack/kwajd,12
libmspack,mspack/qtmd,5948
libmspack,mspack/litc,12
libmspack,mspack/lzxd,7200
libmspack,mspack/mszipc,0
libmspack,mspack/chmd,4156
libmspack,mspack/szddd,12
libmspack,mspack/chmc,12
libmspack,mspack/system,846
libmspack,mspack/hlpc,12
libpng-1.2.5,pngtrans,2296
libpng-1.2.5,pngwrite,6961
libpng-1.2.5,pngtest,7140
libpng-1.2.5,pngerror,1055
libpng-1.2.5,pngpread,6627
libpng-1.2.5,pngrutil,16779
libpng-1.2.5,pngrio,329
libpng-1.2.5,pngread,7518
libpng-1.2.5,pngrtran,20524
libpng-1.2.5,pngwio,369
libpng-1.2.5,pngwtran,1996
libpng-1.2.5,png,2916
libpng-1.2.5,png2pnm,2913
libpng-1.2.5,pngwutil,13537
libpng-1.2.5,pngmem,521
libpng-1.2.5,pnm2png,3325
libpng-1.2.5,pngget,3452
libpng-1.2.5,pngset,6733
linux-2.4.23-pre3-testplatform,net/socket,6880
linux-2.4.23-pre3-testplatform,net/8021q/vlanproc,28
linux-2.4.23-pre3-testplatform,net/8021q/vlan,800
linux-2.4.23-pre3-testplatform,net/8021q/vlan_dev,4102
linux-2.4.23-pre3-testplatform,net/802/p8023,134
linux-2.4.23-pre3-testplatform,net/netlink/af_netlink,4252
linux-2.4.23-pre3-testplatform,net/ipv4/ip_sockglue,5612
linux-2.4.23-pre3-testplatform,net/ipv4/proc,2850
linux-2.4.23-pre3-testplatform,net/ipv4/inetpeer,2142
linux-2.4.23-pre3-testplatform,net/ipv4/tcp,13757
linux-2.4.23-pre3-testplatform,net/ipv4/tcp_timer,3642
linux-2.4.23-pre3-testplatform,net/ipv4/ip_forward,508
linux-2.4.23-pre3-testplatform,net/ipv4/ip_output,4827
linux-2.4.23-pre3-testplatform,net/ipv4/ip_input,896
linux-2.4.23-pre3-testplatform,net/ipv4/tcp_input,21507
linux-2.4.23-pre3-testplatform,net/ipv4/tcp_ipv4,14353
linux-2.4.23-pre3-testplatform,net/ipv4/sysctl_net_ipv4,0
linux-2.4.23-pre3-testplatform,net/ipv4/route,12004
linux-2.4.23-pre3-testplatform,net/ipv4/protocol,550
linux-2.4.23-pre3-testplatform,net/ipv4/devinet,6143
linux-2.4.23-pre3-testplatform,net/ipv4/tcp_output,9851
linux-2.4.23-pre3-testplatform,net/ipv4/udp,5808
linux-2.4.23-pre3-testplatform,net/ipv4/ip_options,3814
linux-2.4.23-pre3-testplatform,net/ipv4/tcp_minisocks,4767
linux-2.4.23-pre3-testplatform,net/ipv4/utils,104
linux-2.4.23-pre3-testplatform,net/ipv4/igmp,11530
linux-2.4.23-pre3-testplatform,net/ipv4/arp,5012
linux-2.4.23-pre3-testplatform,net/ipv4/af_inet,5593
linux-2.4.23-pre3-testplatform,net/ipv4/ip_fragment,3321
linux-2.4.23-pre3-testplatform,net/ipv4/fib_hash,4089
linux-2.4.23-pre3-testplatform,net/ipv4/tcp_diag,3694
linux-2.4.23-pre3-testplatform,net/ipv4/raw,3768
linux-2.4.23-pre3-testplatform,net/ipv4/fib_semantics,3586
linux-2.4.23-pre3-testplatform,net/ipv4/fib_frontend,2676
linux-2.4.23-pre3-testplatform,net/ipv4/icmp,4294
linux-2.4.23-pre3-testplatform,net/sunrpc/xprt,6294
linux-2.4.23-pre3-testplatform,net/sunrpc/timer,204
linux-2.4.23-pre3-testplatform,net/sunrpc/auth_null,336
linux-2.4.23-pre3-testplatform,net/sunrpc/sched,3951
linux-2.4.23-pre3-testplatform,net/sunrpc/sunrpc_syms,0
linux-2.4.23-pre3-testplatform,net/sunrpc/svcauth,708
linux-2.4.23-pre3-testplatform,net/sunrpc/svcsock,4505
linux-2.4.23-pre3-testplatform,net/sunrpc/xdr,1992
linux-2.4.23-pre3-testplatform,net/sunrpc/auth_unix,846
linux-2.4.23-pre3-testplatform,net/sunrpc/clnt,4360
linux-2.4.23-pre3-testplatform,net/sunrpc/pmap_clnt,857
linux-2.4.23-pre3-testplatform,net/sunrpc/auth,1104
linux-2.4.23-pre3-testplatform,net/sunrpc/svc,2361
linux-2.4.23-pre3-testplatform,net/ethernet/eth,693
linux-2.4.23-pre3-testplatform,net/sched/sch_generic,2642
linux-2.4.23-pre3-testplatform,net/core/skbuff,6293
linux-2.4.23-pre3-testplatform,net/core/neighbour,8797
linux-2.4.23-pre3-testplatform,net/core/iovec,1076
linux-2.4.23-pre3-testplatform,net/core/dst,996
linux-2.4.23-pre3-testplatform,net/core/dev_mcast,937
linux-2.4.23-pre3-testplatform,net/core/sock,3709
linux-2.4.23-pre3-testplatform,net/core/utils,265
linux-2.4.23-pre3-testplatform,net/core/rtnetlink,3265
linux-2.4.23-pre3-testplatform,net/core/scm,984
linux-2.4.23-pre3-testplatform,net/core/dev,9960
linux-2.4.23-pre3-testplatform,net/core/ethtool,120
linux-2.4.23-pre3-testplatform,net/core/datagram,1843
linux-2.4.23-pre3-testplatform,kernel/timer,2625
linux-2.4.23-pre3-testplatform,kernel/printk,2300
linux-2.4.23-pre3-testplatform,kernel/info,332
linux-2.4.23-pre3-testplatform,kernel/sched,3138
linux-2.4.23-pre3-testplatform,kernel/ptrace,912
linux-2.4.23-pre3-testplatform,kernel/kmod,300
linux-2.4.23-pre3-testplatform,kernel/dma,20
linux-2.4.23-pre3-testplatform,kernel/fork,1289
linux-2.4.23-pre3-testplatform,kernel/time,752
linux-2.4.23-pre3-testplatform,kernel/acct,8
linux-2.4.23-pre3-testplatform,kernel/context,435
linux-2.4.23-pre3-testplatform,kernel/user,252
linux-2.4.23-pre3-testplatform,kernel/exit,843
linux-2.4.23-pre3-testplatform,kernel/capability,20
linux-2.4.23-pre3-testplatform,kernel/softirq,1902
linux-2.4.23-pre3-testplatform,kernel/sysctl,100
linux-2.4.23-pre3-testplatform,kernel/itimer,444
linux-2.4.23-pre3-testplatform,kernel/resource,1317
linux-2.4.23-pre3-testplatform,kernel/exec_domain,635
linux-2.4.23-pre3-testplatform,kernel/sys,2412
linux-2.4.23-pre3-testplatform,kernel/module,991
linux-2.4.23-pre3-testplatform,kernel/signal,2879
linux-2.4.23-pre3-testplatform,kernel/panic,587
linux-2.4.23-pre3-testplatform,ipc/msg,1858
linux-2.4.23-pre3-testplatform,ipc/sem,3570
linux-2.4.23-pre3-testplatform,ipc/util,887
linux-2.4.23-pre3-testplatform,ipc/shm,2227
linux-2.4.23-pre3-testplatform,arch/testplatform/kernel/init_task,9916
linux-2.4.23-pre3-testplatform,arch/testplatform/kernel/head,4
linux-2.4.23-pre3-testplatform,arch/testplatform/kernel/sys_s390,804
linux-2.4.23-pre3-testplatform,arch/testplatform/kernel/s390fpu,28
linux-2.4.23-pre3-testplatform,arch/testplatform/kernel/entry,36
linux-2.4.23-pre3-testplatform,arch/testplatform/kernel/ptrace,1424
linux-2.4.23-pre3-testplatform,arch/testplatform/kernel/cpcmd,4
linux-2.4.23-pre3-testplatform,arch/testplatform/kernel/traps,3788
linux-2.4.23-pre3-testplatform,arch/testplatform/kernel/time,20
linux-2.4.23-pre3-testplatform,arch/testplatform/kernel/debug,4030
linux-2.4.23-pre3-testplatform,arch/testplatform/kernel/s390_ext,708
linux-2.4.23-pre3-testplatform,arch/testplatform/kernel/reipl,4
linux-2.4.23-pre3-testplatform,arch/testplatform/kernel/bitmap,3
linux-2.4.23-pre3-testplatform,arch/testplatform/kernel/ebcdic,1536
linux-2.4.23-pre3-testplatform,arch/testplatform/kernel/needed,32
linux-2.4.23-pre3-testplatform,arch/testplatform/kernel/signal,1288
linux-2.4.23-pre3-testplatform,arch/testplatform/kernel/setup,2296
linux-2.4.23-pre3-testplatform,arch/testplatform/kernel/irq,36
linux-2.4.23-pre3-testplatform,arch/testplatform/kernel/semaphore,76
linux-2.4.23-pre3-testplatform,arch/testplatform/kernel/process,796
linux-2.4.23-pre3-testplatform,arch/testplatform/mm/fault,326
linux-2.4.23-pre3-testplatform,arch/testplatform/mm/ioremap,751
linux-2.4.23-pre3-testplatform,arch/testplatform/mm/init,1872
linux-2.4.23-pre3-testplatform,arch/testplatform/mm/extable,88
linux-2.4.23-pre3-testplatform,arch/testplatform/lib/checksum,8
linux-2.4.23-pre3-testplatform,arch/testplatform/lib/strncpy,8
linux-2.4.23-pre3-testplatform,arch/testplatform/lib/uaccess,24
linux-2.4.23-pre3-testplatform,arch/testplatform/lib/delay,8
linux-2.4.23-pre3-testplatform,arch/testplatform/lib/misaligned,144
linux-2.4.23-pre3-testplatform,arch/testplatform/lib/strcmp,8
linux-2.4.23-pre3-testplatform,arch/testplatform/lib/memset,8
linux-2.4.23-pre3-testplatform,arch/testplatform/lib/memcpy,8
linux-2.4.23-pre3-testplatform,mm/mlock,748
linux-2.4.23-pre3-testplatform,mm/slab,3906
linux-2.4.23-pre3-testplatform,mm/swap,522
linux-2.4.23-pre3-testplatform,mm/shmem,6007
linux-2.4.23-pre3-testplatform,mm/swap_state,1167
linux-2.4.23-pre3-testplatform,mm/oom_kill,679
linux-2.4.23-pre3-testplatform,mm/swapfile,3671
linux-2.4.23-pre3-testplatform,mm/vmalloc,2271
linux-2.4.23-pre3-testplatform,mm/mremap,772
linux-2.4.23-pre3-testplatform,mm/vmscan,56
linux-2.4.23-pre3-testplatform,mm/filemap,10933
linux-2.4.23-pre3-testplatform,mm/mmap,2878
linux-2.4.23-pre3-testplatform,mm/page_io,655
linux-2.4.23-pre3-testplatform,mm/page_alloc,3243
linux-2.4.23-pre3-testplatform,mm/memory,4128
linux-2.4.23-pre3-testplatform,mm/numa,908
linux-2.4.23-pre3-testplatform,mm/bootmem,1759
linux-2.4.23-pre3-testplatform,mm/mprotect,888
linux-2.4.23-pre3-testplatform,lib/dec_and_lock,0
linux-2.4.23-pre3-testplatform,lib/rbtree,1100
linux-2.4.23-pre3-testplatform,lib/dump_stack,66
linux-2.4.23-pre3-testplatform,lib/zlib_inflate/inffast,942
linux-2.4.23-pre3-testplatform,lib/zlib_inflate/inftrees,6785
linux-2.4.23-pre3-testplatform,lib/zlib_inflate/infblock,2546
linux-2.4.23-pre3-testplatform,lib/zlib_inflate/infutil,400
linux-2.4.23-pre3-testplatform,lib/zlib_inflate/infcodes,1626
linux-2.4.23-pre3-testplatform,lib/zlib_inflate/inflate,2922
linux-2.4.23-pre3-testplatform,lib/zlib_inflate/inflate_syms,0
linux-2.4.23-pre3-testplatform,lib/zlib_deflate/deflate_syms,0
linux-2.4.23-pre3-testplatform,lib/zlib_deflate/deflate,6208
linux-2.4.23-pre3-testplatform,lib/zlib_deflate/deftree,8428
linux-2.4.23-pre3-testplatform,lib/rwsem-spinlock,476
linux-2.4.23-pre3-testplatform,lib/bust_spinlocks,78
linux-2.4.23-pre3-testplatform,lib/vsprintf,3725
linux-2.4.23-pre3-testplatform,lib/brlock,0
linux-2.4.23-pre3-testplatform,lib/string,936
linux-2.4.23-pre3-testplatform,lib/ctype,256
linux-2.4.23-pre3-testplatform,lib/errno,0
linux-2.4.23-pre3-testplatform,lib/cmdline,312
linux-2.4.23-pre3-testplatform,init/do_mounts,3425
linux-2.4.23-pre3-testplatform,init/version,499
linux-2.4.23-pre3-testplatform,init/main,1278
linux-2.4.23-pre3-testplatform,fs/seq_file,2060
linux-2.4.23-pre3-testplatform,fs/block_dev,3785
linux-2.4.23-pre3-testplatform,fs/dnotify,344
linux-2.4.23-pre3-testplatform,fs/pipe,2034
linux-2.4.23-pre3-testplatform,fs/xattr,920
linux-2.4.23-pre3-testplatform,fs/binfmt_elf,0
linux-2.4.23-pre3-testplatform,fs/attr,626
linux-2.4.23-pre3-testplatform,fs/filesystems,0
linux-2.4.23-pre3-testplatform,fs/locks,5890
linux-2.4.23-pre3-testplatform,fs/partitions/check,1699
linux-2.4.23-pre3-testplatform,fs/partitions/msdos,1404
linux-2.4.23-pre3-testplatform,fs/bad_inode,256
linux-2.4.23-pre3-testplatform,fs/iobuf,991
linux-2.4.23-pre3-testplatform,fs/nfsd/export,4977
linux-2.4.23-pre3-testplatform,fs/nfsd/nfsproc,3579
linux-2.4.23-pre3-testplatform,fs/nfsd/stats,44
linux-2.4.23-pre3-testplatform,fs/nfsd/nfsctl,16
linux-2.4.23-pre3-testplatform,fs/nfsd/nfsxdr,2296
linux-2.4.23-pre3-testplatform,fs/nfsd/nfsfh,5042
linux-2.4.23-pre3-testplatform,fs/nfsd/nfs3proc,3238
linux-2.4.23-pre3-testplatform,fs/nfsd/lockd,280
linux-2.4.23-pre3-testplatform,fs/nfsd/nfs3xdr,4976
linux-2.4.23-pre3-testplatform,fs/nfsd/nfssvc,869
linux-2.4.23-pre3-testplatform,fs/nfsd/auth,136
linux-2.4.23-pre3-testplatform,fs/nfsd/nfscache,1891
linux-2.4.23-pre3-testplatform,fs/nfsd/vfs,7448
linux-2.4.23-pre3-testplatform,fs/fifo,604
linux-2.4.23-pre3-testplatform,fs/exec,2439
linux-2.4.23-pre3-testplatform,fs/file_table,895
linux-2.4.23-pre3-testplatform,fs/buffer,11121
linux-2.4.23-pre3-testplatform,fs/open,3233
linux-2.4.23-pre3-testplatform,fs/devices,990
linux-2.4.23-pre3-testplatform,fs/select,596
linux-2.4.23-pre3-testplatform,fs/super,3522
linux-2.4.23-pre3-testplatform,fs/fcntl,1554
linux-2.4.23-pre3-testplatform,fs/dcache,4430
linux-2.4.23-pre3-testplatform,fs/char_dev,443
linux-2.4.23-pre3-testplatform,fs/read_write,2328
linux-2.4.23-pre3-testplatform,fs/namespace,2295
linux-2.4.23-pre3-testplatform,fs/ext3/balloc,5284
linux-2.4.23-pre3-testplatform,fs/ext3/symlink,112
linux-2.4.23-pre3-testplatform,fs/ext3/ialloc,3211
linux-2.4.23-pre3-testplatform,fs/ext3/super,13252
linux-2.4.23-pre3-testplatform,fs/ext3/bitmap,148
linux-2.4.23-pre3-testplatform,fs/ext3/ioctl,379
linux-2.4.23-pre3-testplatform,fs/ext3/fsync,12
linux-2.4.23-pre3-testplatform,fs/ext3/inode,10620
linux-2.4.23-pre3-testplatform,fs/ext3/namei,7179
linux-2.4.23-pre3-testplatform,fs/ext3/dir,1404
linux-2.4.23-pre3-testplatform,fs/ext3/file,372
linux-2.4.23-pre3-testplatform,fs/lockd/host,1708
linux-2.4.23-pre3-testplatform,fs/lockd/svcsubs,1247
linux-2.4.23-pre3-testplatform,fs/lockd/clntlock,847
linux-2.4.23-pre3-testplatform,fs/lockd/svc4proc,2880
linux-2.4.23-pre3-testplatform,fs/lockd/svclock,2339
linux-2.4.23-pre3-testplatform,fs/lockd/lockd_syms,0
linux-2.4.23-pre3-testplatform,fs/lockd/xdr4,3760
linux-2.4.23-pre3-testplatform,fs/lockd/xdr,3903
linux-2.4.23-pre3-testplatform,fs/lockd/clntproc,1913
linux-2.4.23-pre3-testplatform,fs/lockd/svcproc,2944
linux-2.4.23-pre3-testplatform,fs/lockd/svcshare,440
linux-2.4.23-pre3-testplatform,fs/lockd/mon,1078
linux-2.4.23-pre3-testplatform,fs/lockd/svc,847
linux-2.4.23-pre3-testplatform,fs/ioctl,476
linux-2.4.23-pre3-testplatform,fs/readdir,1693
linux-2.4.23-pre3-testplatform,fs/nfs/proc,1764
linux-2.4.23-pre3-testplatform,fs/nfs/unlink,812
linux-2.4.23-pre3-testplatform,fs/nfs/symlink,440
linux-2.4.23-pre3-testplatform,fs/nfs/nfs2xdr,3844
linux-2.4.23-pre3-testplatform,fs/nfs/read,2184
linux-2.4.23-pre3-testplatform,fs/nfs/flushd,572
linux-2.4.23-pre3-testplatform,fs/nfs/nfs3proc,3004
linux-2.4.23-pre3-testplatform,fs/nfs/pagelist,2291
linux-2.4.23-pre3-testplatform,fs/nfs/write,5694
linux-2.4.23-pre3-testplatform,fs/nfs/nfs3xdr,5580
linux-2.4.23-pre3-testplatform,fs/nfs/inode,6469
linux-2.4.23-pre3-testplatform,fs/nfs/dir,4612
linux-2.4.23-pre3-testplatform,fs/nfs/file,1080
linux-2.4.23-pre3-testplatform,fs/ramfs/inode,1047
linux-2.4.23-pre3-testplatform,fs/stat,704
linux-2.4.23-pre3-testplatform,fs/jbd/commit,4390
linux-2.4.23-pre3-testplatform,fs/jbd/checkpoint,3442
linux-2.4.23-pre3-testplatform,fs/jbd/journal,7676
linux-2.4.23-pre3-testplatform,fs/jbd/transaction,8813
linux-2.4.23-pre3-testplatform,fs/jbd/revoke,2327
linux-2.4.23-pre3-testplatform,fs/jbd/recovery,2190
linux-2.4.23-pre3-testplatform,fs/binfmt_script,472
linux-2.4.23-pre3-testplatform,fs/inode,4969
linux-2.4.23-pre3-testplatform,fs/namei,4848
linux-2.4.23-pre3-testplatform,fs/quota,2994
linux-2.4.23-pre3-testplatform,fs/file,749
linux-2.4.23-pre3-testplatform,drivers/net/net_init,791
linux-2.4.23-pre3-testplatform,drivers/net/auto_irq,72
linux-2.4.23-pre3-testplatform,drivers/net/setup,48
linux-2.4.23-pre3-testplatform,drivers/net/loopback,412
linux-2.4.23-pre3-testplatform,drivers/net/Space,3496
linux-2.4.23-pre3-testplatform,drivers/char/n_tty,5171
linux-2.4.23-pre3-testplatform,drivers/char/misc,1016
linux-2.4.23-pre3-testplatform,drivers/char/pty,1799
linux-2.4.23-pre3-testplatform,drivers/char/mem,2444
linux-2.4.23-pre3-testplatform,drivers/char/random,4968
linux-2.4.23-pre3-testplatform,drivers/char/raw,1492
linux-2.4.23-pre3-testplatform,drivers/char/tty_io,10140
linux-2.4.23-pre3-testplatform,drivers/char/tty_ioctl,1883
linux-2.4.23-pre3-testplatform,drivers/block/blkpg,1088
linux-2.4.23-pre3-testplatform,drivers/block/elevator,844
linux-2.4.23-pre3-testplatform,drivers/block/genhd,276
linux-2.4.23-pre3-testplatform,drivers/block/ll_rw_blk,5853
lwip-0.5.3.preproc,src/core/ipv4/ip_addr,4
lwip-0.5.3.preproc,src/core/ipv4/ip,1820
lwip-0.5.3.preproc,src/core/ipv4/icmp,936
lwip-0.5.3.preproc,src/core/tcp,3487
lwip-0.5.3.preproc,src/core/pbuf,1776
lwip-0.5.3.preproc,src/core/inet,524
lwip-0.5.3.preproc,src/core/stats,24
lwip-0.5.3.preproc,src/core/tcp_input,5692
lwip-0.5.3.preproc,src/core/tcp_output,3148
lwip-0.5.3.preproc,src/core/mem,1248
lwip-0.5.3.preproc,src/core/udp,1380
lwip-0.5.3.preproc,src/core/sys,464
lwip-0.5.3.preproc,src/core/memp,920
lwip-0.5.3.preproc,src/core/netif,632
lwip-0.5.3.preproc,src/api/err,0
lwip-0.5.3.preproc,src/api/api_msg,2036
lwip-0.5.3.preproc,src/api/api_lib,2512
lwip-0.5.3.preproc,src/api/tcpip,376
lwip-0.5.3.preproc,src/api/sockets,1356
lwip-0.5.3.preproc,src/netif/loopif,136
lwip-0.5.3.preproc,src/netif/arp,1604
lwip-0.5.3.preproc,src/netif/tcpdump,1755
lwip-0.5.3.preproc,proj/unixsim/simnode,382
lwip-0.5.3.preproc,proj/unixsim/apps/httpd,851
lwip-0.5.3.preproc,proj/unixsim/apps/shell,9801
lwip-0.5.3.preproc,proj/unixsim/apps/fs,39844
lwip-0.5.3.preproc,proj/unixsim/apps/tcpecho,160
lwip-0.5.3.preproc,proj/unixsim/apps/udpecho,168
lwip-0.5.3.preproc,proj/unixsim/simrouter,554
lwip-0.5.3.preproc,proj/unixsim/simhost,414
mpeg2dec-0.3.1,src/getopt,3376
mpeg2dec-0.3.1,src/extract_mpeg2,3628
mpeg2dec-0.3.1,src/gettimeofday,0
mpeg2dec-0.3.1,src/mpeg2dec,4958
mpeg2dec-0.3.1,libvo/video_out,150
mpeg2dec-0.3.1,libvo/yuv2rgb,4540
mpeg2dec-0.3.1,libvo/yuv2rgb_mlib,0
mpeg2dec-0.3.1,libvo/yuv2rgb_mmx,0
mpeg2dec-0.3.1,libvo/video_out_pgm,549
mpeg2dec-0.3.1,libvo/video_out_null,248
mpeg2dec-0.3.1,libvo/video_out_dx,0
mpeg2dec-0.3.1,libvo/video_out_x11,0
mpeg2dec-0.3.1,libvo/video_out_sdl,845
mpeg2dec-0.3.1,libmpeg2/cpu_accel,8
mpeg2dec-0.3.1,libmpeg2/cpu_state,4
mpeg2dec-0.3.1,libmpeg2/motion_comp_altivec,0
mpeg2dec-0.3.1,libmpeg2/idct,1708
mpeg2dec-0.3.1,libmpeg2/idct_alpha,0
mpeg2dec-0.3.1,libmpeg2/alloc,140
mpeg2dec-0.3.1,libmpeg2/idct_mlib,0
mpeg2dec-0.3.1,libmpeg2/idct_altivec,0
mpeg2dec-0.3.1,libmpeg2/decode,2232
mpeg2dec-0.3.1,libmpeg2/motion_comp_mlib,0
mpeg2dec-0.3.1,libmpeg2/motion_comp_alpha,0
mpeg2dec-0.3.1,libmpeg2/header,4328
mpeg2dec-0.3.1,libmpeg2/motion_comp,6384
mpeg2dec-0.3.1,libmpeg2/motion_comp_mmx,0
mpeg2dec-0.3.1,libmpeg2/slice,18100
mpeg2dec-0.3.1,libmpeg2/idct_mmx,0
mpgcut-1.1,mpgcut,11591
OpenTCP-1.0.4,tcp,6182
OpenTCP-1.0.4,dns/dns,1656
OpenTCP-1.0.4,timers,284
OpenTCP-1.0.4,ip,2060
OpenTCP-1.0.4,http/http_server,1576
OpenTCP-1.0.4,http/https_callbacks,696
OpenTCP-1.0.4,smtp/smtpc_callbacks,44
OpenTCP-1.0.4,smtp/smtp_client,2392
OpenTCP-1.0.4,tftp/tftps,956
OpenTCP-1.0.4,udp,1734
OpenTCP-1.0.4,pop3/pop3c_callbacks,36
OpenTCP-1.0.4,pop3/pop3_client,4023
OpenTCP-1.0.4,dhcp/dhcpc,2760
OpenTCP-1.0.4,arp,2549
OpenTCP-1.0.4,bootp/bootp,1608
OpenTCP-1.0.4,system,1244
OpenTCP-1.0.4,icmp,428
OpenTCP-1.0.4,ethernet,2236
OpenTCP-1.0.4,demo/udp_demo,300
OpenTCP-1.0.4,demo/main_demo,272
OpenTCP-1.0.4,demo/tcp_client_demo,440
OpenTCP-1.0.4,demo/tcp_server_demo,384
replaypc-0.4.0.preproc,headend,1666
replaypc-0.4.0.preproc,program,4490
replaypc-0.4.0.preproc,cg,2203
replaypc-0.4.0.preproc,bigfile,188
replaypc-0.4.0.preproc,ndx,513
replaypc-0.4.0.preproc,ReplayPC,4320
replaypc-0.4.0.preproc,dump-replayshows,306
replaypc-0.4.0.preproc,addressbook,711
replaypc-0.4.0.preproc,dump-addressbook,497
replaypc-0.4.0.preproc,un-protect,1266
replaypc-0.4.0.preproc,find-GOPs,200
replaypc-0.4.0.preproc,rtvguide,1658
replaypc-0.4.0.preproc,crypt,940
replaypc-0.4.0.preproc,dump,1618
replaypc-0.4.0.preproc,mark-commercial,2122
replaypc-0.4.0.preproc,rddns,541
replaypc-0.4.0.preproc,httpfs,6570
replaypc-0.4.0.preproc,filedarray,242
replaypc-0.4.0.preproc,rddnsclient,1242
replaypc-0.4.0.preproc,dump-channelset,368
replaypc-0.4.0.preproc,httpclient,2416
replaypc-0.4.0.preproc,guide,7434
replaypc-0.4.0.preproc,dump-guide,494
replaypc-0.4.0.preproc,dump-filedarray,508
replaypc-0.4.0.preproc,guideclient,741
replaypc-0.4.0.preproc,version-test,166
replaypc-0.4.0.preproc,zipcode,399
replaypc-0.4.0.preproc,build-ndx,456
replaypc-0.4.0.preproc,dump-programset,649
replaypc-0.4.0.preproc,channelset,207
replaypc-0.4.0.preproc,rtv,892
replaypc-0.4.0.preproc,httpfsclient,2158
replaypc-0.4.0.preproc,ndx-dump,4120
replaypc-0.4.0.preproc,sleep,12
replaypc-0.4.0.preproc,dump-headend,342
replaypc-0.4.0.preproc,dump-replaychannels,318
replaypc-0.4.0.preproc,dump-cg2,507
replaypc-0.4.0.preproc,dump-zipcode2,298
replaypc-0.4.0.preproc,crypt-test,1107
teem-1.6.0-src,src/echo/matter,492
teem-1.6.0-src,src/echo/color,10396
teem-1.6.0-src,src/echo/lightEcho,897
teem-1.6.0-src,src/echo/list,1588
teem-1.6.0-src,src/echo/enumsEcho,13165
teem-1.6.0-src,src/echo/renderEcho,5826
teem-1.6.0-src,src/echo/model,1484
teem-1.6.0-src,src/echo/test/test,1182
teem-1.6.0-src,src/echo/test/trend,9061
teem-1.6.0-src,src/echo/sqd,8945
teem-1.6.0-src,src/echo/intx,16606
teem-1.6.0-src,src/echo/methodsEcho,765
teem-1.6.0-src,src/echo/objmethods,1460
teem-1.6.0-src,src/echo/bounds,6879
teem-1.6.0-src,src/echo/set,1036
teem-1.6.0-src,src/dye/methodsDye,2294
teem-1.6.0-src,src/dye/convertDye,4448
teem-1.6.0-src,src/dye/test/bow,710
teem-1.6.0-src,src/dye/test/conv,476
teem-1.6.0-src,src/hex/enhex,901
teem-1.6.0-src,src/hex/dehex,1431
teem-1.6.0-src,src/mite/renderMite,1341
teem-1.6.0-src,src/mite/txf,7991
teem-1.6.0-src,src/mite/user,999
teem-1.6.0-src,src/mite/thread,346
teem-1.6.0-src,src/mite/defaultsMite,33
teem-1.6.0-src,src/mite/ray,4722
teem-1.6.0-src,src/biff/test/test,244
teem-1.6.0-src,src/biff/biff,2779
teem-1.6.0-src,src/air/mop,1727
teem-1.6.0-src,src/air/threadAir,1209
teem-1.6.0-src,src/air/sane,3290
teem-1.6.0-src,src/air/dio,1876
teem-1.6.0-src,src/air/754,2023
teem-1.6.0-src,src/air/test/floatprint,708
teem-1.6.0-src,src/air/test/tline,505
teem-1.6.0-src,src/air/test/fp,1874
teem-1.6.0-src,src/air/test/tok,338
teem-1.6.0-src,src/air/test/tmop,755
teem-1.6.0-src,src/air/test/doubleprint,698
teem-1.6.0-src,src/air/parseAir,5370
teem-1.6.0-src,src/air/enum,872
teem-1.6.0-src,src/air/string,1468
teem-1.6.0-src,src/air/endianAir,1338
teem-1.6.0-src,src/air/miscAir,4716
teem-1.6.0-src,src/air/array,688
teem-1.6.0-src,src/unrrdu/inset,1693
teem-1.6.0-src,src/unrrdu/crop,1740
teem-1.6.0-src,src/unrrdu/head,1778
teem-1.6.0-src,src/unrrdu/convert,1420
teem-1.6.0-src,src/unrrdu/reshape,1254
teem-1.6.0-src,src/unrrdu/about,2887
teem-1.6.0-src,src/unrrdu/axinfo,1817
teem-1.6.0-src,src/unrrdu/swap,1117
teem-1.6.0-src,src/unrrdu/jhisto,3089
teem-1.6.0-src,src/unrrdu/axmerge,1643
teem-1.6.0-src,src/unrrdu/histax,1675
teem-1.6.0-src,src/unrrdu/data,1508
teem-1.6.0-src,src/unrrdu/3op,2752
teem-1.6.0-src,src/unrrdu/permute,1293
teem-1.6.0-src,src/unrrdu/quantize,1926
teem-1.6.0-src,src/unrrdu/lut,2469
teem-1.6.0-src,src/unrrdu/axinsert,1393
teem-1.6.0-src,src/unrrdu/ccsettle,1362
teem-1.6.0-src,src/unrrdu/axdelete,1782
teem-1.6.0-src,src/unrrdu/imap,2886
teem-1.6.0-src,src/unrrdu/rmap,2909
teem-1.6.0-src,src/unrrdu/project,2197
teem-1.6.0-src,src/unrrdu/flip,1078
teem-1.6.0-src,src/unrrdu/histo,1854
teem-1.6.0-src,src/unrrdu/save,3130
teem-1.6.0-src,src/unrrdu/gamma,1638
teem-1.6.0-src,src/unrrdu/splice,1741
teem-1.6.0-src,src/unrrdu/1op,1995
teem-1.6.0-src,src/unrrdu/ccfind,2077
teem-1.6.0-src,src/unrrdu/block,1366
teem-1.6.0-src,src/unrrdu/ccadj,1425
teem-1.6.0-src,src/unrrdu/dhisto,1634
teem-1.6.0-src,src/unrrdu/axsplit,1404
teem-1.6.0-src,src/unrrdu/resample,3846
teem-1.6.0-src,src/unrrdu/cmedian,2920
teem-1.6.0-src,src/unrrdu/join,1756
teem-1.6.0-src,src/unrrdu/unquantize,1479
teem-1.6.0-src,src/unrrdu/ccmerge,3043
teem-1.6.0-src,src/unrrdu/unblock,1430
teem-1.6.0-src,src/unrrdu/flotsam,3306
teem-1.6.0-src,src/unrrdu/shuffle,2028
teem-1.6.0-src,src/unrrdu/dice,2154
teem-1.6.0-src,src/unrrdu/minmax,1414
teem-1.6.0-src,src/unrrdu/heq,2417
teem-1.6.0-src,src/unrrdu/pad,2152
teem-1.6.0-src,src/unrrdu/make,7430
teem-1.6.0-src,src/unrrdu/slice,1589
teem-1.6.0-src,src/unrrdu/2op,2566
teem-1.6.0-src,src/moss/hestMoss,1310
teem-1.6.0-src,src/moss/methodsMoss,1280
teem-1.6.0-src,src/moss/sampler,2773
teem-1.6.0-src,src/moss/test/invert,392
teem-1.6.0-src,src/moss/xform,3694
teem-1.6.0-src,src/moss/defaultsMoss,17
teem-1.6.0-src,src/gage/miscGage,5447
teem-1.6.0-src,src/gage/vecprint,52
teem-1.6.0-src,src/gage/sclfilter,12893
teem-1.6.0-src,src/gage/ctx,5420
teem-1.6.0-src,src/gage/filter,3871
teem-1.6.0-src,src/gage/sclprint,1053
teem-1.6.0-src,src/gage/shape,3816
teem-1.6.0-src,src/gage/st,4103
teem-1.6.0-src,src/gage/print,7113
teem-1.6.0-src,src/gage/scl,19232
teem-1.6.0-src,src/gage/vecGage,14632
teem-1.6.0-src,src/gage/pvl,1799
teem-1.6.0-src,src/gage/defaultsGage,53
teem-1.6.0-src,src/gage/sclanswer,9469
teem-1.6.0-src,src/gage/update,5740
teem-1.6.0-src,src/bane/valid,2886
teem-1.6.0-src,src/bane/inc,4405
teem-1.6.0-src,src/bane/gkmsTxf,3748
teem-1.6.0-src,src/bane/rangeBane,1941
teem-1.6.0-src,src/bane/gkmsInfo,1541
teem-1.6.0-src,src/bane/clip,1571
teem-1.6.0-src,src/bane/measr,1742
teem-1.6.0-src,src/bane/trnsf,5491
teem-1.6.0-src,src/bane/gkmsMite,1412
teem-1.6.0-src,src/bane/gkmsOpac,3701
teem-1.6.0-src,src/bane/gkmsFlotsam,3554
teem-1.6.0-src,src/bane/gkmsScat,1828
teem-1.6.0-src,src/bane/hvol,8453
teem-1.6.0-src,src/bane/defaultsBane,29
teem-1.6.0-src,src/bane/gkmsHvol,3274
teem-1.6.0-src,src/bane/test/sigma,213
teem-1.6.0-src,src/bane/test/tinfo,629
teem-1.6.0-src,src/bane/test/tblah,1241
teem-1.6.0-src,src/bane/test/pos,697
teem-1.6.0-src,src/bane/test/opac,590
teem-1.6.0-src,src/bane/gkmsPvg,3602
teem-1.6.0-src,src/bane/trex,418
teem-1.6.0-src,src/bane/methodsBane,683
teem-1.6.0-src,src/bane/scat,921
teem-1.6.0-src,src/hest/usage,3394
teem-1.6.0-src,src/hest/defaultsHest,12
teem-1.6.0-src,src/hest/parseHest,14262
teem-1.6.0-src,src/hest/methodsHest,2841
teem-1.6.0-src,src/hest/test/ex2,1192
teem-1.6.0-src,src/hest/test/ex5,993
teem-1.6.0-src,src/hest/test/ex1,1335
teem-1.6.0-src,src/hest/test/ex0,537
teem-1.6.0-src,src/hest/test/bday,1278
teem-1.6.0-src,src/hest/test/strings,1211
teem-1.6.0-src,src/hest/test/ex3,1774
teem-1.6.0-src,src/hest/test/ex4,1308
teem-1.6.0-src,src/hoover/stub,80
teem-1.6.0-src,src/hoover/methodsHoover,1942
teem-1.6.0-src,src/hoover/rays,4275
teem-1.6.0-src,src/hoover/defaultsHoover,19
teem-1.6.0-src,src/ell/vecEll,2116
teem-1.6.0-src,src/ell/cubicEll,2788
teem-1.6.0-src,src/ell/eigen,5828
teem-1.6.0-src,src/ell/miscEll,1251
teem-1.6.0-src,src/ell/mat,34260
teem-1.6.0-src,src/ell/test/tq,7531
teem-1.6.0-src,src/ell/test/sort3,882
teem-1.6.0-src,src/ell/test/invert,853
teem-1.6.0-src,src/ell/quat,21114
teem-1.6.0-src,src/ell/genmat,3907
teem-1.6.0-src,src/nrrd/defaultsNrrd,807
teem-1.6.0-src,src/nrrd/encodingHex,1624
teem-1.6.0-src,src/nrrd/encoding,660
teem-1.6.0-src,src/nrrd/superset,5530
teem-1.6.0-src,src/nrrd/range,772
teem-1.6.0-src,src/nrrd/reorder,10680
teem-1.6.0-src,src/nrrd/encodingRaw,2244
teem-1.6.0-src,src/nrrd/encodingGzip,621
teem-1.6.0-src,src/nrrd/formatText,3186
teem-1.6.0-src,src/nrrd/hestNrrd,1351
teem-1.6.0-src,src/nrrd/read,3375
teem-1.6.0-src,src/nrrd/ccmethods,1424
teem-1.6.0-src,src/nrrd/formatNRRD,4252
teem-1.6.0-src,src/nrrd/apply1D,9442
teem-1.6.0-src,src/nrrd/formatVTK,6479
teem-1.6.0-src,src/nrrd/subset,3056
teem-1.6.0-src,src/nrrd/parseNrrd,7162
teem-1.6.0-src,src/nrrd/endianNrrd,571
teem-1.6.0-src,src/nrrd/keyvalue,989
teem-1.6.0-src,src/nrrd/encodingAscii,1709
teem-1.6.0-src,src/nrrd/gzio,0
teem-1.6.0-src,src/nrrd/measure,11876
teem-1.6.0-src,src/nrrd/test/genvol,2015
teem-1.6.0-src,src/nrrd/test/convo,2409
teem-1.6.0-src,src/nrrd/test/tkernel,2215
teem-1.6.0-src,src/nrrd/test/quadvol,2121
teem-1.6.0-src,src/nrrd/test/io,489
teem-1.6.0-src,src/nrrd/test/tread,348
teem-1.6.0-src,src/nrrd/test/tline,446
teem-1.6.0-src,src/nrrd/test/trand,201
teem-1.6.0-src,src/nrrd/test/ax,3461
teem-1.6.0-src,src/nrrd/test/kv,439
teem-1.6.0-src,src/nrrd/test/minmax,356
teem-1.6.0-src,src/nrrd/test/typestest,412
teem-1.6.0-src,src/nrrd/histogram,7417
teem-1.6.0-src,src/nrrd/arith,6779
teem-1.6.0-src,src/nrrd/accessors,7863
teem-1.6.0-src,src/nrrd/enumsNrrd,86275
teem-1.6.0-src,src/nrrd/formatPNM,3511
teem-1.6.0-src,src/nrrd/filt,7206
teem-1.6.0-src,src/nrrd/cc,13062
teem-1.6.0-src,src/nrrd/formatPNG,742
teem-1.6.0-src,src/nrrd/winKernel,25492
teem-1.6.0-src,src/nrrd/comment,587
teem-1.6.0-src,src/nrrd/write,5062
teem-1.6.0-src,src/nrrd/simple,5367
teem-1.6.0-src,src/nrrd/arraysNrrd,2364
teem-1.6.0-src,src/nrrd/kernel,30194
teem-1.6.0-src,src/nrrd/methodsNrrd,4889
teem-1.6.0-src,src/nrrd/axis,3528
teem-1.6.0-src,src/nrrd/map,6223
teem-1.6.0-src,src/nrrd/resampleNrrd,7756
teem-1.6.0-src,src/nrrd/convertNrrd,3444
teem-1.6.0-src,src/nrrd/tmfKernel,156653
teem-1.6.0-src,src/nrrd/format,704
teem-1.6.0-src,src/nrrd/encodingBzip2,554
teem-1.6.0-src,src/nrrd/iter,871
teem-1.6.0-src,src/nrrd/formatEPS,2769
teem-1.6.0-src,src/ten/tendSlice,1285
teem-1.6.0-src,src/ten/tendEvecrgb,2231
teem-1.6.0-src,src/ten/tendEstim,4393
teem-1.6.0-src,src/ten/tensor,7703
teem-1.6.0-src,src/ten/tendEllipse,2893
teem-1.6.0-src,src/ten/epireg,16447
teem-1.6.0-src,src/ten/tendFlotsam,1586
teem-1.6.0-src,src/ten/tendNorm,1569
teem-1.6.0-src,src/ten/tendSten,1622
teem-1.6.0-src,src/ten/aniso,4575
teem-1.6.0-src,src/ten/fiberMethods,3209
teem-1.6.0-src,src/ten/fiber,5414
teem-1.6.0-src,src/ten/tendShrink,1168
teem-1.6.0-src,src/ten/bimod,7069
teem-1.6.0-src,src/ten/tendPoint,1936
teem-1.6.0-src,src/ten/test/tt,3494
teem-1.6.0-src,src/ten/test/tg,3115
teem-1.6.0-src,src/ten/test/tem,1220
teem-1.6.0-src,src/ten/tendAnhist,1427
teem-1.6.0-src,src/ten/enumsTen,26181
teem-1.6.0-src,src/ten/tendEvq,2473
teem-1.6.0-src,src/ten/tendMake,1189
teem-1.6.0-src,src/ten/tendEvalpow,1127
teem-1.6.0-src,src/ten/tendAnvol,1761
teem-1.6.0-src,src/ten/tendSim,1644
teem-1.6.0-src,src/ten/tendBmat,1557
teem-1.6.0-src,src/ten/chan,10173
teem-1.6.0-src,src/ten/tendGlyph,7636
teem-1.6.0-src,src/ten/tendEval,2096
teem-1.6.0-src,src/ten/miscTen,4333
teem-1.6.0-src,src/ten/mod,3789
teem-1.6.0-src,src/ten/glyph,6003
teem-1.6.0-src,src/ten/tendAnscale,1663
teem-1.6.0-src,src/ten/tendExpand,1712
teem-1.6.0-src,src/ten/tendEvaladd,1216
teem-1.6.0-src,src/ten/tendEpireg,5108
teem-1.6.0-src,src/ten/defaultsTen,60
teem-1.6.0-src,src/ten/tendEvec,2114
teem-1.6.0-src,src/ten/tenGage,4525
teem-1.6.0-src,src/ten/tendSatin,6652
teem-1.6.0-src,src/ten/tendFiber,3028
teem-1.6.0-src,src/ten/tendEvalclamp,1528
teem-1.6.0-src,src/ten/tendAnplot,1909
teem-1.6.0-src,src/alan/enumsAlan,2480
teem-1.6.0-src,src/alan/methodsAlan,2776
teem-1.6.0-src,src/alan/test/tspot,1207
teem-1.6.0-src,src/alan/coreAlan,5251
teem-1.6.0-src,src/limn/cam,6018
teem-1.6.0-src,src/limn/defaultsLimn,13
teem-1.6.0-src,src/limn/obj,1096
teem-1.6.0-src,src/limn/io,921
teem-1.6.0-src,src/limn/splineMisc,14853
teem-1.6.0-src,src/limn/qn,3369
teem-1.6.0-src,src/limn/splineMethods,5611
teem-1.6.0-src,src/limn/test/tbc,2112
teem-1.6.0-src,src/limn/test/soid,4641
teem-1.6.0-src,src/limn/test/tspline,2473
teem-1.6.0-src,src/limn/test/tcam,1396
teem-1.6.0-src,src/limn/test/tcamanim,3943
teem-1.6.0-src,src/limn/test/light,620
teem-1.6.0-src,src/limn/test/tps,3484
teem-1.6.0-src,src/limn/test/map,388
teem-1.6.0-src,src/limn/methodsLimn,340
teem-1.6.0-src,src/limn/transform,3885
teem-1.6.0-src,src/limn/shapes,4360
teem-1.6.0-src,src/limn/renderLimn,3755
teem-1.6.0-src,src/limn/env,1440
teem-1.6.0-src,src/limn/splineEval,7401
teem-1.6.0-src,src/limn/light,1042
teem-1.6.0-src,src/limn/hestLimn,1218
ttt-0.10.1.preproc,src/ttt,5929
ttt-0.10.1.preproc,src/engine,2280
ttt-0.10.1.preproc,src/parse,1419
ttt-0.10.1.preproc,src/util,1948
ttt-0.10.1.preproc,src/connect4,4025
ttt-0.10.1.preproc,src/main,1353
unrarlib-0.4.0,unrarlib/unrarlib,12872
unrarlib-0.4.0,samples/unix/listarchive/listarchive,1030
unrarlib-0.4.0,samples/unix/getfile/getfile,837
zlib-1.1.4,inffast,1054
zlib-1.1.4,inftrees,6948
zlib-1.1.4,adler32,372
zlib-1.1.4,infblock,2934
zlib-1.1.4,infutil,400
zlib-1.1.4,infcodes,1682
zlib-1.1.4,inflate,2247
zlib-1.1.4,gzio,3975
zlib-1.1.4,compress,182
zlib-1.1.4,zutil,215
zlib-1.1.4,trees,9572
zlib-1.1.4,deflate,6693
zlib-1.1.4,uncompr,150
zlib-1.1.4,crc32,1324
