size
"2",,"","","","","arm-none-eabi-gcc (GCC) 8.1.0"
"","-Os -std=gnu89 -mcpu=cortex-m0"
bzip2-1.0.2,huffman,908
bzip2-1.0.2,decompress,6867
bzip2-1.0.2,bzip2recover,2817
bzip2-1.0.2,crctable,1024
bzip2-1.0.2,compress,6467
bzip2-1.0.2,randtable,2048
bzip2-1.0.2,bzlib,8431
bzip2-1.0.2,blocksort,5003
bzip2-1.0.2,bzip2,14213
cg_compiler_opensrc,support,18547
cg_compiler_opensrc,cgcmain,1955
cg_compiler_opensrc,constfold,3348
cg_compiler_opensrc,support_iter,1458
cg_compiler_opensrc,symbols,4773
cg_compiler_opensrc,printutils,7839
cg_compiler_opensrc,atom,2812
cg_compiler_opensrc,cpp,4886
cg_compiler_opensrc,compile,9590
cg_compiler_opensrc,cgstruct,84
cg_compiler_opensrc,tokens,2229
cg_compiler_opensrc,binding,1047
cg_compiler_opensrc,hal,1943
cg_compiler_opensrc,stdlib,3222
cg_compiler_opensrc,check,2573
cg_compiler_opensrc,generic_hal,2119
cg_compiler_opensrc,memory,344
cg_compiler_opensrc,tokenize,550
cg_compiler_opensrc,scanner,4531
cg_compiler_opensrc,parser,13463
cg_compiler_opensrc,semantic,3470
cg_compiler_opensrc,inline,2118
compiler,cg,2027
compiler,vam,3225
compiler,vas,5618
compiler,scanner,2755
compiler,parser,3719
compiler,main,1894
flex-2.5.31,regex,419
flex-2.5.31,yylex,744
flex-2.5.31,skel,94034
flex-2.5.31,filter,1749
flex-2.5.31,scanopt,2474
flex-2.5.31,ccl,728
flex-2.5.31,parse,7049
flex-2.5.31,nfa,2836
flex-2.5.31,misc,4278
flex-2.5.31,scan,37642
flex-2.5.31,dfa,5186
flex-2.5.31,tblcmp,2572
flex-2.5.31,tables,1509
flex-2.5.31,buf,715
flex-2.5.31,ecs,388
flex-2.5.31,sym,691
flex-2.5.31,libmain,12
flex-2.5.31,tables_shared,22
flex-2.5.31,options,2610
flex-2.5.31,libyywrap,4
flex-2.5.31,main,15746
flex-2.5.31,gen,20022
jikespg-1.3,src/mkstates,2222
jikespg-1.3,src/prntstat,2496
jikespg-1.3,src/resolve,8976
jikespg-1.3,src/globals,264
jikespg-1.3,src/ctabs,41468
jikespg-1.3,src/produce,8089
jikespg-1.3,src/mkred,5264
jikespg-1.3,src/ptables,2551
jikespg-1.3,src/lpgparse,36017
jikespg-1.3,src/lpgutil,3375
jikespg-1.3,src/spacetab,15020
jikespg-1.3,src/remsp,5858
jikespg-1.3,src/partset,1336
jikespg-1.3,src/mkfirst,11028
jikespg-1.3,src/main,5207
jikespg-1.3,src/tabutil,9714
jikespg-1.3,src/timetab,7536
jpeg-6b,jcmainct,304
jpeg-6b,wrtarga,708
jpeg-6b,jdmainct,1236
jpeg-6b,jdsample,1276
jpeg-6b,jdmaster,1416
jpeg-6b,jdpostct,608
jpeg-6b,jquant1,2332
jpeg-6b,wrbmp,1824
jpeg-6b,djpeg,5423
jpeg-6b,jcinit,156
jpeg-6b,rdjpgcom,1979
jpeg-6b,rdgif,81
jpeg-6b,jfdctint,568
jpeg-6b,wrppm,462
jpeg-6b,wrjpgcom,2755
jpeg-6b,jcapistd,374
jpeg-6b,jchuff,2544
jpeg-6b,jdcolor,920
jpeg-6b,jpegtran,3312
jpeg-6b,jcparam,2516
jpeg-6b,jdmerge,1084
jpeg-6b,jddctmgr,700
jpeg-6b,ansi2knr,2012
jpeg-6b,jfdctfst,350
jpeg-6b,jccolor,1180
jpeg-6b,jdphuff,2408
jpeg-6b,jmemmgr,2350
jpeg-6b,jfdctflt,732
jpeg-6b,wrrle,0
jpeg-6b,jidctfst,688
jpeg-6b,jcmaster,2020
jpeg-6b,jdatadst,200
jpeg-6b,jutils,408
jpeg-6b,rdswitch,1548
jpeg-6b,jcprepct,1040
jpeg-6b,rdcolmap,1044
jpeg-6b,jcdctmgr,1136
jpeg-6b,jdapimin,816
jpeg-6b,jcomapi,106
jpeg-6b,rdbmp,1560
jpeg-6b,jdcoefct,2704
jpeg-6b,jerror,5386
jpeg-6b,jidctred,948
jpeg-6b,jidctint,900
jpeg-6b,cjpeg,5065
jpeg-6b,rdppm,1288
jpeg-6b,jquant2,3256
jpeg-6b,jdapistd,716
jpeg-6b,cdjpeg,92
jpeg-6b,transupp,3416
jpeg-6b,rdtarga,1352
jpeg-6b,wrgif,1708
jpeg-6b,jdhuff,2056
jpeg-6b,jctrans,1108
jpeg-6b,jdmarker,4772
jpeg-6b,jcmarker,1540
jpeg-6b,jccoefct,1444
jpeg-6b,jcsample,1580
jpeg-6b,jcapimin,600
jpeg-6b,jmemnobs,64
jpeg-6b,jidctflt,1116
jpeg-6b,jdtrans,268
jpeg-6b,jdatasrc,228
jpeg-6b,jdinput,980
jpeg-6b,jcphuff,2048
jpeg-6b,rdrle,0
libmspack,test/md5,2696
libmspack,test/cabd_md5,993
libmspack,test/cabextract_md5,17790
libmspack,test/cabrip,347
libmspack,test/chmd_md5,890
libmspack,test/cabd_test,8622
libmspack,mspack/lzxc,0
libmspack,mspack/qtmc,0
libmspack,mspack/kwajc,6
libmspack,mspack/cabc,6
libmspack,mspack/szddc,6
libmspack,mspack/cabd,4268
libmspack,mspack/hlpd,6
libmspack,mspack/litd,6
libmspack,mspack/mszipd,22
libmspack,mspack/kwajd,6
libmspack,mspack/qtmd,4012
libmspack,mspack/litc,6
libmspack,mspack/lzxd,5056
libmspack,mspack/mszipc,0
libmspack,mspack/chmd,2628
libmspack,mspack/szddd,6
libmspack,mspack/chmc,6
libmspack,mspack/system,538
libmspack,mspack/hlpc,6
libpng-1.2.5,pngtrans,1712
libpng-1.2.5,pngwrite,5161
libpng-1.2.5,pngtest,5228
libpng-1.2.5,pngerror,703
libpng-1.2.5,pngpread,5075
libpng-1.2.5,pngrutil,12891
libpng-1.2.5,pngrio,273
libpng-1.2.5,pngread,5422
libpng-1.2.5,pngrtran,14344
libpng-1.2.5,pngwio,313
libpng-1.2.5,pngwtran,1276
libpng-1.2.5,png,2280
libpng-1.2.5,png2pnm,2141
libpng-1.2.5,pngwutil,10101
libpng-1.2.5,pngmem,425
libpng-1.2.5,pnm2png,2317
libpng-1.2.5,pngget,2136
libpng-1.2.5,pngset,4985
linux-2.4.23-pre3-testplatform,net/socket,4764
linux-2.4.23-pre3-testplatform,net/8021q/vlanproc,14
linux-2.4.23-pre3-testplatform,net/8021q/vlan,2026
linux-2.4.23-pre3-testplatform,net/8021q/vlan_dev,2962
linux-2.4.23-pre3-testplatform,net/802/p8023,86
linux-2.4.23-pre3-testplatform,net/netlink/af_netlink,3320
linux-2.4.23-pre3-testplatform,net/ipv4/ip_sockglue,3672
linux-2.4.23-pre3-testplatform,net/ipv4/proc,2510
linux-2.4.23-pre3-testplatform,net/ipv4/inetpeer,1398
linux-2.4.23-pre3-testplatform,net/ipv4/tcp,12661
linux-2.4.23-pre3-testplatform,net/ipv4/tcp_timer,2754
linux-2.4.23-pre3-testplatform,net/ipv4/ip_forward,340
linux-2.4.23-pre3-testplatform,net/ipv4/ip_output,3439
linux-2.4.23-pre3-testplatform,net/ipv4/ip_input,575
linux-2.4.23-pre3-testplatform,net/ipv4/tcp_input,16955
linux-2.4.23-pre3-testplatform,net/ipv4/tcp_ipv4,10185
linux-2.4.23-pre3-testplatform,net/ipv4/sysctl_net_ipv4,0
linux-2.4.23-pre3-testplatform,net/ipv4/route,8004
linux-2.4.23-pre3-testplatform,net/ipv4/protocol,362
linux-2.4.23-pre3-testplatform,net/ipv4/devinet,4103
linux-2.4.23-pre3-testplatform,net/ipv4/tcp_output,7427
linux-2.4.23-pre3-testplatform,net/ipv4/udp,4016
linux-2.4.23-pre3-testplatform,net/ipv4/ip_options,2422
linux-2.4.23-pre3-testplatform,net/ipv4/tcp_minisocks,3259
linux-2.4.23-pre3-testplatform,net/ipv4/utils,56
linux-2.4.23-pre3-testplatform,net/ipv4/igmp,7406
linux-2.4.23-pre3-testplatform,net/ipv4/arp,3640
linux-2.4.23-pre3-testplatform,net/ipv4/af_inet,4217
linux-2.4.23-pre3-testplatform,net/ipv4/ip_fragment,2321
linux-2.4.23-pre3-testplatform,net/ipv4/fib_hash,2633
linux-2.4.23-pre3-testplatform,net/ipv4/tcp_diag,2470
linux-2.4.23-pre3-testplatform,net/ipv4/raw,2636
linux-2.4.23-pre3-testplatform,net/ipv4/fib_semantics,2366
linux-2.4.23-pre3-testplatform,net/ipv4/fib_frontend,1864
linux-2.4.23-pre3-testplatform,net/ipv4/icmp,3062
linux-2.4.23-pre3-testplatform,net/sunrpc/xprt,5197
linux-2.4.23-pre3-testplatform,net/sunrpc/timer,128
linux-2.4.23-pre3-testplatform,net/sunrpc/auth_null,276
linux-2.4.23-pre3-testplatform,net/sunrpc/sched,3420
linux-2.4.23-pre3-testplatform,net/sunrpc/sunrpc_syms,0
linux-2.4.23-pre3-testplatform,net/sunrpc/svcauth,452
linux-2.4.23-pre3-testplatform,net/sunrpc/svcsock,4096
linux-2.4.23-pre3-testplatform,net/sunrpc/xdr,1396
linux-2.4.23-pre3-testplatform,net/sunrpc/auth_unix,670
linux-2.4.23-pre3-testplatform,net/sunrpc/clnt,3432
linux-2.4.23-pre3-testplatform,net/sunrpc/pmap_clnt,613
linux-2.4.23-pre3-testplatform,net/sunrpc/auth,700
linux-2.4.23-pre3-testplatform,net/sunrpc/svc,1613
linux-2.4.23-pre3-testplatform,net/ethernet/eth,489
linux-2.4.23-pre3-testplatform,net/sched/sch_generic,1922
linux-2.4.23-pre3-testplatform,net/core/skbuff,4521
linux-2.4.23-pre3-testplatform,net/core/neighbour,5741
linux-2.4.23-pre3-testplatform,net/core/iovec,664
linux-2.4.23-pre3-testplatform,net/core/dst,608
linux-2.4.23-pre3-testplatform,net/core/dev_mcast,611
linux-2.4.23-pre3-testplatform,net/core/sock,2801
linux-2.4.23-pre3-testplatform,net/core/utils,189
linux-2.4.23-pre3-testplatform,net/core/rtnetlink,2257
linux-2.4.23-pre3-testplatform,net/core/scm,680
linux-2.4.23-pre3-testplatform,net/core/dev,7418
linux-2.4.23-pre3-testplatform,net/core/ethtool,2256
linux-2.4.23-pre3-testplatform,net/core/datagram,1459
linux-2.4.23-pre3-testplatform,kernel/timer,2077
linux-2.4.23-pre3-testplatform,kernel/printk,1500
linux-2.4.23-pre3-testplatform,kernel/info,192
linux-2.4.23-pre3-testplatform,kernel/sched,3189
linux-2.4.23-pre3-testplatform,kernel/ptrace,856
linux-2.4.23-pre3-testplatform,kernel/kmod,580
linux-2.4.23-pre3-testplatform,kernel/dma,12
linux-2.4.23-pre3-testplatform,kernel/fork,2533
linux-2.4.23-pre3-testplatform,kernel/time,1108
linux-2.4.23-pre3-testplatform,kernel/acct,6
linux-2.4.23-pre3-testplatform,kernel/context,539
linux-2.4.23-pre3-testplatform,kernel/user,164
linux-2.4.23-pre3-testplatform,kernel/exit,1763
linux-2.4.23-pre3-testplatform,kernel/capability,248
linux-2.4.23-pre3-testplatform,kernel/softirq,1506
linux-2.4.23-pre3-testplatform,kernel/sysctl,72
linux-2.4.23-pre3-testplatform,kernel/itimer,476
linux-2.4.23-pre3-testplatform,kernel/resource,857
linux-2.4.23-pre3-testplatform,kernel/exec_domain,587
linux-2.4.23-pre3-testplatform,kernel/sys,2959
linux-2.4.23-pre3-testplatform,kernel/module,739
linux-2.4.23-pre3-testplatform,kernel/signal,2663
linux-2.4.23-pre3-testplatform,kernel/panic,518
linux-2.4.23-pre3-testplatform,ipc/msg,1930
linux-2.4.23-pre3-testplatform,ipc/sem,3399
linux-2.4.23-pre3-testplatform,ipc/util,731
linux-2.4.23-pre3-testplatform,ipc/shm,2203
linux-2.4.23-pre3-testplatform,arch/testplatform/kernel/init_task,9916
linux-2.4.23-pre3-testplatform,arch/testplatform/kernel/head,2
linux-2.4.23-pre3-testplatform,arch/testplatform/kernel/sys_s390,613
linux-2.4.23-pre3-testplatform,arch/testplatform/kernel/s390fpu,16
linux-2.4.23-pre3-testplatform,arch/testplatform/kernel/entry,18
linux-2.4.23-pre3-testplatform,arch/testplatform/kernel/ptrace,1020
linux-2.4.23-pre3-testplatform,arch/testplatform/kernel/cpcmd,2
linux-2.4.23-pre3-testplatform,arch/testplatform/kernel/traps,3618
linux-2.4.23-pre3-testplatform,arch/testplatform/kernel/time,10
linux-2.4.23-pre3-testplatform,arch/testplatform/kernel/debug,2890
linux-2.4.23-pre3-testplatform,arch/testplatform/kernel/s390_ext,444
linux-2.4.23-pre3-testplatform,arch/testplatform/kernel/reipl,2
linux-2.4.23-pre3-testplatform,arch/testplatform/kernel/bitmap,3
linux-2.4.23-pre3-testplatform,arch/testplatform/kernel/ebcdic,1536
linux-2.4.23-pre3-testplatform,arch/testplatform/kernel/needed,16
linux-2.4.23-pre3-testplatform,arch/testplatform/kernel/signal,2848
linux-2.4.23-pre3-testplatform,arch/testplatform/kernel/setup,1648
linux-2.4.23-pre3-testplatform,arch/testplatform/kernel/irq,18
linux-2.4.23-pre3-testplatform,arch/testplatform/kernel/semaphore,180
linux-2.4.23-pre3-testplatform,arch/testplatform/kernel/process,843
linux-2.4.23-pre3-testplatform,arch/testplatform/mm/fault,282
linux-2.4.23-pre3-testplatform,arch/testplatform/mm/ioremap,543
linux-2.4.23-pre3-testplatform,arch/testplatform/mm/init,1380
linux-2.4.23-pre3-testplatform,arch/testplatform/mm/extable,64
linux-2.4.23-pre3-testplatform,arch/testplatform/lib/checksum,4
linux-2.4.23-pre3-testplatform,arch/testplatform/lib/strncpy,4
linux-2.4.23-pre3-testplatform,arch/testplatform/lib/uaccess,12
linux-2.4.23-pre3-testplatform,arch/testplatform/lib/delay,4
linux-2.4.23-pre3-testplatform,arch/testplatform/lib/misaligned,132
linux-2.4.23-pre3-testplatform,arch/testplatform/lib/strcmp,4
linux-2.4.23-pre3-testplatform,arch/testplatform/lib/memset,4
linux-2.4.23-pre3-testplatform,arch/testplatform/lib/memcpy,4
linux-2.4.23-pre3-testplatform,mm/mlock,924
linux-2.4.23-pre3-testplatform,mm/slab,2762
linux-2.4.23-pre3-testplatform,mm/swap,294
linux-2.4.23-pre3-testplatform,mm/shmem,4919
linux-2.4.23-pre3-testplatform,mm/swap_state,827
linux-2.4.23-pre3-testplatform,mm/oom_kill,483
linux-2.4.23-pre3-testplatform,mm/swapfile,4900
linux-2.4.23-pre3-testplatform,mm/vmalloc,1571
linux-2.4.23-pre3-testplatform,mm/mremap,1506
linux-2.4.23-pre3-testplatform,mm/vmscan,1758
linux-2.4.23-pre3-testplatform,mm/filemap,8989
linux-2.4.23-pre3-testplatform,mm/mmap,3231
linux-2.4.23-pre3-testplatform,mm/page_io,451
linux-2.4.23-pre3-testplatform,mm/page_alloc,2923
linux-2.4.23-pre3-testplatform,mm/memory,4474
linux-2.4.23-pre3-testplatform,mm/numa,880
linux-2.4.23-pre3-testplatform,mm/bootmem,1219
linux-2.4.23-pre3-testplatform,mm/mprotect,1306
linux-2.4.23-pre3-testplatform,lib/dec_and_lock,0
linux-2.4.23-pre3-testplatform,lib/rbtree,640
linux-2.4.23-pre3-testplatform,lib/dump_stack,70
linux-2.4.23-pre3-testplatform,lib/zlib_inflate/inffast,734
linux-2.4.23-pre3-testplatform,lib/zlib_inflate/inftrees,6165
linux-2.4.23-pre3-testplatform,lib/zlib_inflate/infblock,1958
linux-2.4.23-pre3-testplatform,lib/zlib_inflate/infutil,262
linux-2.4.23-pre3-testplatform,lib/zlib_inflate/infcodes,1342
linux-2.4.23-pre3-testplatform,lib/zlib_inflate/inflate,1710
linux-2.4.23-pre3-testplatform,lib/zlib_inflate/inflate_syms,0
linux-2.4.23-pre3-testplatform,lib/zlib_deflate/deflate_syms,0
linux-2.4.23-pre3-testplatform,lib/zlib_deflate/deflate,3752
linux-2.4.23-pre3-testplatform,lib/zlib_deflate/deftree,6020
linux-2.4.23-pre3-testplatform,lib/rwsem-spinlock,350
linux-2.4.23-pre3-testplatform,lib/bust_spinlocks,50
linux-2.4.23-pre3-testplatform,lib/vsprintf,2441
linux-2.4.23-pre3-testplatform,lib/brlock,0
linux-2.4.23-pre3-testplatform,lib/string,476
linux-2.4.23-pre3-testplatform,lib/ctype,256
linux-2.4.23-pre3-testplatform,lib/errno,0
linux-2.4.23-pre3-testplatform,lib/cmdline,170
linux-2.4.23-pre3-testplatform,init/do_mounts,3410
linux-2.4.23-pre3-testplatform,init/version,498
linux-2.4.23-pre3-testplatform,init/main,1255
linux-2.4.23-pre3-testplatform,fs/seq_file,1492
linux-2.4.23-pre3-testplatform,fs/block_dev,2645
linux-2.4.23-pre3-testplatform,fs/dnotify,368
linux-2.4.23-pre3-testplatform,fs/pipe,1782
linux-2.4.23-pre3-testplatform,fs/xattr,608
linux-2.4.23-pre3-testplatform,fs/binfmt_elf,0
linux-2.4.23-pre3-testplatform,fs/attr,546
linux-2.4.23-pre3-testplatform,fs/filesystems,0
linux-2.4.23-pre3-testplatform,fs/locks,5640
linux-2.4.23-pre3-testplatform,fs/partitions/check,1163
linux-2.4.23-pre3-testplatform,fs/partitions/msdos,276
linux-2.4.23-pre3-testplatform,fs/bad_inode,236
linux-2.4.23-pre3-testplatform,fs/iobuf,687
linux-2.4.23-pre3-testplatform,fs/nfsd/export,3905
linux-2.4.23-pre3-testplatform,fs/nfsd/nfsproc,2883
linux-2.4.23-pre3-testplatform,fs/nfsd/stats,40
linux-2.4.23-pre3-testplatform,fs/nfsd/nfsctl,611
linux-2.4.23-pre3-testplatform,fs/nfsd/nfsxdr,1568
linux-2.4.23-pre3-testplatform,fs/nfsd/nfsfh,3494
linux-2.4.23-pre3-testplatform,fs/nfsd/nfs3proc,2582
linux-2.4.23-pre3-testplatform,fs/nfsd/lockd,184
linux-2.4.23-pre3-testplatform,fs/nfsd/nfs3xdr,3336
linux-2.4.23-pre3-testplatform,fs/nfsd/nfssvc,1066
linux-2.4.23-pre3-testplatform,fs/nfsd/auth,120
linux-2.4.23-pre3-testplatform,fs/nfsd/nfscache,1331
linux-2.4.23-pre3-testplatform,fs/nfsd/vfs,5424
linux-2.4.23-pre3-testplatform,fs/fifo,472
linux-2.4.23-pre3-testplatform,fs/exec,3064
linux-2.4.23-pre3-testplatform,fs/file_table,639
linux-2.4.23-pre3-testplatform,fs/buffer,8105
linux-2.4.23-pre3-testplatform,fs/open,2656
linux-2.4.23-pre3-testplatform,fs/devices,730
linux-2.4.23-pre3-testplatform,fs/select,1536
linux-2.4.23-pre3-testplatform,fs/super,2306
linux-2.4.23-pre3-testplatform,fs/fcntl,1150
linux-2.4.23-pre3-testplatform,fs/dcache,3086
linux-2.4.23-pre3-testplatform,fs/char_dev,295
linux-2.4.23-pre3-testplatform,fs/read_write,1468
linux-2.4.23-pre3-testplatform,fs/namespace,3323
linux-2.4.23-pre3-testplatform,fs/ext3/balloc,3196
linux-2.4.23-pre3-testplatform,fs/ext3/symlink,112
linux-2.4.23-pre3-testplatform,fs/ext3/ialloc,2019
linux-2.4.23-pre3-testplatform,fs/ext3/super,8252
linux-2.4.23-pre3-testplatform,fs/ext3/bitmap,116
linux-2.4.23-pre3-testplatform,fs/ext3/ioctl,563
linux-2.4.23-pre3-testplatform,fs/ext3/fsync,241
linux-2.4.23-pre3-testplatform,fs/ext3/inode,7597
linux-2.4.23-pre3-testplatform,fs/ext3/namei,4891
linux-2.4.23-pre3-testplatform,fs/ext3/dir,848
linux-2.4.23-pre3-testplatform,fs/ext3/file,298
linux-2.4.23-pre3-testplatform,fs/lockd/host,1228
linux-2.4.23-pre3-testplatform,fs/lockd/svcsubs,919
linux-2.4.23-pre3-testplatform,fs/lockd/clntlock,680
linux-2.4.23-pre3-testplatform,fs/lockd/svc4proc,2204
linux-2.4.23-pre3-testplatform,fs/lockd/svclock,1799
linux-2.4.23-pre3-testplatform,fs/lockd/lockd_syms,0
linux-2.4.23-pre3-testplatform,fs/lockd/xdr4,2892
linux-2.4.23-pre3-testplatform,fs/lockd/xdr,3023
linux-2.4.23-pre3-testplatform,fs/lockd/clntproc,2223
linux-2.4.23-pre3-testplatform,fs/lockd/svcproc,2260
linux-2.4.23-pre3-testplatform,fs/lockd/svcshare,284
linux-2.4.23-pre3-testplatform,fs/lockd/mon,854
linux-2.4.23-pre3-testplatform,fs/lockd/svc,1220
linux-2.4.23-pre3-testplatform,fs/ioctl,324
linux-2.4.23-pre3-testplatform,fs/readdir,1181
linux-2.4.23-pre3-testplatform,fs/nfs/proc,1248
linux-2.4.23-pre3-testplatform,fs/nfs/unlink,556
linux-2.4.23-pre3-testplatform,fs/nfs/symlink,304
linux-2.4.23-pre3-testplatform,fs/nfs/nfs2xdr,2908
linux-2.4.23-pre3-testplatform,fs/nfs/read,1612
linux-2.4.23-pre3-testplatform,fs/nfs/flushd,352
linux-2.4.23-pre3-testplatform,fs/nfs/nfs3proc,2016
linux-2.4.23-pre3-testplatform,fs/nfs/pagelist,1591
linux-2.4.23-pre3-testplatform,fs/nfs/write,4222
linux-2.4.23-pre3-testplatform,fs/nfs/nfs3xdr,3904
linux-2.4.23-pre3-testplatform,fs/nfs/inode,5332
linux-2.4.23-pre3-testplatform,fs/nfs/dir,3356
linux-2.4.23-pre3-testplatform,fs/nfs/file,772
linux-2.4.23-pre3-testplatform,fs/ramfs/inode,1071
linux-2.4.23-pre3-testplatform,fs/stat,440
linux-2.4.23-pre3-testplatform,fs/jbd/commit,3470
linux-2.4.23-pre3-testplatform,fs/jbd/checkpoint,2650
linux-2.4.23-pre3-testplatform,fs/jbd/journal,6223
linux-2.4.23-pre3-testplatform,fs/jbd/transaction,7544
linux-2.4.23-pre3-testplatform,fs/jbd/revoke,1655
linux-2.4.23-pre3-testplatform,fs/jbd/recovery,1666
linux-2.4.23-pre3-testplatform,fs/binfmt_script,300
linux-2.4.23-pre3-testplatform,fs/inode,3441
linux-2.4.23-pre3-testplatform,fs/namei,6305
linux-2.4.23-pre3-testplatform,fs/quota,2058
linux-2.4.23-pre3-testplatform,fs/file,589
linux-2.4.23-pre3-testplatform,drivers/net/net_init,571
linux-2.4.23-pre3-testplatform,drivers/net/auto_irq,48
linux-2.4.23-pre3-testplatform,drivers/net/setup,32
linux-2.4.23-pre3-testplatform,drivers/net/loopback,268
linux-2.4.23-pre3-testplatform,drivers/net/Space,3352
linux-2.4.23-pre3-testplatform,drivers/char/n_tty,3859
linux-2.4.23-pre3-testplatform,drivers/char/misc,724
linux-2.4.23-pre3-testplatform,drivers/char/pty,1327
linux-2.4.23-pre3-testplatform,drivers/char/mem,2080
linux-2.4.23-pre3-testplatform,drivers/char/random,3852
linux-2.4.23-pre3-testplatform,drivers/char/raw,1060
linux-2.4.23-pre3-testplatform,drivers/char/tty_io,8243
linux-2.4.23-pre3-testplatform,drivers/char/tty_ioctl,1447
linux-2.4.23-pre3-testplatform,drivers/block/blkpg,788
linux-2.4.23-pre3-testplatform,drivers/block/elevator,476
linux-2.4.23-pre3-testplatform,drivers/block/genhd,182
linux-2.4.23-pre3-testplatform,drivers/block/ll_rw_blk,4101
lwip-0.5.3.preproc,src/core/ipv4/ip_addr,4
lwip-0.5.3.preproc,src/core/ipv4/ip,1192
lwip-0.5.3.preproc,src/core/ipv4/icmp,656
lwip-0.5.3.preproc,src/core/tcp,2139
lwip-0.5.3.preproc,src/core/pbuf,1028
lwip-0.5.3.preproc,src/core/inet,322
lwip-0.5.3.preproc,src/core/stats,20
lwip-0.5.3.preproc,src/core/tcp_input,3764
lwip-0.5.3.preproc,src/core/tcp_output,2040
lwip-0.5.3.preproc,src/core/mem,812
lwip-0.5.3.preproc,src/core/udp,896
lwip-0.5.3.preproc,src/core/sys,260
lwip-0.5.3.preproc,src/core/memp,588
lwip-0.5.3.preproc,src/core/netif,380
lwip-0.5.3.preproc,src/api/err,0
lwip-0.5.3.preproc,src/api/api_msg,1236
lwip-0.5.3.preproc,src/api/api_lib,1498
lwip-0.5.3.preproc,src/api/tcpip,244
lwip-0.5.3.preproc,src/api/sockets,820
lwip-0.5.3.preproc,src/netif/loopif,80
lwip-0.5.3.preproc,src/netif/arp,1100
lwip-0.5.3.preproc,src/netif/tcpdump,1275
lwip-0.5.3.preproc,proj/unixsim/simnode,322
lwip-0.5.3.preproc,proj/unixsim/apps/httpd,547
lwip-0.5.3.preproc,proj/unixsim/apps/shell,7753
lwip-0.5.3.preproc,proj/unixsim/apps/fs,39808
lwip-0.5.3.preproc,proj/unixsim/apps/tcpecho,112
lwip-0.5.3.preproc,proj/unixsim/apps/udpecho,128
lwip-0.5.3.preproc,proj/unixsim/simrouter,466
lwip-0.5.3.preproc,proj/unixsim/simhost,338
mpeg2dec-0.3.1,src/getopt,2272
mpeg2dec-0.3.1,src/extract_mpeg2,2576
mpeg2dec-0.3.1,src/gettimeofday,0
mpeg2dec-0.3.1,src/mpeg2dec,3502
mpeg2dec-0.3.1,libvo/video_out,146
mpeg2dec-0.3.1,libvo/yuv2rgb,3248
mpeg2dec-0.3.1,libvo/yuv2rgb_mlib,0
mpeg2dec-0.3.1,libvo/yuv2rgb_mmx,0
mpeg2dec-0.3.1,libvo/video_out_pgm,401
mpeg2dec-0.3.1,libvo/video_out_null,184
mpeg2dec-0.3.1,libvo/video_out_dx,0
mpeg2dec-0.3.1,libvo/video_out_x11,0
mpeg2dec-0.3.1,libvo/video_out_sdl,633
mpeg2dec-0.3.1,libmpeg2/cpu_accel,4
mpeg2dec-0.3.1,libmpeg2/cpu_state,2
mpeg2dec-0.3.1,libmpeg2/motion_comp_altivec,0
mpeg2dec-0.3.1,libmpeg2/idct,1132
mpeg2dec-0.3.1,libmpeg2/idct_alpha,0
mpeg2dec-0.3.1,libmpeg2/alloc,88
mpeg2dec-0.3.1,libmpeg2/idct_mlib,0
mpeg2dec-0.3.1,libmpeg2/idct_altivec,0
mpeg2dec-0.3.1,libmpeg2/decode,1868
mpeg2dec-0.3.1,libmpeg2/motion_comp_mlib,0
mpeg2dec-0.3.1,libmpeg2/motion_comp_alpha,0
mpeg2dec-0.3.1,libmpeg2/header,3420
mpeg2dec-0.3.1,libmpeg2/motion_comp,3424
mpeg2dec-0.3.1,libmpeg2/motion_comp_mmx,0
mpeg2dec-0.3.1,libmpeg2/slice,14592
mpeg2dec-0.3.1,libmpeg2/idct_mmx,0
mpgcut-1.1,mpgcut,8647
OpenTCP-1.0.4,tcp,3974
OpenTCP-1.0.4,dns/dns,1024
OpenTCP-1.0.4,timers,172
OpenTCP-1.0.4,ip,1320
OpenTCP-1.0.4,http/http_server,960
OpenTCP-1.0.4,http/https_callbacks,588
OpenTCP-1.0.4,smtp/smtpc_callbacks,22
OpenTCP-1.0.4,smtp/smtp_client,1476
OpenTCP-1.0.4,tftp/tftps,596
OpenTCP-1.0.4,udp,1138
OpenTCP-1.0.4,pop3/pop3c_callbacks,20
OpenTCP-1.0.4,pop3/pop3_client,2523
OpenTCP-1.0.4,dhcp/dhcpc,1708
OpenTCP-1.0.4,arp,1673
OpenTCP-1.0.4,bootp/bootp,1012
OpenTCP-1.0.4,system,756
OpenTCP-1.0.4,icmp,264
OpenTCP-1.0.4,ethernet,1460
OpenTCP-1.0.4,demo/udp_demo,196
OpenTCP-1.0.4,demo/main_demo,200
OpenTCP-1.0.4,demo/tcp_client_demo,284
OpenTCP-1.0.4,demo/tcp_server_demo,248
replaypc-0.4.0.preproc,headend,1502
replaypc-0.4.0.preproc,program,4350
replaypc-0.4.0.preproc,cg,1579
replaypc-0.4.0.preproc,bigfile,136
replaypc-0.4.0.preproc,ndx,353
replaypc-0.4.0.preproc,ReplayPC,3500
replaypc-0.4.0.preproc,dump-replayshows,218
replaypc-0.4.0.preproc,addressbook,503
replaypc-0.4.0.preproc,dump-addressbook,353
replaypc-0.4.0.preproc,un-protect,1058
replaypc-0.4.0.preproc,find-GOPs,156
replaypc-0.4.0.preproc,rtvguide,1398
replaypc-0.4.0.preproc,crypt,672
replaypc-0.4.0.preproc,dump,1186
replaypc-0.4.0.preproc,mark-commercial,1778
replaypc-0.4.0.preproc,rddns,441
replaypc-0.4.0.preproc,httpfs,5022
replaypc-0.4.0.preproc,filedarray,182
replaypc-0.4.0.preproc,rddnsclient,946
replaypc-0.4.0.preproc,dump-channelset,252
replaypc-0.4.0.preproc,httpclient,1716
replaypc-0.4.0.preproc,guide,6134
replaypc-0.4.0.preproc,dump-guide,338
replaypc-0.4.0.preproc,dump-filedarray,360
replaypc-0.4.0.preproc,guideclient,533
replaypc-0.4.0.preproc,version-test,114
replaypc-0.4.0.preproc,zipcode,343
replaypc-0.4.0.preproc,build-ndx,348
replaypc-0.4.0.preproc,dump-programset,457
replaypc-0.4.0.preproc,channelset,155
replaypc-0.4.0.preproc,rtv,500
replaypc-0.4.0.preproc,httpfsclient,1610
replaypc-0.4.0.preproc,ndx-dump,3352
replaypc-0.4.0.preproc,sleep,14
replaypc-0.4.0.preproc,dump-headend,224
replaypc-0.4.0.preproc,dump-replaychannels,226
replaypc-0.4.0.preproc,dump-cg2,359
replaypc-0.4.0.preproc,dump-zipcode2,196
replaypc-0.4.0.preproc,crypt-test,879
teem-1.6.0-src,src/echo/matter,332
teem-1.6.0-src,src/echo/color,7412
teem-1.6.0-src,src/echo/lightEcho,605
teem-1.6.0-src,src/echo/list,1220
teem-1.6.0-src,src/echo/enumsEcho,13165
teem-1.6.0-src,src/echo/renderEcho,4382
teem-1.6.0-src,src/echo/model,1056
teem-1.6.0-src,src/echo/test/test,850
teem-1.6.0-src,src/echo/test/trend,6453
teem-1.6.0-src,src/echo/sqd,6813
teem-1.6.0-src,src/echo/intx,12742
teem-1.6.0-src,src/echo/methodsEcho,477
teem-1.6.0-src,src/echo/objmethods,1064
teem-1.6.0-src,src/echo/bounds,5919
teem-1.6.0-src,src/echo/set,848
teem-1.6.0-src,src/dye/methodsDye,1877
teem-1.6.0-src,src/dye/convertDye,3104
teem-1.6.0-src,src/dye/test/bow,534
teem-1.6.0-src,src/dye/test/conv,352
teem-1.6.0-src,src/hex/enhex,709
teem-1.6.0-src,src/hex/dehex,1223
teem-1.6.0-src,src/mite/renderMite,1017
teem-1.6.0-src,src/mite/txf,6975
teem-1.6.0-src,src/mite/user,783
teem-1.6.0-src,src/mite/thread,238
teem-1.6.0-src,src/mite/defaultsMite,33
teem-1.6.0-src,src/mite/ray,3762
teem-1.6.0-src,src/biff/test/test,212
teem-1.6.0-src,src/biff/biff,2083
teem-1.6.0-src,src/air/mop,1343
teem-1.6.0-src,src/air/threadAir,853
teem-1.6.0-src,src/air/sane,3166
teem-1.6.0-src,src/air/dio,1852
teem-1.6.0-src,src/air/754,1295
teem-1.6.0-src,src/air/test/floatprint,552
teem-1.6.0-src,src/air/test/tline,373
teem-1.6.0-src,src/air/test/fp,1506
teem-1.6.0-src,src/air/test/tok,254
teem-1.6.0-src,src/air/test/tmop,539
teem-1.6.0-src,src/air/test/doubleprint,578
teem-1.6.0-src,src/air/parseAir,4570
teem-1.6.0-src,src/air/enum,628
teem-1.6.0-src,src/air/string,844
teem-1.6.0-src,src/air/endianAir,1338
teem-1.6.0-src,src/air/miscAir,3488
teem-1.6.0-src,src/air/array,390
teem-1.6.0-src,src/unrrdu/inset,1285
teem-1.6.0-src,src/unrrdu/crop,1328
teem-1.6.0-src,src/unrrdu/head,1334
teem-1.6.0-src,src/unrrdu/convert,1104
teem-1.6.0-src,src/unrrdu/reshape,942
teem-1.6.0-src,src/unrrdu/about,2707
teem-1.6.0-src,src/unrrdu/axinfo,1325
teem-1.6.0-src,src/unrrdu/swap,813
teem-1.6.0-src,src/unrrdu/jhisto,2509
teem-1.6.0-src,src/unrrdu/axmerge,1279
teem-1.6.0-src,src/unrrdu/histax,1247
teem-1.6.0-src,src/unrrdu/data,1240
teem-1.6.0-src,src/unrrdu/3op,2216
teem-1.6.0-src,src/unrrdu/permute,965
teem-1.6.0-src,src/unrrdu/quantize,1554
teem-1.6.0-src,src/unrrdu/lut,1989
teem-1.6.0-src,src/unrrdu/axinsert,1037
teem-1.6.0-src,src/unrrdu/ccsettle,1002
teem-1.6.0-src,src/unrrdu/axdelete,1330
teem-1.6.0-src,src/unrrdu/imap,2366
teem-1.6.0-src,src/unrrdu/rmap,2429
teem-1.6.0-src,src/unrrdu/project,1825
teem-1.6.0-src,src/unrrdu/flip,770
teem-1.6.0-src,src/unrrdu/histo,1426
teem-1.6.0-src,src/unrrdu/save,2638
teem-1.6.0-src,src/unrrdu/gamma,1274
teem-1.6.0-src,src/unrrdu/splice,1317
teem-1.6.0-src,src/unrrdu/1op,1599
teem-1.6.0-src,src/unrrdu/ccfind,1657
teem-1.6.0-src,src/unrrdu/block,1086
teem-1.6.0-src,src/unrrdu/ccadj,1117
teem-1.6.0-src,src/unrrdu/dhisto,1274
teem-1.6.0-src,src/unrrdu/axsplit,1076
teem-1.6.0-src,src/unrrdu/resample,3258
teem-1.6.0-src,src/unrrdu/cmedian,2412
teem-1.6.0-src,src/unrrdu/join,1420
teem-1.6.0-src,src/unrrdu/unquantize,1107
teem-1.6.0-src,src/unrrdu/ccmerge,2547
teem-1.6.0-src,src/unrrdu/unblock,1094
teem-1.6.0-src,src/unrrdu/flotsam,2466
teem-1.6.0-src,src/unrrdu/shuffle,1568
teem-1.6.0-src,src/unrrdu/dice,1670
teem-1.6.0-src,src/unrrdu/minmax,1058
teem-1.6.0-src,src/unrrdu/heq,1989
teem-1.6.0-src,src/unrrdu/pad,1680
teem-1.6.0-src,src/unrrdu/make,6126
teem-1.6.0-src,src/unrrdu/slice,1193
teem-1.6.0-src,src/unrrdu/2op,2106
teem-1.6.0-src,src/moss/hestMoss,1006
teem-1.6.0-src,src/moss/methodsMoss,880
teem-1.6.0-src,src/moss/sampler,1961
teem-1.6.0-src,src/moss/test/invert,288
teem-1.6.0-src,src/moss/xform,2762
teem-1.6.0-src,src/moss/defaultsMoss,17
teem-1.6.0-src,src/gage/miscGage,5207
teem-1.6.0-src,src/gage/vecprint,52
teem-1.6.0-src,src/gage/sclfilter,8997
teem-1.6.0-src,src/gage/ctx,3948
teem-1.6.0-src,src/gage/filter,2915
teem-1.6.0-src,src/gage/sclprint,813
teem-1.6.0-src,src/gage/shape,2872
teem-1.6.0-src,src/gage/st,2867
teem-1.6.0-src,src/gage/print,5349
teem-1.6.0-src,src/gage/scl,19232
teem-1.6.0-src,src/gage/vecGage,13440
teem-1.6.0-src,src/gage/pvl,1275
teem-1.6.0-src,src/gage/defaultsGage,53
teem-1.6.0-src,src/gage/sclanswer,6461
teem-1.6.0-src,src/gage/update,4112
teem-1.6.0-src,src/bane/valid,2150
teem-1.6.0-src,src/bane/inc,3613
teem-1.6.0-src,src/bane/gkmsTxf,2892
teem-1.6.0-src,src/bane/rangeBane,1565
teem-1.6.0-src,src/bane/gkmsInfo,1233
teem-1.6.0-src,src/bane/clip,1367
teem-1.6.0-src,src/bane/measr,1670
teem-1.6.0-src,src/bane/trnsf,4031
teem-1.6.0-src,src/bane/gkmsMite,1104
teem-1.6.0-src,src/bane/gkmsOpac,3005
teem-1.6.0-src,src/bane/gkmsFlotsam,2826
teem-1.6.0-src,src/bane/gkmsScat,1444
teem-1.6.0-src,src/bane/hvol,6321
teem-1.6.0-src,src/bane/defaultsBane,29
teem-1.6.0-src,src/bane/gkmsHvol,2698
teem-1.6.0-src,src/bane/test/sigma,141
teem-1.6.0-src,src/bane/test/tinfo,473
teem-1.6.0-src,src/bane/test/tblah,941
teem-1.6.0-src,src/bane/test/pos,521
teem-1.6.0-src,src/bane/test/opac,426
teem-1.6.0-src,src/bane/gkmsPvg,2814
teem-1.6.0-src,src/bane/trex,318
teem-1.6.0-src,src/bane/methodsBane,527
teem-1.6.0-src,src/bane/scat,657
teem-1.6.0-src,src/hest/usage,2306
teem-1.6.0-src,src/hest/defaultsHest,12
teem-1.6.0-src,src/hest/parseHest,10766
teem-1.6.0-src,src/hest/methodsHest,1889
teem-1.6.0-src,src/hest/test/ex2,924
teem-1.6.0-src,src/hest/test/ex5,729
teem-1.6.0-src,src/hest/test/ex1,1059
teem-1.6.0-src,src/hest/test/ex0,401
teem-1.6.0-src,src/hest/test/bday,954
teem-1.6.0-src,src/hest/test/strings,1091
teem-1.6.0-src,src/hest/test/ex3,1410
teem-1.6.0-src,src/hest/test/ex4,1040
teem-1.6.0-src,src/hoover/stub,44
teem-1.6.0-src,src/hoover/methodsHoover,1610
teem-1.6.0-src,src/hoover/rays,3243
teem-1.6.0-src,src/hoover/defaultsHoover,19
teem-1.6.0-src,src/ell/vecEll,1460
teem-1.6.0-src,src/ell/cubicEll,1976
teem-1.6.0-src,src/ell/eigen,4340
teem-1.6.0-src,src/ell/miscEll,975
teem-1.6.0-src,src/ell/mat,24378
teem-1.6.0-src,src/ell/test/tq,5179
teem-1.6.0-src,src/ell/test/sort3,626
teem-1.6.0-src,src/ell/test/invert,617
teem-1.6.0-src,src/ell/quat,14610
teem-1.6.0-src,src/ell/genmat,2747
teem-1.6.0-src,src/nrrd/defaultsNrrd,659
teem-1.6.0-src,src/nrrd/encodingHex,1444
teem-1.6.0-src,src/nrrd/encoding,584
teem-1.6.0-src,src/nrrd/superset,4134
teem-1.6.0-src,src/nrrd/range,512
teem-1.6.0-src,src/nrrd/reorder,7716
teem-1.6.0-src,src/nrrd/encodingRaw,1752
teem-1.6.0-src,src/nrrd/encodingGzip,561
teem-1.6.0-src,src/nrrd/formatText,2442
teem-1.6.0-src,src/nrrd/hestNrrd,963
teem-1.6.0-src,src/nrrd/read,2459
teem-1.6.0-src,src/nrrd/ccmethods,1004
teem-1.6.0-src,src/nrrd/formatNRRD,3252
teem-1.6.0-src,src/nrrd/apply1D,7026
teem-1.6.0-src,src/nrrd/formatVTK,5027
teem-1.6.0-src,src/nrrd/subset,2244
teem-1.6.0-src,src/nrrd/parseNrrd,5226
teem-1.6.0-src,src/nrrd/endianNrrd,403
teem-1.6.0-src,src/nrrd/keyvalue,653
teem-1.6.0-src,src/nrrd/encodingAscii,1361
teem-1.6.0-src,src/nrrd/gzio,0
teem-1.6.0-src,src/nrrd/measure,7596
teem-1.6.0-src,src/nrrd/test/genvol,1483
teem-1.6.0-src,src/nrrd/test/convo,1653
teem-1.6.0-src,src/nrrd/test/tkernel,1687
teem-1.6.0-src,src/nrrd/test/quadvol,1537
teem-1.6.0-src,src/nrrd/test/io,345
teem-1.6.0-src,src/nrrd/test/tread,252
teem-1.6.0-src,src/nrrd/test/tline,318
teem-1.6.0-src,src/nrrd/test/trand,141
teem-1.6.0-src,src/nrrd/test/ax,2867
teem-1.6.0-src,src/nrrd/test/kv,331
teem-1.6.0-src,src/nrrd/test/minmax,268
teem-1.6.0-src,src/nrrd/test/typestest,364
teem-1.6.0-src,src/nrrd/histogram,5389
teem-1.6.0-src,src/nrrd/arith,4851
teem-1.6.0-src,src/nrrd/accessors,5723
teem-1.6.0-src,src/nrrd/enumsNrrd,86275
teem-1.6.0-src,src/nrrd/formatPNM,2611
teem-1.6.0-src,src/nrrd/filt,4966
teem-1.6.0-src,src/nrrd/cc,9158
teem-1.6.0-src,src/nrrd/formatPNG,626
teem-1.6.0-src,src/nrrd/winKernel,17940
teem-1.6.0-src,src/nrrd/comment,383
teem-1.6.0-src,src/nrrd/write,3566
teem-1.6.0-src,src/nrrd/simple,4047
teem-1.6.0-src,src/nrrd/arraysNrrd,2364
teem-1.6.0-src,src/nrrd/kernel,22134
teem-1.6.0-src,src/nrrd/methodsNrrd,3541
teem-1.6.0-src,src/nrrd/axis,2408
teem-1.6.0-src,src/nrrd/map,4611
teem-1.6.0-src,src/nrrd/resampleNrrd,5572
teem-1.6.0-src,src/nrrd/convertNrrd,2498
teem-1.6.0-src,src/nrrd/tmfKernel,111165
teem-1.6.0-src,src/nrrd/format,592
teem-1.6.0-src,src/nrrd/encodingBzip2,494
teem-1.6.0-src,src/nrrd/iter,527
teem-1.6.0-src,src/nrrd/formatEPS,2197
teem-1.6.0-src,src/ten/tendSlice,945
teem-1.6.0-src,src/ten/tendEvecrgb,1827
teem-1.6.0-src,src/ten/tendEstim,3737
teem-1.6.0-src,src/ten/tensor,5635
teem-1.6.0-src,src/ten/tendEllipse,2261
teem-1.6.0-src,src/ten/epireg,11911
teem-1.6.0-src,src/ten/tendFlotsam,1234
teem-1.6.0-src,src/ten/tendNorm,1225
teem-1.6.0-src,src/ten/tendSten,1278
teem-1.6.0-src,src/ten/aniso,3183
teem-1.6.0-src,src/ten/fiberMethods,2377
teem-1.6.0-src,src/ten/fiber,4070
teem-1.6.0-src,src/ten/tendShrink,896
teem-1.6.0-src,src/ten/bimod,5429
teem-1.6.0-src,src/ten/tendPoint,1468
teem-1.6.0-src,src/ten/test/tt,2518
teem-1.6.0-src,src/ten/test/tg,2239
teem-1.6.0-src,src/ten/test/tem,984
teem-1.6.0-src,src/ten/tendAnhist,1111
teem-1.6.0-src,src/ten/enumsTen,26181
teem-1.6.0-src,src/ten/tendEvq,2117
teem-1.6.0-src,src/ten/tendMake,917
teem-1.6.0-src,src/ten/tendEvalpow,835
teem-1.6.0-src,src/ten/tendAnvol,1437
teem-1.6.0-src,src/ten/tendSim,1292
teem-1.6.0-src,src/ten/tendBmat,1289
teem-1.6.0-src,src/ten/chan,7513
teem-1.6.0-src,src/ten/tendGlyph,6372
teem-1.6.0-src,src/ten/tendEval,1524
teem-1.6.0-src,src/ten/miscTen,3093
teem-1.6.0-src,src/ten/mod,2481
teem-1.6.0-src,src/ten/glyph,4315
teem-1.6.0-src,src/ten/tendAnscale,1323
teem-1.6.0-src,src/ten/tendExpand,1392
teem-1.6.0-src,src/ten/tendEvaladd,924
teem-1.6.0-src,src/ten/tendEpireg,4344
teem-1.6.0-src,src/ten/defaultsTen,60
teem-1.6.0-src,src/ten/tendEvec,1550
teem-1.6.0-src,src/ten/tenGage,3161
teem-1.6.0-src,src/ten/tendSatin,4936
teem-1.6.0-src,src/ten/tendFiber,2460
teem-1.6.0-src,src/ten/tendEvalclamp,1212
teem-1.6.0-src,src/ten/tendAnplot,1593
teem-1.6.0-src,src/alan/enumsAlan,2480
teem-1.6.0-src,src/alan/methodsAlan,1924
teem-1.6.0-src,src/alan/test/tspot,871
teem-1.6.0-src,src/alan/coreAlan,3659
teem-1.6.0-src,src/limn/cam,4614
teem-1.6.0-src,src/limn/defaultsLimn,13
teem-1.6.0-src,src/limn/obj,660
teem-1.6.0-src,src/limn/io,637
teem-1.6.0-src,src/limn/splineMisc,14189
teem-1.6.0-src,src/limn/qn,2457
teem-1.6.0-src,src/limn/splineMethods,4255
teem-1.6.0-src,src/limn/test/tbc,1576
teem-1.6.0-src,src/limn/test/soid,3141
teem-1.6.0-src,src/limn/test/tspline,1877
teem-1.6.0-src,src/limn/test/tcam,1148
teem-1.6.0-src,src/limn/test/tcamanim,3055
teem-1.6.0-src,src/limn/test/light,436
teem-1.6.0-src,src/limn/test/tps,2284
teem-1.6.0-src,src/limn/test/map,260
teem-1.6.0-src,src/limn/methodsLimn,208
teem-1.6.0-src,src/limn/transform,2625
teem-1.6.0-src,src/limn/shapes,2888
teem-1.6.0-src,src/limn/renderLimn,2715
teem-1.6.0-src,src/limn/env,1040
teem-1.6.0-src,src/limn/splineEval,5473
teem-1.6.0-src,src/limn/light,742
teem-1.6.0-src,src/limn/hestLimn,954
ttt-0.10.1.preproc,src/ttt,4213
ttt-0.10.1.preproc,src/engine,1536
ttt-0.10.1.preproc,src/parse,999
ttt-0.10.1.preproc,src/util,1684
ttt-0.10.1.preproc,src/connect4,2793
ttt-0.10.1.preproc,src/main,917
unrarlib-0.4.0,unrarlib/unrarlib,9288
unrarlib-0.4.0,samples/unix/listarchive/listarchive,906
unrarlib-0.4.0,samples/unix/getfile/getfile,729
zlib-1.1.4,inffast,790
zlib-1.1.4,inftrees,6276
zlib-1.1.4,adler32,196
zlib-1.1.4,infblock,2190
zlib-1.1.4,infutil,262
zlib-1.1.4,infcodes,1382
zlib-1.1.4,inflate,1327
zlib-1.1.4,gzio,2539
zlib-1.1.4,compress,114
zlib-1.1.4,zutil,211
zlib-1.1.4,trees,7464
zlib-1.1.4,deflate,4185
zlib-1.1.4,uncompr,94
zlib-1.1.4,crc32,1216
