size
"2",,"","","","","arm-none-eabi-gcc (GCC) 12.1.0"
"","-Os -std=gnu89 -marm -mcpu=arm966e-s -mno-thumb-interwork"
bzip2-1.0.2,huffman,1500
bzip2-1.0.2,decompress,9739
bzip2-1.0.2,bzip2recover,3785
bzip2-1.0.2,crctable,1024
bzip2-1.0.2,compress,8551
bzip2-1.0.2,randtable,2048
bzip2-1.0.2,bzlib,11511
bzip2-1.0.2,blocksort,6775
bzip2-1.0.2,bzip2,17789
cg_compiler_opensrc,support,26251
cg_compiler_opensrc,cgcmain,2611
cg_compiler_opensrc,constfold,4720
cg_compiler_opensrc,support_iter,2362
cg_compiler_opensrc,symbols,7133
cg_compiler_opensrc,printutils,11095
cg_compiler_opensrc,atom,3684
cg_compiler_opensrc,cpp,7254
cg_compiler_opensrc,compile,14346
cg_compiler_opensrc,cgstruct,124
cg_compiler_opensrc,tokens,3245
cg_compiler_opensrc,binding,1715
cg_compiler_opensrc,hal,2935
cg_compiler_opensrc,stdlib,3222
cg_compiler_opensrc,check,3665
cg_compiler_opensrc,generic_hal,2603
cg_compiler_opensrc,memory,656
cg_compiler_opensrc,tokenize,678
cg_compiler_opensrc,scanner,6811
cg_compiler_opensrc,parser,16051
cg_compiler_opensrc,semantic,4786
cg_compiler_opensrc,inline,3006
compiler,cg,3007
compiler,vam,4115
compiler,vas,6498
compiler,scanner,3555
compiler,parser,4792
compiler,main,2638
flex-2.5.31,regex,631
flex-2.5.31,yylex,1288
flex-2.5.31,skel,94034
flex-2.5.31,filter,2393
flex-2.5.31,scanopt,3718
flex-2.5.31,ccl,1172
flex-2.5.31,parse,9030
flex-2.5.31,nfa,3996
flex-2.5.31,misc,6110
flex-2.5.31,scan,44672
flex-2.5.31,dfa,7650
flex-2.5.31,tblcmp,3832
flex-2.5.31,tables,2197
flex-2.5.31,buf,1087
flex-2.5.31,ecs,560
flex-2.5.31,sym,987
flex-2.5.31,libmain,20
flex-2.5.31,tables_shared,36
flex-2.5.31,options,2610
flex-2.5.31,libyywrap,8
flex-2.5.31,main,18174
flex-2.5.31,gen,24066
jikespg-1.3,src/mkstates,3254
jikespg-1.3,src/prntstat,3648
jikespg-1.3,src/resolve,13236
jikespg-1.3,src/globals,264
jikespg-1.3,src/ctabs,49280
jikespg-1.3,src/produce,11785
jikespg-1.3,src/mkred,7320
jikespg-1.3,src/ptables,3523
jikespg-1.3,src/lpgparse,48309
jikespg-1.3,src/lpgutil,5123
jikespg-1.3,src/spacetab,21572
jikespg-1.3,src/remsp,8382
jikespg-1.3,src/partset,1816
jikespg-1.3,src/mkfirst,15396
jikespg-1.3,src/main,6255
jikespg-1.3,src/tabutil,14290
jikespg-1.3,src/timetab,10268
jpeg-6b,jcmainct,480
jpeg-6b,wrtarga,1168
jpeg-6b,jdmainct,1748
jpeg-6b,jdsample,1824
jpeg-6b,jdmaster,2152
jpeg-6b,jdpostct,1036
jpeg-6b,jquant1,3224
jpeg-6b,wrbmp,3144
jpeg-6b,djpeg,6575
jpeg-6b,jcinit,224
jpeg-6b,rdjpgcom,2579
jpeg-6b,rdgif,93
jpeg-6b,jfdctint,772
jpeg-6b,wrppm,758
jpeg-6b,wrjpgcom,3699
jpeg-6b,jcapistd,644
jpeg-6b,jchuff,3920
jpeg-6b,jdcolor,1392
jpeg-6b,jpegtran,4140
jpeg-6b,jcparam,3612
jpeg-6b,jdmerge,1632
jpeg-6b,jddctmgr,872
jpeg-6b,ansi2knr,3024
jpeg-6b,jfdctfst,520
jpeg-6b,jccolor,1712
jpeg-6b,jdphuff,3408
jpeg-6b,jmemmgr,3814
jpeg-6b,jfdctflt,1160
jpeg-6b,wrrle,0
jpeg-6b,jidctfst,900
jpeg-6b,jcmaster,3220
jpeg-6b,jdatadst,356
jpeg-6b,jutils,448
jpeg-6b,rdswitch,2308
jpeg-6b,jcprepct,1524
jpeg-6b,rdcolmap,1816
jpeg-6b,jcdctmgr,1636
jpeg-6b,jdapimin,1328
jpeg-6b,jcomapi,184
jpeg-6b,rdbmp,2216
jpeg-6b,jdcoefct,3868
jpeg-6b,jerror,5630
jpeg-6b,jidctred,1264
jpeg-6b,jidctint,1224
jpeg-6b,cjpeg,6093
jpeg-6b,rdppm,2228
jpeg-6b,jquant2,4856
jpeg-6b,jdapistd,1192
jpeg-6b,cdjpeg,144
jpeg-6b,transupp,5340
jpeg-6b,rdtarga,2172
jpeg-6b,wrgif,2884
jpeg-6b,jdhuff,2996
jpeg-6b,jctrans,1644
jpeg-6b,jdmarker,7504
jpeg-6b,jcmarker,2240
jpeg-6b,jccoefct,2096
jpeg-6b,jcsample,2276
jpeg-6b,jcapimin,988
jpeg-6b,jmemnobs,72
jpeg-6b,jidctflt,1584
jpeg-6b,jdtrans,436
jpeg-6b,jdatasrc,416
jpeg-6b,jdinput,1520
jpeg-6b,jcphuff,3348
jpeg-6b,rdrle,0
libmspack,test/md5,3600
libmspack,test/cabd_md5,1333
libmspack,test/cabextract_md5,24966
libmspack,test/cabrip,527
libmspack,test/chmd_md5,1222
libmspack,test/cabd_test,10410
libmspack,mspack/lzxc,0
libmspack,mspack/qtmc,0
libmspack,mspack/kwajc,12
libmspack,mspack/cabc,12
libmspack,mspack/szddc,12
libmspack,mspack/cabd,7216
libmspack,mspack/hlpd,12
libmspack,mspack/litd,12
libmspack,mspack/mszipd,36
libmspack,mspack/kwajd,12
libmspack,mspack/qtmd,6052
libmspack,mspack/litc,12
libmspack,mspack/lzxd,7108
libmspack,mspack/mszipc,0
libmspack,mspack/chmd,4124
libmspack,mspack/szddd,12
libmspack,mspack/chmc,12
libmspack,mspack/system,826
libmspack,mspack/hlpc,12
libpng-1.2.5,pngtrans,2276
libpng-1.2.5,pngwrite,7037
libpng-1.2.5,pngtest,7072
libpng-1.2.5,pngerror,1087
libpng-1.2.5,pngpread,6623
libpng-1.2.5,pngrutil,17155
libpng-1.2.5,pngrio,329
libpng-1.2.5,pngread,7546
libpng-1.2.5,pngrtran,20744
libpng-1.2.5,pngwio,369
libpng-1.2.5,pngwtran,2012
libpng-1.2.5,png,2925
libpng-1.2.5,png2pnm,2922
libpng-1.2.5,pngwutil,13702
libpng-1.2.5,pngmem,537
libpng-1.2.5,pnm2png,3509
libpng-1.2.5,pngget,3144
libpng-1.2.5,pngset,6713
linux-2.4.23-pre3-testplatform,net/socket,6576
linux-2.4.23-pre3-testplatform,net/8021q/vlanproc,28
linux-2.4.23-pre3-testplatform,net/8021q/vlan,784
linux-2.4.23-pre3-testplatform,net/8021q/vlan_dev,4102
linux-2.4.23-pre3-testplatform,net/802/p8023,134
linux-2.4.23-pre3-testplatform,net/netlink/af_netlink,4232
linux-2.4.23-pre3-testplatform,net/ipv4/ip_sockglue,5632
linux-2.4.23-pre3-testplatform,net/ipv4/proc,2846
linux-2.4.23-pre3-testplatform,net/ipv4/inetpeer,2122
linux-2.4.23-pre3-testplatform,net/ipv4/tcp,13913
linux-2.4.23-pre3-testplatform,net/ipv4/tcp_timer,3662
linux-2.4.23-pre3-testplatform,net/ipv4/ip_forward,508
linux-2.4.23-pre3-testplatform,net/ipv4/ip_output,4867
linux-2.4.23-pre3-testplatform,net/ipv4/ip_input,912
linux-2.4.23-pre3-testplatform,net/ipv4/tcp_input,21495
linux-2.4.23-pre3-testplatform,net/ipv4/tcp_ipv4,14313
linux-2.4.23-pre3-testplatform,net/ipv4/sysctl_net_ipv4,0
linux-2.4.23-pre3-testplatform,net/ipv4/route,12180
linux-2.4.23-pre3-testplatform,net/ipv4/protocol,522
linux-2.4.23-pre3-testplatform,net/ipv4/devinet,6123
linux-2.4.23-pre3-testplatform,net/ipv4/tcp_output,9759
linux-2.4.23-pre3-testplatform,net/ipv4/udp,5892
linux-2.4.23-pre3-testplatform,net/ipv4/ip_options,3794
linux-2.4.23-pre3-testplatform,net/ipv4/tcp_minisocks,4851
linux-2.4.23-pre3-testplatform,net/ipv4/utils,104
linux-2.4.23-pre3-testplatform,net/ipv4/igmp,11806
linux-2.4.23-pre3-testplatform,net/ipv4/arp,4992
linux-2.4.23-pre3-testplatform,net/ipv4/af_inet,5641
linux-2.4.23-pre3-testplatform,net/ipv4/ip_fragment,3305
linux-2.4.23-pre3-testplatform,net/ipv4/fib_hash,4093
linux-2.4.23-pre3-testplatform,net/ipv4/tcp_diag,3806
linux-2.4.23-pre3-testplatform,net/ipv4/raw,3788
linux-2.4.23-pre3-testplatform,net/ipv4/fib_semantics,3754
linux-2.4.23-pre3-testplatform,net/ipv4/fib_frontend,2764
linux-2.4.23-pre3-testplatform,net/ipv4/icmp,4270
linux-2.4.23-pre3-testplatform,net/sunrpc/xprt,6266
linux-2.4.23-pre3-testplatform,net/sunrpc/timer,204
linux-2.4.23-pre3-testplatform,net/sunrpc/auth_null,332
linux-2.4.23-pre3-testplatform,net/sunrpc/sched,3951
linux-2.4.23-pre3-testplatform,net/sunrpc/sunrpc_syms,0
linux-2.4.23-pre3-testplatform,net/sunrpc/svcauth,700
linux-2.4.23-pre3-testplatform,net/sunrpc/svcsock,4521
linux-2.4.23-pre3-testplatform,net/sunrpc/xdr,2036
linux-2.4.23-pre3-testplatform,net/sunrpc/auth_unix,854
linux-2.4.23-pre3-testplatform,net/sunrpc/clnt,4472
linux-2.4.23-pre3-testplatform,net/sunrpc/pmap_clnt,857
linux-2.4.23-pre3-testplatform,net/sunrpc/auth,1088
linux-2.4.23-pre3-testplatform,net/sunrpc/svc,2349
linux-2.4.23-pre3-testplatform,net/ethernet/eth,693
linux-2.4.23-pre3-testplatform,net/sched/sch_generic,2634
linux-2.4.23-pre3-testplatform,net/core/skbuff,6217
linux-2.4.23-pre3-testplatform,net/core/neighbour,8905
linux-2.4.23-pre3-testplatform,net/core/iovec,1076
linux-2.4.23-pre3-testplatform,net/core/dst,1020
linux-2.4.23-pre3-testplatform,net/core/dev_mcast,965
linux-2.4.23-pre3-testplatform,net/core/sock,3721
linux-2.4.23-pre3-testplatform,net/core/utils,265
linux-2.4.23-pre3-testplatform,net/core/rtnetlink,3237
linux-2.4.23-pre3-testplatform,net/core/scm,980
linux-2.4.23-pre3-testplatform,net/core/dev,9840
linux-2.4.23-pre3-testplatform,net/core/ethtool,120
linux-2.4.23-pre3-testplatform,net/core/datagram,1875
linux-2.4.23-pre3-testplatform,kernel/timer,2585
linux-2.4.23-pre3-testplatform,kernel/printk,2296
linux-2.4.23-pre3-testplatform,kernel/info,344
linux-2.4.23-pre3-testplatform,kernel/sched,3082
linux-2.4.23-pre3-testplatform,kernel/ptrace,916
linux-2.4.23-pre3-testplatform,kernel/kmod,300
linux-2.4.23-pre3-testplatform,kernel/dma,20
linux-2.4.23-pre3-testplatform,kernel/fork,1289
linux-2.4.23-pre3-testplatform,kernel/time,776
linux-2.4.23-pre3-testplatform,kernel/acct,8
linux-2.4.23-pre3-testplatform,kernel/context,487
linux-2.4.23-pre3-testplatform,kernel/user,244
linux-2.4.23-pre3-testplatform,kernel/exit,835
linux-2.4.23-pre3-testplatform,kernel/capability,20
linux-2.4.23-pre3-testplatform,kernel/softirq,1870
linux-2.4.23-pre3-testplatform,kernel/sysctl,100
linux-2.4.23-pre3-testplatform,kernel/itimer,448
linux-2.4.23-pre3-testplatform,kernel/resource,1305
linux-2.4.23-pre3-testplatform,kernel/exec_domain,607
linux-2.4.23-pre3-testplatform,kernel/sys,2348
linux-2.4.23-pre3-testplatform,kernel/module,975
linux-2.4.23-pre3-testplatform,kernel/signal,2999
linux-2.4.23-pre3-testplatform,kernel/panic,591
linux-2.4.23-pre3-testplatform,ipc/msg,1890
linux-2.4.23-pre3-testplatform,ipc/sem,3574
linux-2.4.23-pre3-testplatform,ipc/util,899
linux-2.4.23-pre3-testplatform,ipc/shm,2203
linux-2.4.23-pre3-testplatform,arch/testplatform/kernel/init_task,9916
linux-2.4.23-pre3-testplatform,arch/testplatform/kernel/head,4
linux-2.4.23-pre3-testplatform,arch/testplatform/kernel/sys_s390,836
linux-2.4.23-pre3-testplatform,arch/testplatform/kernel/s390fpu,28
linux-2.4.23-pre3-testplatform,arch/testplatform/kernel/entry,36
linux-2.4.23-pre3-testplatform,arch/testplatform/kernel/ptrace,1508
linux-2.4.23-pre3-testplatform,arch/testplatform/kernel/cpcmd,4
linux-2.4.23-pre3-testplatform,arch/testplatform/kernel/traps,4254
linux-2.4.23-pre3-testplatform,arch/testplatform/kernel/time,20
linux-2.4.23-pre3-testplatform,arch/testplatform/kernel/debug,3990
linux-2.4.23-pre3-testplatform,arch/testplatform/kernel/s390_ext,700
linux-2.4.23-pre3-testplatform,arch/testplatform/kernel/reipl,4
linux-2.4.23-pre3-testplatform,arch/testplatform/kernel/bitmap,3
linux-2.4.23-pre3-testplatform,arch/testplatform/kernel/ebcdic,1536
linux-2.4.23-pre3-testplatform,arch/testplatform/kernel/needed,32
linux-2.4.23-pre3-testplatform,arch/testplatform/kernel/signal,1296
linux-2.4.23-pre3-testplatform,arch/testplatform/kernel/setup,2260
linux-2.4.23-pre3-testplatform,arch/testplatform/kernel/irq,36
linux-2.4.23-pre3-testplatform,arch/testplatform/kernel/semaphore,76
linux-2.4.23-pre3-testplatform,arch/testplatform/kernel/process,804
linux-2.4.23-pre3-testplatform,arch/testplatform/mm/fault,278
linux-2.4.23-pre3-testplatform,arch/testplatform/mm/ioremap,739
linux-2.4.23-pre3-testplatform,arch/testplatform/mm/init,1844
linux-2.4.23-pre3-testplatform,arch/testplatform/mm/extable,80
linux-2.4.23-pre3-testplatform,arch/testplatform/lib/checksum,8
linux-2.4.23-pre3-testplatform,arch/testplatform/lib/strncpy,8
linux-2.4.23-pre3-testplatform,arch/testplatform/lib/uaccess,24
linux-2.4.23-pre3-testplatform,arch/testplatform/lib/delay,8
linux-2.4.23-pre3-testplatform,arch/testplatform/lib/misaligned,144
linux-2.4.23-pre3-testplatform,arch/testplatform/lib/strcmp,8
linux-2.4.23-pre3-testplatform,arch/testplatform/lib/memset,8
linux-2.4.23-pre3-testplatform,arch/testplatform/lib/memcpy,8
linux-2.4.23-pre3-testplatform,mm/mlock,728
linux-2.4.23-pre3-testplatform,mm/slab,3866
linux-2.4.23-pre3-testplatform,mm/swap,522
linux-2.4.23-pre3-testplatform,mm/shmem,5963
linux-2.4.23-pre3-testplatform,mm/swap_state,1163
linux-2.4.23-pre3-testplatform,mm/oom_kill,663
linux-2.4.23-pre3-testplatform,mm/swapfile,3607
linux-2.4.23-pre3-testplatform,mm/vmalloc,2255
linux-2.4.23-pre3-testplatform,mm/mremap,804
linux-2.4.23-pre3-testplatform,mm/vmscan,64
linux-2.4.23-pre3-testplatform,mm/filemap,10717
linux-2.4.23-pre3-testplatform,mm/mmap,2886
linux-2.4.23-pre3-testplatform,mm/page_io,647
linux-2.4.23-pre3-testplatform,mm/page_alloc,3203
linux-2.4.23-pre3-testplatform,mm/memory,4068
linux-2.4.23-pre3-testplatform,mm/numa,908
linux-2.4.23-pre3-testplatform,mm/bootmem,1719
linux-2.4.23-pre3-testplatform,mm/mprotect,896
linux-2.4.23-pre3-testplatform,lib/dec_and_lock,0
linux-2.4.23-pre3-testplatform,lib/rbtree,1116
linux-2.4.23-pre3-testplatform,lib/dump_stack,66
linux-2.4.23-pre3-testplatform,lib/zlib_inflate/inffast,966
linux-2.4.23-pre3-testplatform,lib/zlib_inflate/inftrees,6761
linux-2.4.23-pre3-testplatform,lib/zlib_inflate/infblock,2606
linux-2.4.23-pre3-testplatform,lib/zlib_inflate/infutil,392
linux-2.4.23-pre3-testplatform,lib/zlib_inflate/infcodes,1610
linux-2.4.23-pre3-testplatform,lib/zlib_inflate/inflate,2898
linux-2.4.23-pre3-testplatform,lib/zlib_inflate/inflate_syms,0
linux-2.4.23-pre3-testplatform,lib/zlib_deflate/deflate_syms,0
linux-2.4.23-pre3-testplatform,lib/zlib_deflate/deflate,6240
linux-2.4.23-pre3-testplatform,lib/zlib_deflate/deftree,8324
linux-2.4.23-pre3-testplatform,lib/rwsem-spinlock,476
linux-2.4.23-pre3-testplatform,lib/bust_spinlocks,78
linux-2.4.23-pre3-testplatform,lib/vsprintf,3909
linux-2.4.23-pre3-testplatform,lib/brlock,0
linux-2.4.23-pre3-testplatform,lib/string,900
linux-2.4.23-pre3-testplatform,lib/ctype,256
linux-2.4.23-pre3-testplatform,lib/errno,0
linux-2.4.23-pre3-testplatform,lib/cmdline,312
linux-2.4.23-pre3-testplatform,init/do_mounts,3429
linux-2.4.23-pre3-testplatform,init/version,499
linux-2.4.23-pre3-testplatform,init/main,1286
linux-2.4.23-pre3-testplatform,fs/seq_file,2040
linux-2.4.23-pre3-testplatform,fs/block_dev,3777
linux-2.4.23-pre3-testplatform,fs/dnotify,344
linux-2.4.23-pre3-testplatform,fs/pipe,2118
linux-2.4.23-pre3-testplatform,fs/xattr,960
linux-2.4.23-pre3-testplatform,fs/binfmt_elf,0
linux-2.4.23-pre3-testplatform,fs/attr,670
linux-2.4.23-pre3-testplatform,fs/filesystems,0
linux-2.4.23-pre3-testplatform,fs/locks,5946
linux-2.4.23-pre3-testplatform,fs/partitions/check,1743
linux-2.4.23-pre3-testplatform,fs/partitions/msdos,1412
linux-2.4.23-pre3-testplatform,fs/bad_inode,256
linux-2.4.23-pre3-testplatform,fs/iobuf,979
linux-2.4.23-pre3-testplatform,fs/nfsd/export,4885
linux-2.4.23-pre3-testplatform,fs/nfsd/nfsproc,3587
linux-2.4.23-pre3-testplatform,fs/nfsd/stats,44
linux-2.4.23-pre3-testplatform,fs/nfsd/nfsctl,16
linux-2.4.23-pre3-testplatform,fs/nfsd/nfsxdr,2304
linux-2.4.23-pre3-testplatform,fs/nfsd/nfsfh,5186
linux-2.4.23-pre3-testplatform,fs/nfsd/nfs3proc,3250
linux-2.4.23-pre3-testplatform,fs/nfsd/lockd,284
linux-2.4.23-pre3-testplatform,fs/nfsd/nfs3xdr,4988
linux-2.4.23-pre3-testplatform,fs/nfsd/nfssvc,869
linux-2.4.23-pre3-testplatform,fs/nfsd/auth,136
linux-2.4.23-pre3-testplatform,fs/nfsd/nfscache,1879
linux-2.4.23-pre3-testplatform,fs/nfsd/vfs,7596
linux-2.4.23-pre3-testplatform,fs/fifo,604
linux-2.4.23-pre3-testplatform,fs/exec,2443
linux-2.4.23-pre3-testplatform,fs/file_table,887
linux-2.4.23-pre3-testplatform,fs/buffer,10825
linux-2.4.23-pre3-testplatform,fs/open,3161
linux-2.4.23-pre3-testplatform,fs/devices,990
linux-2.4.23-pre3-testplatform,fs/select,588
linux-2.4.23-pre3-testplatform,fs/super,3466
linux-2.4.23-pre3-testplatform,fs/fcntl,1554
linux-2.4.23-pre3-testplatform,fs/dcache,4390
linux-2.4.23-pre3-testplatform,fs/char_dev,419
linux-2.4.23-pre3-testplatform,fs/read_write,2376
linux-2.4.23-pre3-testplatform,fs/namespace,2227
linux-2.4.23-pre3-testplatform,fs/ext3/balloc,5388
linux-2.4.23-pre3-testplatform,fs/ext3/symlink,112
linux-2.4.23-pre3-testplatform,fs/ext3/ialloc,3327
linux-2.4.23-pre3-testplatform,fs/ext3/super,13156
linux-2.4.23-pre3-testplatform,fs/ext3/bitmap,148
linux-2.4.23-pre3-testplatform,fs/ext3/ioctl,363
linux-2.4.23-pre3-testplatform,fs/ext3/fsync,12
linux-2.4.23-pre3-testplatform,fs/ext3/inode,10732
linux-2.4.23-pre3-testplatform,fs/ext3/namei,7311
linux-2.4.23-pre3-testplatform,fs/ext3/dir,1428
linux-2.4.23-pre3-testplatform,fs/ext3/file,372
linux-2.4.23-pre3-testplatform,fs/lockd/host,1652
linux-2.4.23-pre3-testplatform,fs/lockd/svcsubs,1263
linux-2.4.23-pre3-testplatform,fs/lockd/clntlock,863
linux-2.4.23-pre3-testplatform,fs/lockd/svc4proc,2944
linux-2.4.23-pre3-testplatform,fs/lockd/svclock,2351
linux-2.4.23-pre3-testplatform,fs/lockd/lockd_syms,0
linux-2.4.23-pre3-testplatform,fs/lockd/xdr4,3756
linux-2.4.23-pre3-testplatform,fs/lockd/xdr,3835
linux-2.4.23-pre3-testplatform,fs/lockd/clntproc,1909
linux-2.4.23-pre3-testplatform,fs/lockd/svcproc,3000
linux-2.4.23-pre3-testplatform,fs/lockd/svcshare,460
linux-2.4.23-pre3-testplatform,fs/lockd/mon,1078
linux-2.4.23-pre3-testplatform,fs/lockd/svc,843
linux-2.4.23-pre3-testplatform,fs/ioctl,504
linux-2.4.23-pre3-testplatform,fs/readdir,1713
linux-2.4.23-pre3-testplatform,fs/nfs/proc,1776
linux-2.4.23-pre3-testplatform,fs/nfs/unlink,812
linux-2.4.23-pre3-testplatform,fs/nfs/symlink,440
linux-2.4.23-pre3-testplatform,fs/nfs/nfs2xdr,3856
linux-2.4.23-pre3-testplatform,fs/nfs/read,2164
linux-2.4.23-pre3-testplatform,fs/nfs/flushd,564
linux-2.4.23-pre3-testplatform,fs/nfs/nfs3proc,3024
linux-2.4.23-pre3-testplatform,fs/nfs/pagelist,2255
linux-2.4.23-pre3-testplatform,fs/nfs/write,5706
linux-2.4.23-pre3-testplatform,fs/nfs/nfs3xdr,5528
linux-2.4.23-pre3-testplatform,fs/nfs/inode,6581
linux-2.4.23-pre3-testplatform,fs/nfs/dir,4792
linux-2.4.23-pre3-testplatform,fs/nfs/file,1060
linux-2.4.23-pre3-testplatform,fs/ramfs/inode,1047
linux-2.4.23-pre3-testplatform,fs/stat,688
linux-2.4.23-pre3-testplatform,fs/jbd/commit,4382
linux-2.4.23-pre3-testplatform,fs/jbd/checkpoint,3438
linux-2.4.23-pre3-testplatform,fs/jbd/journal,8099
linux-2.4.23-pre3-testplatform,fs/jbd/transaction,8969
linux-2.4.23-pre3-testplatform,fs/jbd/revoke,2347
linux-2.4.23-pre3-testplatform,fs/jbd/recovery,2178
linux-2.4.23-pre3-testplatform,fs/binfmt_script,480
linux-2.4.23-pre3-testplatform,fs/inode,4965
linux-2.4.23-pre3-testplatform,fs/namei,5052
linux-2.4.23-pre3-testplatform,fs/quota,2706
linux-2.4.23-pre3-testplatform,fs/file,717
linux-2.4.23-pre3-testplatform,drivers/net/net_init,787
linux-2.4.23-pre3-testplatform,drivers/net/auto_irq,72
linux-2.4.23-pre3-testplatform,drivers/net/setup,48
linux-2.4.23-pre3-testplatform,drivers/net/loopback,412
linux-2.4.23-pre3-testplatform,drivers/net/Space,3500
linux-2.4.23-pre3-testplatform,drivers/char/n_tty,5315
linux-2.4.23-pre3-testplatform,drivers/char/misc,1020
linux-2.4.23-pre3-testplatform,drivers/char/pty,1779
linux-2.4.23-pre3-testplatform,drivers/char/mem,2420
linux-2.4.23-pre3-testplatform,drivers/char/random,4900
linux-2.4.23-pre3-testplatform,drivers/char/raw,1436
linux-2.4.23-pre3-testplatform,drivers/char/tty_io,10344
linux-2.4.23-pre3-testplatform,drivers/char/tty_ioctl,1875
linux-2.4.23-pre3-testplatform,drivers/block/blkpg,1016
linux-2.4.23-pre3-testplatform,drivers/block/elevator,856
linux-2.4.23-pre3-testplatform,drivers/block/genhd,276
linux-2.4.23-pre3-testplatform,drivers/block/ll_rw_blk,5809
lwip-0.5.3.preproc,src/core/ipv4/ip_addr,4
lwip-0.5.3.preproc,src/core/ipv4/ip,1840
lwip-0.5.3.preproc,src/core/ipv4/icmp,940
lwip-0.5.3.preproc,src/core/tcp,3291
lwip-0.5.3.preproc,src/core/pbuf,1772
lwip-0.5.3.preproc,src/core/inet,528
lwip-0.5.3.preproc,src/core/stats,24
lwip-0.5.3.preproc,src/core/tcp_input,5664
lwip-0.5.3.preproc,src/core/tcp_output,3072
lwip-0.5.3.preproc,src/core/mem,1232
lwip-0.5.3.preproc,src/core/udp,1376
lwip-0.5.3.preproc,src/core/sys,476
lwip-0.5.3.preproc,src/core/memp,892
lwip-0.5.3.preproc,src/core/netif,632
lwip-0.5.3.preproc,src/api/err,0
lwip-0.5.3.preproc,src/api/api_msg,2056
lwip-0.5.3.preproc,src/api/api_lib,2512
lwip-0.5.3.preproc,src/api/tcpip,376
lwip-0.5.3.preproc,src/api/sockets,1340
lwip-0.5.3.preproc,src/netif/loopif,136
lwip-0.5.3.preproc,src/netif/arp,1560
lwip-0.5.3.preproc,src/netif/tcpdump,1823
lwip-0.5.3.preproc,proj/unixsim/simnode,382
lwip-0.5.3.preproc,proj/unixsim/apps/httpd,839
lwip-0.5.3.preproc,proj/unixsim/apps/shell,9745
lwip-0.5.3.preproc,proj/unixsim/apps/fs,39844
lwip-0.5.3.preproc,proj/unixsim/apps/tcpecho,160
lwip-0.5.3.preproc,proj/unixsim/apps/udpecho,168
lwip-0.5.3.preproc,proj/unixsim/simrouter,554
lwip-0.5.3.preproc,proj/unixsim/simhost,414
mpeg2dec-0.3.1,src/getopt,3268
mpeg2dec-0.3.1,src/extract_mpeg2,3656
mpeg2dec-0.3.1,src/gettimeofday,0
mpeg2dec-0.3.1,src/mpeg2dec,5054
mpeg2dec-0.3.1,libvo/video_out,150
mpeg2dec-0.3.1,libvo/yuv2rgb,4408
mpeg2dec-0.3.1,libvo/yuv2rgb_mlib,0
mpeg2dec-0.3.1,libvo/yuv2rgb_mmx,0
mpeg2dec-0.3.1,libvo/video_out_pgm,549
mpeg2dec-0.3.1,libvo/video_out_null,248
mpeg2dec-0.3.1,libvo/video_out_dx,0
mpeg2dec-0.3.1,libvo/video_out_x11,0
mpeg2dec-0.3.1,libvo/video_out_sdl,845
mpeg2dec-0.3.1,libmpeg2/cpu_accel,8
mpeg2dec-0.3.1,libmpeg2/cpu_state,4
mpeg2dec-0.3.1,libmpeg2/motion_comp_altivec,0
mpeg2dec-0.3.1,libmpeg2/idct,1636
mpeg2dec-0.3.1,libmpeg2/idct_alpha,0
mpeg2dec-0.3.1,libmpeg2/alloc,136
mpeg2dec-0.3.1,libmpeg2/idct_mlib,0
mpeg2dec-0.3.1,libmpeg2/idct_altivec,0
mpeg2dec-0.3.1,libmpeg2/decode,2224
mpeg2dec-0.3.1,libmpeg2/motion_comp_mlib,0
mpeg2dec-0.3.1,libmpeg2/motion_comp_alpha,0
mpeg2dec-0.3.1,libmpeg2/header,4328
mpeg2dec-0.3.1,libmpeg2/motion_comp,6384
mpeg2dec-0.3.1,libmpeg2/motion_comp_mmx,0
mpeg2dec-0.3.1,libmpeg2/slice,17620
mpeg2dec-0.3.1,libmpeg2/idct_mmx,0
mpgcut-1.1,mpgcut,10827
OpenTCP-1.0.4,tcp,5930
OpenTCP-1.0.4,dns/dns,1432
OpenTCP-1.0.4,timers,272
OpenTCP-1.0.4,ip,2028
OpenTCP-1.0.4,http/http_server,1540
OpenTCP-1.0.4,http/https_callbacks,684
OpenTCP-1.0.4,smtp/smtpc_callbacks,44
OpenTCP-1.0.4,smtp/smtp_client,2356
OpenTCP-1.0.4,tftp/tftps,924
OpenTCP-1.0.4,udp,1690
OpenTCP-1.0.4,pop3/pop3c_callbacks,36
OpenTCP-1.0.4,pop3/pop3_client,3967
OpenTCP-1.0.4,dhcp/dhcpc,2844
OpenTCP-1.0.4,arp,2417
OpenTCP-1.0.4,bootp/bootp,1452
OpenTCP-1.0.4,system,1236
OpenTCP-1.0.4,icmp,432
OpenTCP-1.0.4,ethernet,2208
OpenTCP-1.0.4,demo/udp_demo,296
OpenTCP-1.0.4,demo/main_demo,272
OpenTCP-1.0.4,demo/tcp_client_demo,416
OpenTCP-1.0.4,demo/tcp_server_demo,384
replaypc-0.4.0.preproc,headend,1666
replaypc-0.4.0.preproc,program,4490
replaypc-0.4.0.preproc,cg,2207
replaypc-0.4.0.preproc,bigfile,192
replaypc-0.4.0.preproc,ndx,513
replaypc-0.4.0.preproc,ReplayPC,4324
replaypc-0.4.0.preproc,dump-replayshows,306
replaypc-0.4.0.preproc,addressbook,679
replaypc-0.4.0.preproc,dump-addressbook,493
replaypc-0.4.0.preproc,un-protect,1266
replaypc-0.4.0.preproc,find-GOPs,200
replaypc-0.4.0.preproc,rtvguide,1654
replaypc-0.4.0.preproc,crypt,940
replaypc-0.4.0.preproc,dump,1614
replaypc-0.4.0.preproc,mark-commercial,2114
replaypc-0.4.0.preproc,rddns,557
replaypc-0.4.0.preproc,httpfs,6502
replaypc-0.4.0.preproc,filedarray,242
replaypc-0.4.0.preproc,rddnsclient,1242
replaypc-0.4.0.preproc,dump-channelset,368
replaypc-0.4.0.preproc,httpclient,2420
replaypc-0.4.0.preproc,guide,7438
replaypc-0.4.0.preproc,dump-guide,490
replaypc-0.4.0.preproc,dump-filedarray,508
replaypc-0.4.0.preproc,guideclient,749
replaypc-0.4.0.preproc,version-test,166
replaypc-0.4.0.preproc,zipcode,395
replaypc-0.4.0.preproc,build-ndx,448
replaypc-0.4.0.preproc,dump-programset,653
replaypc-0.4.0.preproc,channelset,207
replaypc-0.4.0.preproc,rtv,876
replaypc-0.4.0.preproc,httpfsclient,2126
replaypc-0.4.0.preproc,ndx-dump,4080
replaypc-0.4.0.preproc,sleep,12
replaypc-0.4.0.preproc,dump-headend,346
replaypc-0.4.0.preproc,dump-replaychannels,318
replaypc-0.4.0.preproc,dump-cg2,507
replaypc-0.4.0.preproc,dump-zipcode2,298
replaypc-0.4.0.preproc,crypt-test,1100
teem-1.6.0-src,src/echo/matter,500
teem-1.6.0-src,src/echo/color,10116
teem-1.6.0-src,src/echo/lightEcho,905
teem-1.6.0-src,src/echo/list,1632
teem-1.6.0-src,src/echo/enumsEcho,13165
teem-1.6.0-src,src/echo/renderEcho,5746
teem-1.6.0-src,src/echo/model,1444
teem-1.6.0-src,src/echo/test/test,1182
teem-1.6.0-src,src/echo/test/trend,8953
teem-1.6.0-src,src/echo/sqd,9125
teem-1.6.0-src,src/echo/intx,16674
teem-1.6.0-src,src/echo/methodsEcho,705
teem-1.6.0-src,src/echo/objmethods,1448
teem-1.6.0-src,src/echo/bounds,6827
teem-1.6.0-src,src/echo/set,1048
teem-1.6.0-src,src/dye/methodsDye,2246
teem-1.6.0-src,src/dye/convertDye,4460
teem-1.6.0-src,src/dye/test/bow,710
teem-1.6.0-src,src/dye/test/conv,472
teem-1.6.0-src,src/hex/enhex,901
teem-1.6.0-src,src/hex/dehex,1435
teem-1.6.0-src,src/mite/renderMite,1345
teem-1.6.0-src,src/mite/txf,7863
teem-1.6.0-src,src/mite/user,1007
teem-1.6.0-src,src/mite/thread,346
teem-1.6.0-src,src/mite/defaultsMite,33
teem-1.6.0-src,src/mite/ray,4730
teem-1.6.0-src,src/biff/test/test,244
teem-1.6.0-src,src/biff/biff,2819
teem-1.6.0-src,src/air/mop,1727
teem-1.6.0-src,src/air/threadAir,1193
teem-1.6.0-src,src/air/sane,3282
teem-1.6.0-src,src/air/dio,1876
teem-1.6.0-src,src/air/754,1975
teem-1.6.0-src,src/air/test/floatprint,732
teem-1.6.0-src,src/air/test/tline,505
teem-1.6.0-src,src/air/test/fp,1866
teem-1.6.0-src,src/air/test/tok,342
teem-1.6.0-src,src/air/test/tmop,755
teem-1.6.0-src,src/air/test/doubleprint,722
teem-1.6.0-src,src/air/parseAir,5346
teem-1.6.0-src,src/air/enum,868
teem-1.6.0-src,src/air/string,1428
teem-1.6.0-src,src/air/endianAir,1338
teem-1.6.0-src,src/air/miscAir,4608
teem-1.6.0-src,src/air/array,692
teem-1.6.0-src,src/unrrdu/inset,1645
teem-1.6.0-src,src/unrrdu/crop,1668
teem-1.6.0-src,src/unrrdu/head,1738
teem-1.6.0-src,src/unrrdu/convert,1364
teem-1.6.0-src,src/unrrdu/reshape,1198
teem-1.6.0-src,src/unrrdu/about,2903
teem-1.6.0-src,src/unrrdu/axinfo,1769
teem-1.6.0-src,src/unrrdu/swap,1061
teem-1.6.0-src,src/unrrdu/jhisto,3029
teem-1.6.0-src,src/unrrdu/axmerge,1607
teem-1.6.0-src,src/unrrdu/histax,1619
teem-1.6.0-src,src/unrrdu/data,1456
teem-1.6.0-src,src/unrrdu/3op,2664
teem-1.6.0-src,src/unrrdu/permute,1237
teem-1.6.0-src,src/unrrdu/quantize,1870
teem-1.6.0-src,src/unrrdu/lut,2417
teem-1.6.0-src,src/unrrdu/axinsert,1345
teem-1.6.0-src,src/unrrdu/ccsettle,1310
teem-1.6.0-src,src/unrrdu/axdelete,1730
teem-1.6.0-src,src/unrrdu/imap,2834
teem-1.6.0-src,src/unrrdu/rmap,2857
teem-1.6.0-src,src/unrrdu/project,2141
teem-1.6.0-src,src/unrrdu/flip,1022
teem-1.6.0-src,src/unrrdu/histo,1798
teem-1.6.0-src,src/unrrdu/save,3078
teem-1.6.0-src,src/unrrdu/gamma,1582
teem-1.6.0-src,src/unrrdu/splice,1681
teem-1.6.0-src,src/unrrdu/1op,1943
teem-1.6.0-src,src/unrrdu/ccfind,2025
teem-1.6.0-src,src/unrrdu/block,1310
teem-1.6.0-src,src/unrrdu/ccadj,1369
teem-1.6.0-src,src/unrrdu/dhisto,1578
teem-1.6.0-src,src/unrrdu/axsplit,1348
teem-1.6.0-src,src/unrrdu/resample,3758
teem-1.6.0-src,src/unrrdu/cmedian,2860
teem-1.6.0-src,src/unrrdu/join,1700
teem-1.6.0-src,src/unrrdu/unquantize,1427
teem-1.6.0-src,src/unrrdu/ccmerge,2991
teem-1.6.0-src,src/unrrdu/unblock,1374
teem-1.6.0-src,src/unrrdu/flotsam,3206
teem-1.6.0-src,src/unrrdu/shuffle,1976
teem-1.6.0-src,src/unrrdu/dice,2102
teem-1.6.0-src,src/unrrdu/minmax,1362
teem-1.6.0-src,src/unrrdu/heq,2361
teem-1.6.0-src,src/unrrdu/pad,2080
teem-1.6.0-src,src/unrrdu/make,7386
teem-1.6.0-src,src/unrrdu/slice,1529
teem-1.6.0-src,src/unrrdu/2op,2494
teem-1.6.0-src,src/moss/hestMoss,1310
teem-1.6.0-src,src/moss/methodsMoss,1264
teem-1.6.0-src,src/moss/sampler,2789
teem-1.6.0-src,src/moss/test/invert,392
teem-1.6.0-src,src/moss/xform,3718
teem-1.6.0-src,src/moss/defaultsMoss,17
teem-1.6.0-src,src/gage/miscGage,5455
teem-1.6.0-src,src/gage/vecprint,52
teem-1.6.0-src,src/gage/sclfilter,12545
teem-1.6.0-src,src/gage/ctx,5356
teem-1.6.0-src,src/gage/filter,3911
teem-1.6.0-src,src/gage/sclprint,1045
teem-1.6.0-src,src/gage/shape,3792
teem-1.6.0-src,src/gage/st,4083
teem-1.6.0-src,src/gage/print,7097
teem-1.6.0-src,src/gage/scl,19232
teem-1.6.0-src,src/gage/vecGage,14544
teem-1.6.0-src,src/gage/pvl,1735
teem-1.6.0-src,src/gage/defaultsGage,53
teem-1.6.0-src,src/gage/sclanswer,9297
teem-1.6.0-src,src/gage/update,5736
teem-1.6.0-src,src/bane/valid,2894
teem-1.6.0-src,src/bane/inc,4393
teem-1.6.0-src,src/bane/gkmsTxf,3720
teem-1.6.0-src,src/bane/rangeBane,1933
teem-1.6.0-src,src/bane/gkmsInfo,1541
teem-1.6.0-src,src/bane/clip,1575
teem-1.6.0-src,src/bane/measr,1742
teem-1.6.0-src,src/bane/trnsf,5355
teem-1.6.0-src,src/bane/gkmsMite,1392
teem-1.6.0-src,src/bane/gkmsOpac,3641
teem-1.6.0-src,src/bane/gkmsFlotsam,3510
teem-1.6.0-src,src/bane/gkmsScat,1832
teem-1.6.0-src,src/bane/hvol,8341
teem-1.6.0-src,src/bane/defaultsBane,29
teem-1.6.0-src,src/bane/gkmsHvol,3258
teem-1.6.0-src,src/bane/test/sigma,213
teem-1.6.0-src,src/bane/test/tinfo,629
teem-1.6.0-src,src/bane/test/tblah,1253
teem-1.6.0-src,src/bane/test/pos,697
teem-1.6.0-src,src/bane/test/opac,578
teem-1.6.0-src,src/bane/gkmsPvg,3594
teem-1.6.0-src,src/bane/trex,418
teem-1.6.0-src,src/bane/methodsBane,695
teem-1.6.0-src,src/bane/scat,913
teem-1.6.0-src,src/hest/usage,3478
teem-1.6.0-src,src/hest/defaultsHest,12
teem-1.6.0-src,src/hest/parseHest,13690
teem-1.6.0-src,src/hest/methodsHest,2861
teem-1.6.0-src,src/hest/test/ex2,1192
teem-1.6.0-src,src/hest/test/ex5,993
teem-1.6.0-src,src/hest/test/ex1,1335
teem-1.6.0-src,src/hest/test/ex0,537
teem-1.6.0-src,src/hest/test/bday,1266
teem-1.6.0-src,src/hest/test/strings,1251
teem-1.6.0-src,src/hest/test/ex3,1774
teem-1.6.0-src,src/hest/test/ex4,1308
teem-1.6.0-src,src/hoover/stub,80
teem-1.6.0-src,src/hoover/methodsHoover,1946
teem-1.6.0-src,src/hoover/rays,4311
teem-1.6.0-src,src/hoover/defaultsHoover,19
teem-1.6.0-src,src/ell/vecEll,2092
teem-1.6.0-src,src/ell/cubicEll,2756
teem-1.6.0-src,src/ell/eigen,5932
teem-1.6.0-src,src/ell/miscEll,1251
teem-1.6.0-src,src/ell/mat,34104
teem-1.6.0-src,src/ell/test/tq,7451
teem-1.6.0-src,src/ell/test/sort3,878
teem-1.6.0-src,src/ell/test/invert,853
teem-1.6.0-src,src/ell/quat,21178
teem-1.6.0-src,src/ell/genmat,3839
teem-1.6.0-src,src/nrrd/defaultsNrrd,807
teem-1.6.0-src,src/nrrd/encodingHex,1628
teem-1.6.0-src,src/nrrd/encoding,660
teem-1.6.0-src,src/nrrd/superset,5554
teem-1.6.0-src,src/nrrd/range,764
teem-1.6.0-src,src/nrrd/reorder,10592
teem-1.6.0-src,src/nrrd/encodingRaw,2224
teem-1.6.0-src,src/nrrd/encodingGzip,621
teem-1.6.0-src,src/nrrd/formatText,3126
teem-1.6.0-src,src/nrrd/hestNrrd,1383
teem-1.6.0-src,src/nrrd/read,3379
teem-1.6.0-src,src/nrrd/ccmethods,1384
teem-1.6.0-src,src/nrrd/formatNRRD,4208
teem-1.6.0-src,src/nrrd/apply1D,9426
teem-1.6.0-src,src/nrrd/formatVTK,6359
teem-1.6.0-src,src/nrrd/subset,3008
teem-1.6.0-src,src/nrrd/parseNrrd,6922
teem-1.6.0-src,src/nrrd/endianNrrd,563
teem-1.6.0-src,src/nrrd/keyvalue,977
teem-1.6.0-src,src/nrrd/encodingAscii,1665
teem-1.6.0-src,src/nrrd/gzio,0
teem-1.6.0-src,src/nrrd/measure,11772
teem-1.6.0-src,src/nrrd/test/genvol,2007
teem-1.6.0-src,src/nrrd/test/convo,2393
teem-1.6.0-src,src/nrrd/test/tkernel,2179
teem-1.6.0-src,src/nrrd/test/quadvol,2101
teem-1.6.0-src,src/nrrd/test/io,489
teem-1.6.0-src,src/nrrd/test/tread,352
teem-1.6.0-src,src/nrrd/test/tline,446
teem-1.6.0-src,src/nrrd/test/trand,201
teem-1.6.0-src,src/nrrd/test/ax,3449
teem-1.6.0-src,src/nrrd/test/kv,439
teem-1.6.0-src,src/nrrd/test/minmax,356
teem-1.6.0-src,src/nrrd/test/typestest,408
teem-1.6.0-src,src/nrrd/histogram,7377
teem-1.6.0-src,src/nrrd/arith,6775
teem-1.6.0-src,src/nrrd/accessors,7899
teem-1.6.0-src,src/nrrd/enumsNrrd,86275
teem-1.6.0-src,src/nrrd/formatPNM,3447
teem-1.6.0-src,src/nrrd/filt,6974
teem-1.6.0-src,src/nrrd/cc,14106
teem-1.6.0-src,src/nrrd/formatPNG,742
teem-1.6.0-src,src/nrrd/winKernel,25432
teem-1.6.0-src,src/nrrd/comment,559
teem-1.6.0-src,src/nrrd/write,5106
teem-1.6.0-src,src/nrrd/simple,5279
teem-1.6.0-src,src/nrrd/arraysNrrd,2364
teem-1.6.0-src,src/nrrd/kernel,30278
teem-1.6.0-src,src/nrrd/methodsNrrd,4817
teem-1.6.0-src,src/nrrd/axis,3460
teem-1.6.0-src,src/nrrd/map,6183
teem-1.6.0-src,src/nrrd/resampleNrrd,7596
teem-1.6.0-src,src/nrrd/convertNrrd,3352
teem-1.6.0-src,src/nrrd/tmfKernel,155941
teem-1.6.0-src,src/nrrd/format,704
teem-1.6.0-src,src/nrrd/encodingBzip2,554
teem-1.6.0-src,src/nrrd/iter,839
teem-1.6.0-src,src/nrrd/formatEPS,2729
teem-1.6.0-src,src/ten/tendSlice,1285
teem-1.6.0-src,src/ten/tendEvecrgb,2231
teem-1.6.0-src,src/ten/tendEstim,4393
teem-1.6.0-src,src/ten/tensor,7746
teem-1.6.0-src,src/ten/tendEllipse,2909
teem-1.6.0-src,src/ten/epireg,16331
teem-1.6.0-src,src/ten/tendFlotsam,1538
teem-1.6.0-src,src/ten/tendNorm,1569
teem-1.6.0-src,src/ten/tendSten,1622
teem-1.6.0-src,src/ten/aniso,4411
teem-1.6.0-src,src/ten/fiberMethods,3129
teem-1.6.0-src,src/ten/fiber,5466
teem-1.6.0-src,src/ten/tendShrink,1168
teem-1.6.0-src,src/ten/bimod,7049
teem-1.6.0-src,src/ten/tendPoint,1924
teem-1.6.0-src,src/ten/test/tt,3486
teem-1.6.0-src,src/ten/test/tg,3047
teem-1.6.0-src,src/ten/test/tem,1220
teem-1.6.0-src,src/ten/tendAnhist,1427
teem-1.6.0-src,src/ten/enumsTen,26181
teem-1.6.0-src,src/ten/tendEvq,2473
teem-1.6.0-src,src/ten/tendMake,1189
teem-1.6.0-src,src/ten/tendEvalpow,1127
teem-1.6.0-src,src/ten/tendAnvol,1761
teem-1.6.0-src,src/ten/tendSim,1644
teem-1.6.0-src,src/ten/tendBmat,1557
teem-1.6.0-src,src/ten/chan,10045
teem-1.6.0-src,src/ten/tendGlyph,7640
teem-1.6.0-src,src/ten/tendEval,2084
teem-1.6.0-src,src/ten/miscTen,4263
teem-1.6.0-src,src/ten/mod,3749
teem-1.6.0-src,src/ten/glyph,5939
teem-1.6.0-src,src/ten/tendAnscale,1663
teem-1.6.0-src,src/ten/tendExpand,1712
teem-1.6.0-src,src/ten/tendEvaladd,1216
teem-1.6.0-src,src/ten/tendEpireg,5072
teem-1.6.0-src,src/ten/defaultsTen,60
teem-1.6.0-src,src/ten/tendEvec,2110
teem-1.6.0-src,src/ten/tenGage,4429
teem-1.6.0-src,src/ten/tendSatin,6592
teem-1.6.0-src,src/ten/tendFiber,3028
teem-1.6.0-src,src/ten/tendEvalclamp,1528
teem-1.6.0-src,src/ten/tendAnplot,1909
teem-1.6.0-src,src/alan/enumsAlan,2480
teem-1.6.0-src,src/alan/methodsAlan,2752
teem-1.6.0-src,src/alan/test/tspot,1207
teem-1.6.0-src,src/alan/coreAlan,5187
teem-1.6.0-src,src/limn/cam,5990
teem-1.6.0-src,src/limn/defaultsLimn,13
teem-1.6.0-src,src/limn/obj,1076
teem-1.6.0-src,src/limn/io,893
teem-1.6.0-src,src/limn/splineMisc,14765
teem-1.6.0-src,src/limn/qn,3321
teem-1.6.0-src,src/limn/splineMethods,5447
teem-1.6.0-src,src/limn/test/tbc,2016
teem-1.6.0-src,src/limn/test/soid,4617
teem-1.6.0-src,src/limn/test/tspline,2433
teem-1.6.0-src,src/limn/test/tcam,1396
teem-1.6.0-src,src/limn/test/tcamanim,3919
teem-1.6.0-src,src/limn/test/light,620
teem-1.6.0-src,src/limn/test/tps,3448
teem-1.6.0-src,src/limn/test/map,388
teem-1.6.0-src,src/limn/methodsLimn,284
teem-1.6.0-src,src/limn/transform,3861
teem-1.6.0-src,src/limn/shapes,4428
teem-1.6.0-src,src/limn/renderLimn,3755
teem-1.6.0-src,src/limn/env,1436
teem-1.6.0-src,src/limn/splineEval,7425
teem-1.6.0-src,src/limn/light,1038
teem-1.6.0-src,src/limn/hestLimn,1218
ttt-0.10.1.preproc,src/ttt,6161
ttt-0.10.1.preproc,src/engine,2284
ttt-0.10.1.preproc,src/parse,1411
ttt-0.10.1.preproc,src/util,1948
ttt-0.10.1.preproc,src/connect4,4109
ttt-0.10.1.preproc,src/main,1357
unrarlib-0.4.0,unrarlib/unrarlib,11944
unrarlib-0.4.0,samples/unix/listarchive/listarchive,1030
unrarlib-0.4.0,samples/unix/getfile/getfile,837
zlib-1.1.4,inffast,1034
zlib-1.1.4,inftrees,6940
zlib-1.1.4,adler32,368
zlib-1.1.4,infblock,3010
zlib-1.1.4,infutil,392
zlib-1.1.4,infcodes,1670
zlib-1.1.4,inflate,2235
zlib-1.1.4,gzio,4007
zlib-1.1.4,compress,182
zlib-1.1.4,zutil,215
zlib-1.1.4,trees,9544
zlib-1.1.4,deflate,6737
zlib-1.1.4,uncompr,150
zlib-1.1.4,crc32,1316
