size
"2",,"","","","","arm-none-eabi-gcc (GCC) 9.2.0"
"","-Os -std=gnu89 -mcpu=cortex-m3"
bzip2-1.0.2,huffman,818
bzip2-1.0.2,decompress,6687
bzip2-1.0.2,bzip2recover,2797
bzip2-1.0.2,crctable,1024
bzip2-1.0.2,compress,5895
bzip2-1.0.2,randtable,2048
bzip2-1.0.2,bzlib,7979
bzip2-1.0.2,blocksort,4579
bzip2-1.0.2,bzip2,14181
cg_compiler_opensrc,support,17923
cg_compiler_opensrc,cgcmain,1879
cg_compiler_opensrc,constfold,3372
cg_compiler_opensrc,support_iter,1466
cg_compiler_opensrc,symbols,4885
cg_compiler_opensrc,printutils,7935
cg_compiler_opensrc,atom,2836
cg_compiler_opensrc,cpp,4858
cg_compiler_opensrc,compile,9446
cg_compiler_opensrc,cgstruct,80
cg_compiler_opensrc,tokens,2229
cg_compiler_opensrc,binding,1115
cg_compiler_opensrc,hal,1999
cg_compiler_opensrc,stdlib,3222
cg_compiler_opensrc,check,2553
cg_compiler_opensrc,generic_hal,2103
cg_compiler_opensrc,memory,354
cg_compiler_opensrc,tokenize,546
cg_compiler_opensrc,scanner,4567
cg_compiler_opensrc,parser,13567
cg_compiler_opensrc,semantic,3454
cg_compiler_opensrc,inline,2098
compiler,cg,2087
compiler,vam,3165
compiler,vas,5546
compiler,scanner,2775
compiler,parser,3652
compiler,main,1886
flex-2.5.31,regex,411
flex-2.5.31,yylex,784
flex-2.5.31,skel,94034
flex-2.5.31,filter,1729
flex-2.5.31,scanopt,2482
flex-2.5.31,ccl,768
flex-2.5.31,parse,7082
flex-2.5.31,nfa,2940
flex-2.5.31,misc,4278
flex-2.5.31,scan,37120
flex-2.5.31,dfa,5198
flex-2.5.31,tblcmp,2556
flex-2.5.31,tables,1485
flex-2.5.31,buf,707
flex-2.5.31,ecs,416
flex-2.5.31,sym,683
flex-2.5.31,libmain,12
flex-2.5.31,tables_shared,20
flex-2.5.31,options,2610
flex-2.5.31,libyywrap,4
flex-2.5.31,main,15758
flex-2.5.31,gen,20050
jikespg-1.3,src/mkstates,2178
jikespg-1.3,src/prntstat,2568
jikespg-1.3,src/resolve,8940
jikespg-1.3,src/globals,264
jikespg-1.3,src/ctabs,41656
jikespg-1.3,src/produce,7909
jikespg-1.3,src/mkred,5128
jikespg-1.3,src/ptables,2599
jikespg-1.3,src/lpgparse,35805
jikespg-1.3,src/lpgutil,3387
jikespg-1.3,src/spacetab,15016
jikespg-1.3,src/remsp,5562
jikespg-1.3,src/partset,1216
jikespg-1.3,src/mkfirst,10852
jikespg-1.3,src/main,4979
jikespg-1.3,src/tabutil,9922
jikespg-1.3,src/timetab,7500
jpeg-6b,jcmainct,288
jpeg-6b,wrtarga,704
jpeg-6b,jdmainct,1128
jpeg-6b,jdsample,1208
jpeg-6b,jdmaster,1284
jpeg-6b,jdpostct,604
jpeg-6b,jquant1,2128
jpeg-6b,wrbmp,1844
jpeg-6b,djpeg,5335
jpeg-6b,jcinit,144
jpeg-6b,rdjpgcom,1999
jpeg-6b,rdgif,81
jpeg-6b,jfdctint,588
jpeg-6b,wrppm,474
jpeg-6b,wrjpgcom,2743
jpeg-6b,jcapistd,364
jpeg-6b,jchuff,2468
jpeg-6b,jdcolor,932
jpeg-6b,jpegtran,3216
jpeg-6b,jcparam,2484
jpeg-6b,jdmerge,1132
jpeg-6b,jddctmgr,672
jpeg-6b,ansi2knr,2004
jpeg-6b,jfdctfst,404
jpeg-6b,jccolor,1112
jpeg-6b,jdphuff,2220
jpeg-6b,jmemmgr,2294
jpeg-6b,jfdctflt,788
jpeg-6b,wrrle,0
jpeg-6b,jidctfst,676
jpeg-6b,jcmaster,1932
jpeg-6b,jdatadst,204
jpeg-6b,jutils,402
jpeg-6b,rdswitch,1592
jpeg-6b,jcprepct,960
jpeg-6b,rdcolmap,1056
jpeg-6b,jcdctmgr,1196
jpeg-6b,jdapimin,780
jpeg-6b,jcomapi,98
jpeg-6b,rdbmp,1576
jpeg-6b,jdcoefct,2440
jpeg-6b,jerror,5390
jpeg-6b,jidctred,892
jpeg-6b,jidctint,844
jpeg-6b,cjpeg,4941
jpeg-6b,rdppm,1264
jpeg-6b,jquant2,3108
jpeg-6b,jdapistd,674
jpeg-6b,cdjpeg,84
jpeg-6b,transupp,3362
jpeg-6b,rdtarga,1380
jpeg-6b,wrgif,1696
jpeg-6b,jdhuff,1996
jpeg-6b,jctrans,1092
jpeg-6b,jdmarker,4608
jpeg-6b,jcmarker,1412
jpeg-6b,jccoefct,1336
jpeg-6b,jcsample,1500
jpeg-6b,jcapimin,568
jpeg-6b,jmemnobs,44
jpeg-6b,jidctflt,1100
jpeg-6b,jdtrans,244
jpeg-6b,jdatasrc,224
jpeg-6b,jdinput,980
jpeg-6b,jcphuff,2020
jpeg-6b,rdrle,0
libmspack,test/md5,2432
libmspack,test/cabd_md5,1053
libmspack,test/cabextract_md5,16654
libmspack,test/cabrip,353
libmspack,test/chmd_md5,978
libmspack,test/cabd_test,8338
libmspack,mspack/lzxc,0
libmspack,mspack/qtmc,0
libmspack,mspack/kwajc,6
libmspack,mspack/cabc,6
libmspack,mspack/szddc,6
libmspack,mspack/cabd,4148
libmspack,mspack/hlpd,6
libmspack,mspack/litd,6
libmspack,mspack/mszipd,18
libmspack,mspack/kwajd,6
libmspack,mspack/qtmd,3488
libmspack,mspack/litc,6
libmspack,mspack/lzxd,4440
libmspack,mspack/mszipc,0
libmspack,mspack/chmd,2352
libmspack,mspack/szddd,6
libmspack,mspack/chmc,6
libmspack,mspack/system,482
libmspack,mspack/hlpc,6
libpng-1.2.5,pngtrans,1836
libpng-1.2.5,pngwrite,4977
libpng-1.2.5,pngtest,5320
libpng-1.2.5,pngerror,727
libpng-1.2.5,pngpread,4603
libpng-1.2.5,pngrutil,12487
libpng-1.2.5,pngrio,269
libpng-1.2.5,pngread,5162
libpng-1.2.5,pngrtran,14560
libpng-1.2.5,pngwio,301
libpng-1.2.5,pngwtran,1318
libpng-1.2.5,png,2193
libpng-1.2.5,png2pnm,2161
libpng-1.2.5,pngwutil,9882
libpng-1.2.5,pngmem,341
libpng-1.2.5,pnm2png,2377
libpng-1.2.5,pngget,1892
libpng-1.2.5,pngset,4909
linux-2.4.23-pre3-testplatform,net/socket,4560
linux-2.4.23-pre3-testplatform,net/8021q/vlanproc,14
linux-2.4.23-pre3-testplatform,net/8021q/vlan,504
linux-2.4.23-pre3-testplatform,net/8021q/vlan_dev,2914
linux-2.4.23-pre3-testplatform,net/802/p8023,78
linux-2.4.23-pre3-testplatform,net/netlink/af_netlink,2796
linux-2.4.23-pre3-testplatform,net/ipv4/ip_sockglue,3436
linux-2.4.23-pre3-testplatform,net/ipv4/proc,2550
linux-2.4.23-pre3-testplatform,net/ipv4/inetpeer,1334
linux-2.4.23-pre3-testplatform,net/ipv4/tcp,9321
linux-2.4.23-pre3-testplatform,net/ipv4/tcp_timer,2502
linux-2.4.23-pre3-testplatform,net/ipv4/ip_forward,300
linux-2.4.23-pre3-testplatform,net/ipv4/ip_output,3179
linux-2.4.23-pre3-testplatform,net/ipv4/ip_input,500
linux-2.4.23-pre3-testplatform,net/ipv4/tcp_input,14939
linux-2.4.23-pre3-testplatform,net/ipv4/tcp_ipv4,9633
linux-2.4.23-pre3-testplatform,net/ipv4/sysctl_net_ipv4,0
linux-2.4.23-pre3-testplatform,net/ipv4/route,7604
linux-2.4.23-pre3-testplatform,net/ipv4/protocol,370
linux-2.4.23-pre3-testplatform,net/ipv4/devinet,3899
linux-2.4.23-pre3-testplatform,net/ipv4/tcp_output,6771
linux-2.4.23-pre3-testplatform,net/ipv4/udp,3828
linux-2.4.23-pre3-testplatform,net/ipv4/ip_options,2246
linux-2.4.23-pre3-testplatform,net/ipv4/tcp_minisocks,3039
linux-2.4.23-pre3-testplatform,net/ipv4/utils,52
linux-2.4.23-pre3-testplatform,net/ipv4/igmp,7122
linux-2.4.23-pre3-testplatform,net/ipv4/arp,3416
linux-2.4.23-pre3-testplatform,net/ipv4/af_inet,3621
linux-2.4.23-pre3-testplatform,net/ipv4/ip_fragment,2285
linux-2.4.23-pre3-testplatform,net/ipv4/fib_hash,2569
linux-2.4.23-pre3-testplatform,net/ipv4/tcp_diag,2306
linux-2.4.23-pre3-testplatform,net/ipv4/raw,2564
linux-2.4.23-pre3-testplatform,net/ipv4/fib_semantics,2206
linux-2.4.23-pre3-testplatform,net/ipv4/fib_frontend,1708
linux-2.4.23-pre3-testplatform,net/ipv4/icmp,2950
linux-2.4.23-pre3-testplatform,net/sunrpc/xprt,4218
linux-2.4.23-pre3-testplatform,net/sunrpc/timer,126
linux-2.4.23-pre3-testplatform,net/sunrpc/auth_null,240
linux-2.4.23-pre3-testplatform,net/sunrpc/sched,2679
linux-2.4.23-pre3-testplatform,net/sunrpc/sunrpc_syms,0
linux-2.4.23-pre3-testplatform,net/sunrpc/svcauth,484
linux-2.4.23-pre3-testplatform,net/sunrpc/svcsock,2997
linux-2.4.23-pre3-testplatform,net/sunrpc/xdr,1324
linux-2.4.23-pre3-testplatform,net/sunrpc/auth_unix,550
linux-2.4.23-pre3-testplatform,net/sunrpc/clnt,3196
linux-2.4.23-pre3-testplatform,net/sunrpc/pmap_clnt,629
linux-2.4.23-pre3-testplatform,net/sunrpc/auth,644
linux-2.4.23-pre3-testplatform,net/sunrpc/svc,1605
linux-2.4.23-pre3-testplatform,net/ethernet/eth,457
linux-2.4.23-pre3-testplatform,net/sched/sch_generic,1866
linux-2.4.23-pre3-testplatform,net/core/skbuff,4289
linux-2.4.23-pre3-testplatform,net/core/neighbour,5541
linux-2.4.23-pre3-testplatform,net/core/iovec,662
linux-2.4.23-pre3-testplatform,net/core/dst,596
linux-2.4.23-pre3-testplatform,net/core/dev_mcast,575
linux-2.4.23-pre3-testplatform,net/core/sock,2293
linux-2.4.23-pre3-testplatform,net/core/utils,181
linux-2.4.23-pre3-testplatform,net/core/rtnetlink,2217
linux-2.4.23-pre3-testplatform,net/core/scm,600
linux-2.4.23-pre3-testplatform,net/core/dev,6844
linux-2.4.23-pre3-testplatform,net/core/ethtool,96
linux-2.4.23-pre3-testplatform,net/core/datagram,1211
linux-2.4.23-pre3-testplatform,kernel/timer,1821
linux-2.4.23-pre3-testplatform,kernel/printk,1408
linux-2.4.23-pre3-testplatform,kernel/info,196
linux-2.4.23-pre3-testplatform,kernel/sched,2130
linux-2.4.23-pre3-testplatform,kernel/ptrace,592
linux-2.4.23-pre3-testplatform,kernel/kmod,184
linux-2.4.23-pre3-testplatform,kernel/dma,12
linux-2.4.23-pre3-testplatform,kernel/fork,917
linux-2.4.23-pre3-testplatform,kernel/time,460
linux-2.4.23-pre3-testplatform,kernel/acct,6
linux-2.4.23-pre3-testplatform,kernel/context,323
linux-2.4.23-pre3-testplatform,kernel/user,168
linux-2.4.23-pre3-testplatform,kernel/exit,543
linux-2.4.23-pre3-testplatform,kernel/capability,16
linux-2.4.23-pre3-testplatform,kernel/softirq,1510
linux-2.4.23-pre3-testplatform,kernel/sysctl,72
linux-2.4.23-pre3-testplatform,kernel/itimer,272
linux-2.4.23-pre3-testplatform,kernel/resource,857
linux-2.4.23-pre3-testplatform,kernel/exec_domain,451
linux-2.4.23-pre3-testplatform,kernel/sys,1504
linux-2.4.23-pre3-testplatform,kernel/module,751
linux-2.4.23-pre3-testplatform,kernel/signal,1919
linux-2.4.23-pre3-testplatform,kernel/panic,475
linux-2.4.23-pre3-testplatform,ipc/msg,1194
linux-2.4.23-pre3-testplatform,ipc/sem,2242
linux-2.4.23-pre3-testplatform,ipc/util,583
linux-2.4.23-pre3-testplatform,ipc/shm,1435
linux-2.4.23-pre3-testplatform,arch/testplatform/kernel/init_task,9916
linux-2.4.23-pre3-testplatform,arch/testplatform/kernel/head,2
linux-2.4.23-pre3-testplatform,arch/testplatform/kernel/sys_s390,452
linux-2.4.23-pre3-testplatform,arch/testplatform/kernel/s390fpu,16
linux-2.4.23-pre3-testplatform,arch/testplatform/kernel/entry,18
linux-2.4.23-pre3-testplatform,arch/testplatform/kernel/ptrace,944
linux-2.4.23-pre3-testplatform,arch/testplatform/kernel/cpcmd,2
linux-2.4.23-pre3-testplatform,arch/testplatform/kernel/traps,1844
linux-2.4.23-pre3-testplatform,arch/testplatform/kernel/time,10
linux-2.4.23-pre3-testplatform,arch/testplatform/kernel/debug,2806
linux-2.4.23-pre3-testplatform,arch/testplatform/kernel/s390_ext,224
linux-2.4.23-pre3-testplatform,arch/testplatform/kernel/reipl,2
linux-2.4.23-pre3-testplatform,arch/testplatform/kernel/bitmap,3
linux-2.4.23-pre3-testplatform,arch/testplatform/kernel/ebcdic,1536
linux-2.4.23-pre3-testplatform,arch/testplatform/kernel/needed,16
linux-2.4.23-pre3-testplatform,arch/testplatform/kernel/signal,536
linux-2.4.23-pre3-testplatform,arch/testplatform/kernel/setup,1624
linux-2.4.23-pre3-testplatform,arch/testplatform/kernel/irq,18
linux-2.4.23-pre3-testplatform,arch/testplatform/kernel/semaphore,42
linux-2.4.23-pre3-testplatform,arch/testplatform/kernel/process,488
linux-2.4.23-pre3-testplatform,arch/testplatform/mm/fault,142
linux-2.4.23-pre3-testplatform,arch/testplatform/mm/ioremap,535
linux-2.4.23-pre3-testplatform,arch/testplatform/mm/init,1392
linux-2.4.23-pre3-testplatform,arch/testplatform/mm/extable,64
linux-2.4.23-pre3-testplatform,arch/testplatform/lib/checksum,4
linux-2.4.23-pre3-testplatform,arch/testplatform/lib/strncpy,4
linux-2.4.23-pre3-testplatform,arch/testplatform/lib/uaccess,12
linux-2.4.23-pre3-testplatform,arch/testplatform/lib/delay,4
linux-2.4.23-pre3-testplatform,arch/testplatform/lib/misaligned,132
linux-2.4.23-pre3-testplatform,arch/testplatform/lib/strcmp,4
linux-2.4.23-pre3-testplatform,arch/testplatform/lib/memset,4
linux-2.4.23-pre3-testplatform,arch/testplatform/lib/memcpy,4
linux-2.4.23-pre3-testplatform,mm/mlock,456
linux-2.4.23-pre3-testplatform,mm/slab,2622
linux-2.4.23-pre3-testplatform,mm/swap,334
linux-2.4.23-pre3-testplatform,mm/shmem,3935
linux-2.4.23-pre3-testplatform,mm/swap_state,839
linux-2.4.23-pre3-testplatform,mm/oom_kill,439
linux-2.4.23-pre3-testplatform,mm/swapfile,2379
linux-2.4.23-pre3-testplatform,mm/vmalloc,1531
linux-2.4.23-pre3-testplatform,mm/mremap,520
linux-2.4.23-pre3-testplatform,mm/vmscan,38
linux-2.4.23-pre3-testplatform,mm/filemap,6809
linux-2.4.23-pre3-testplatform,mm/mmap,1710
linux-2.4.23-pre3-testplatform,mm/page_io,439
linux-2.4.23-pre3-testplatform,mm/page_alloc,2271
linux-2.4.23-pre3-testplatform,mm/memory,2688
linux-2.4.23-pre3-testplatform,mm/numa,876
linux-2.4.23-pre3-testplatform,mm/bootmem,1151
linux-2.4.23-pre3-testplatform,mm/mprotect,524
linux-2.4.23-pre3-testplatform,lib/dec_and_lock,0
linux-2.4.23-pre3-testplatform,lib/rbtree,576
linux-2.4.23-pre3-testplatform,lib/dump_stack,66
linux-2.4.23-pre3-testplatform,lib/zlib_inflate/inffast,710
linux-2.4.23-pre3-testplatform,lib/zlib_inflate/inftrees,6221
linux-2.4.23-pre3-testplatform,lib/zlib_inflate/infblock,1722
linux-2.4.23-pre3-testplatform,lib/zlib_inflate/infutil,246
linux-2.4.23-pre3-testplatform,lib/zlib_inflate/infcodes,1106
linux-2.4.23-pre3-testplatform,lib/zlib_inflate/inflate,1718
linux-2.4.23-pre3-testplatform,lib/zlib_inflate/inflate_syms,0
linux-2.4.23-pre3-testplatform,lib/zlib_deflate/deflate_syms,0
linux-2.4.23-pre3-testplatform,lib/zlib_deflate/deflate,3660
linux-2.4.23-pre3-testplatform,lib/zlib_deflate/deftree,5948
linux-2.4.23-pre3-testplatform,lib/rwsem-spinlock,266
linux-2.4.23-pre3-testplatform,lib/bust_spinlocks,46
linux-2.4.23-pre3-testplatform,lib/vsprintf,2589
linux-2.4.23-pre3-testplatform,lib/brlock,0
linux-2.4.23-pre3-testplatform,lib/string,484
linux-2.4.23-pre3-testplatform,lib/ctype,256
linux-2.4.23-pre3-testplatform,lib/errno,0
linux-2.4.23-pre3-testplatform,lib/cmdline,172
linux-2.4.23-pre3-testplatform,init/do_mounts,3233
linux-2.4.23-pre3-testplatform,init/version,497
linux-2.4.23-pre3-testplatform,init/main,922
linux-2.4.23-pre3-testplatform,fs/seq_file,1264
linux-2.4.23-pre3-testplatform,fs/block_dev,2557
linux-2.4.23-pre3-testplatform,fs/dnotify,208
linux-2.4.23-pre3-testplatform,fs/pipe,1450
linux-2.4.23-pre3-testplatform,fs/xattr,588
linux-2.4.23-pre3-testplatform,fs/binfmt_elf,0
linux-2.4.23-pre3-testplatform,fs/attr,418
linux-2.4.23-pre3-testplatform,fs/filesystems,0
linux-2.4.23-pre3-testplatform,fs/locks,4022
linux-2.4.23-pre3-testplatform,fs/partitions/check,1135
linux-2.4.23-pre3-testplatform,fs/partitions/msdos,776
linux-2.4.23-pre3-testplatform,fs/bad_inode,228
linux-2.4.23-pre3-testplatform,fs/iobuf,635
linux-2.4.23-pre3-testplatform,fs/nfsd/export,3541
linux-2.4.23-pre3-testplatform,fs/nfsd/nfsproc,2779
linux-2.4.23-pre3-testplatform,fs/nfsd/stats,40
linux-2.4.23-pre3-testplatform,fs/nfsd/nfsctl,10
linux-2.4.23-pre3-testplatform,fs/nfsd/nfsxdr,1572
linux-2.4.23-pre3-testplatform,fs/nfsd/nfsfh,3370
linux-2.4.23-pre3-testplatform,fs/nfsd/nfs3proc,2498
linux-2.4.23-pre3-testplatform,fs/nfsd/lockd,180
linux-2.4.23-pre3-testplatform,fs/nfsd/nfs3xdr,3260
linux-2.4.23-pre3-testplatform,fs/nfsd/nfssvc,577
linux-2.4.23-pre3-testplatform,fs/nfsd/auth,94
linux-2.4.23-pre3-testplatform,fs/nfsd/nfscache,1307
linux-2.4.23-pre3-testplatform,fs/nfsd/vfs,4904
linux-2.4.23-pre3-testplatform,fs/fifo,400
linux-2.4.23-pre3-testplatform,fs/exec,1615
linux-2.4.23-pre3-testplatform,fs/file_table,563
linux-2.4.23-pre3-testplatform,fs/buffer,7029
linux-2.4.23-pre3-testplatform,fs/open,2101
linux-2.4.23-pre3-testplatform,fs/devices,726
linux-2.4.23-pre3-testplatform,fs/select,356
linux-2.4.23-pre3-testplatform,fs/super,2238
linux-2.4.23-pre3-testplatform,fs/fcntl,966
linux-2.4.23-pre3-testplatform,fs/dcache,2882
linux-2.4.23-pre3-testplatform,fs/char_dev,295
linux-2.4.23-pre3-testplatform,fs/read_write,1484
linux-2.4.23-pre3-testplatform,fs/namespace,1515
linux-2.4.23-pre3-testplatform,fs/ext3/balloc,3912
linux-2.4.23-pre3-testplatform,fs/ext3/symlink,104
linux-2.4.23-pre3-testplatform,fs/ext3/ialloc,2415
linux-2.4.23-pre3-testplatform,fs/ext3/super,10592
linux-2.4.23-pre3-testplatform,fs/ext3/bitmap,112
linux-2.4.23-pre3-testplatform,fs/ext3/ioctl,259
linux-2.4.23-pre3-testplatform,fs/ext3/fsync,8
linux-2.4.23-pre3-testplatform,fs/ext3/inode,7352
linux-2.4.23-pre3-testplatform,fs/ext3/namei,5019
linux-2.4.23-pre3-testplatform,fs/ext3/dir,1056
linux-2.4.23-pre3-testplatform,fs/ext3/file,296
linux-2.4.23-pre3-testplatform,fs/lockd/host,1176
linux-2.4.23-pre3-testplatform,fs/lockd/svcsubs,871
linux-2.4.23-pre3-testplatform,fs/lockd/clntlock,531
linux-2.4.23-pre3-testplatform,fs/lockd/svc4proc,2148
linux-2.4.23-pre3-testplatform,fs/lockd/svclock,1607
linux-2.4.23-pre3-testplatform,fs/lockd/lockd_syms,0
linux-2.4.23-pre3-testplatform,fs/lockd/xdr4,2816
linux-2.4.23-pre3-testplatform,fs/lockd/xdr,2967
linux-2.4.23-pre3-testplatform,fs/lockd/clntproc,1329
linux-2.4.23-pre3-testplatform,fs/lockd/svcproc,2192
linux-2.4.23-pre3-testplatform,fs/lockd/svcshare,256
linux-2.4.23-pre3-testplatform,fs/lockd/mon,846
linux-2.4.23-pre3-testplatform,fs/lockd/svc,651
linux-2.4.23-pre3-testplatform,fs/ioctl,306
linux-2.4.23-pre3-testplatform,fs/readdir,1081
linux-2.4.23-pre3-testplatform,fs/nfs/proc,1236
linux-2.4.23-pre3-testplatform,fs/nfs/unlink,532
linux-2.4.23-pre3-testplatform,fs/nfs/symlink,300
linux-2.4.23-pre3-testplatform,fs/nfs/nfs2xdr,2836
linux-2.4.23-pre3-testplatform,fs/nfs/read,1568
linux-2.4.23-pre3-testplatform,fs/nfs/flushd,340
linux-2.4.23-pre3-testplatform,fs/nfs/nfs3proc,1960
linux-2.4.23-pre3-testplatform,fs/nfs/pagelist,1479
linux-2.4.23-pre3-testplatform,fs/nfs/write,3970
linux-2.4.23-pre3-testplatform,fs/nfs/nfs3xdr,3916
linux-2.4.23-pre3-testplatform,fs/nfs/inode,4981
linux-2.4.23-pre3-testplatform,fs/nfs/dir,3160
linux-2.4.23-pre3-testplatform,fs/nfs/file,744
linux-2.4.23-pre3-testplatform,fs/ramfs/inode,695
linux-2.4.23-pre3-testplatform,fs/stat,416
linux-2.4.23-pre3-testplatform,fs/jbd/commit,3246
linux-2.4.23-pre3-testplatform,fs/jbd/checkpoint,2542
linux-2.4.23-pre3-testplatform,fs/jbd/journal,5620
linux-2.4.23-pre3-testplatform,fs/jbd/transaction,6213
linux-2.4.23-pre3-testplatform,fs/jbd/revoke,1675
linux-2.4.23-pre3-testplatform,fs/jbd/recovery,1582
linux-2.4.23-pre3-testplatform,fs/binfmt_script,316
linux-2.4.23-pre3-testplatform,fs/inode,3305
linux-2.4.23-pre3-testplatform,fs/namei,3016
linux-2.4.23-pre3-testplatform,fs/quota,1878
linux-2.4.23-pre3-testplatform,fs/file,513
linux-2.4.23-pre3-testplatform,drivers/net/net_init,547
linux-2.4.23-pre3-testplatform,drivers/net/auto_irq,48
linux-2.4.23-pre3-testplatform,drivers/net/setup,32
linux-2.4.23-pre3-testplatform,drivers/net/loopback,264
linux-2.4.23-pre3-testplatform,drivers/net/Space,3352
linux-2.4.23-pre3-testplatform,drivers/char/n_tty,3543
linux-2.4.23-pre3-testplatform,drivers/char/misc,660
linux-2.4.23-pre3-testplatform,drivers/char/pty,1319
linux-2.4.23-pre3-testplatform,drivers/char/mem,1756
linux-2.4.23-pre3-testplatform,drivers/char/random,3488
linux-2.4.23-pre3-testplatform,drivers/char/raw,976
linux-2.4.23-pre3-testplatform,drivers/char/tty_io,7292
linux-2.4.23-pre3-testplatform,drivers/char/tty_ioctl,1159
linux-2.4.23-pre3-testplatform,drivers/block/blkpg,664
linux-2.4.23-pre3-testplatform,drivers/block/elevator,460
linux-2.4.23-pre3-testplatform,drivers/block/genhd,158
linux-2.4.23-pre3-testplatform,drivers/block/ll_rw_blk,3945
lwip-0.5.3.preproc,src/core/ipv4/ip_addr,4
lwip-0.5.3.preproc,src/core/ipv4/ip,916
lwip-0.5.3.preproc,src/core/ipv4/icmp,512
lwip-0.5.3.preproc,src/core/tcp,1999
lwip-0.5.3.preproc,src/core/pbuf,1028
lwip-0.5.3.preproc,src/core/inet,266
lwip-0.5.3.preproc,src/core/stats,16
lwip-0.5.3.preproc,src/core/tcp_input,3056
lwip-0.5.3.preproc,src/core/tcp_output,1736
lwip-0.5.3.preproc,src/core/mem,812
lwip-0.5.3.preproc,src/core/udp,700
lwip-0.5.3.preproc,src/core/sys,250
lwip-0.5.3.preproc,src/core/memp,648
lwip-0.5.3.preproc,src/core/netif,196
lwip-0.5.3.preproc,src/api/err,0
lwip-0.5.3.preproc,src/api/api_msg,1204
lwip-0.5.3.preproc,src/api/api_lib,1464
lwip-0.5.3.preproc,src/api/tcpip,248
lwip-0.5.3.preproc,src/api/sockets,796
lwip-0.5.3.preproc,src/netif/loopif,80
lwip-0.5.3.preproc,src/netif/arp,696
lwip-0.5.3.preproc,src/netif/tcpdump,843
lwip-0.5.3.preproc,proj/unixsim/simnode,310
lwip-0.5.3.preproc,proj/unixsim/apps/httpd,535
lwip-0.5.3.preproc,proj/unixsim/apps/shell,7805
lwip-0.5.3.preproc,proj/unixsim/apps/fs,39804
lwip-0.5.3.preproc,proj/unixsim/apps/tcpecho,112
lwip-0.5.3.preproc,proj/unixsim/apps/udpecho,124
lwip-0.5.3.preproc,proj/unixsim/simrouter,450
lwip-0.5.3.preproc,proj/unixsim/simhost,330
mpeg2dec-0.3.1,src/getopt,2324
mpeg2dec-0.3.1,src/extract_mpeg2,2564
mpeg2dec-0.3.1,src/gettimeofday,0
mpeg2dec-0.3.1,src/mpeg2dec,3570
mpeg2dec-0.3.1,libvo/video_out,146
mpeg2dec-0.3.1,libvo/yuv2rgb,3624
mpeg2dec-0.3.1,libvo/yuv2rgb_mlib,0
mpeg2dec-0.3.1,libvo/yuv2rgb_mmx,0
mpeg2dec-0.3.1,libvo/video_out_pgm,361
mpeg2dec-0.3.1,libvo/video_out_null,148
mpeg2dec-0.3.1,libvo/video_out_dx,0
mpeg2dec-0.3.1,libvo/video_out_x11,0
mpeg2dec-0.3.1,libvo/video_out_sdl,613
mpeg2dec-0.3.1,libmpeg2/cpu_accel,4
mpeg2dec-0.3.1,libmpeg2/cpu_state,2
mpeg2dec-0.3.1,libmpeg2/motion_comp_altivec,0
mpeg2dec-0.3.1,libmpeg2/idct,1204
mpeg2dec-0.3.1,libmpeg2/idct_alpha,0
mpeg2dec-0.3.1,libmpeg2/alloc,88
mpeg2dec-0.3.1,libmpeg2/idct_mlib,0
mpeg2dec-0.3.1,libmpeg2/idct_altivec,0
mpeg2dec-0.3.1,libmpeg2/decode,1592
mpeg2dec-0.3.1,libmpeg2/motion_comp_mlib,0
mpeg2dec-0.3.1,libmpeg2/motion_comp_alpha,0
mpeg2dec-0.3.1,libmpeg2/header,3208
mpeg2dec-0.3.1,libmpeg2/motion_comp,4228
mpeg2dec-0.3.1,libmpeg2/motion_comp_mmx,0
mpeg2dec-0.3.1,libmpeg2/slice,13572
mpeg2dec-0.3.1,libmpeg2/idct_mmx,0
mpgcut-1.1,mpgcut,8635
OpenTCP-1.0.4,tcp,3906
OpenTCP-1.0.4,dns/dns,996
OpenTCP-1.0.4,timers,184
OpenTCP-1.0.4,ip,1316
OpenTCP-1.0.4,http/http_server,1000
OpenTCP-1.0.4,http/https_callbacks,584
OpenTCP-1.0.4,smtp/smtpc_callbacks,22
OpenTCP-1.0.4,smtp/smtp_client,1520
OpenTCP-1.0.4,tftp/tftps,572
OpenTCP-1.0.4,udp,1074
OpenTCP-1.0.4,pop3/pop3c_callbacks,20
OpenTCP-1.0.4,pop3/pop3_client,2551
OpenTCP-1.0.4,dhcp/dhcpc,1856
OpenTCP-1.0.4,arp,1665
OpenTCP-1.0.4,bootp/bootp,1004
OpenTCP-1.0.4,system,696
OpenTCP-1.0.4,icmp,260
OpenTCP-1.0.4,ethernet,1476
OpenTCP-1.0.4,demo/udp_demo,184
OpenTCP-1.0.4,demo/main_demo,208
OpenTCP-1.0.4,demo/tcp_client_demo,288
OpenTCP-1.0.4,demo/tcp_server_demo,252
replaypc-0.4.0.preproc,headend,1530
replaypc-0.4.0.preproc,program,4338
replaypc-0.4.0.preproc,cg,1575
replaypc-0.4.0.preproc,bigfile,114
replaypc-0.4.0.preproc,ndx,349
replaypc-0.4.0.preproc,ReplayPC,3536
replaypc-0.4.0.preproc,dump-replayshows,224
replaypc-0.4.0.preproc,addressbook,539
replaypc-0.4.0.preproc,dump-addressbook,365
replaypc-0.4.0.preproc,un-protect,1074
replaypc-0.4.0.preproc,find-GOPs,152
replaypc-0.4.0.preproc,rtvguide,1410
replaypc-0.4.0.preproc,crypt,688
replaypc-0.4.0.preproc,dump,1202
replaypc-0.4.0.preproc,mark-commercial,1742
replaypc-0.4.0.preproc,rddns,433
replaypc-0.4.0.preproc,httpfs,5086
replaypc-0.4.0.preproc,filedarray,186
replaypc-0.4.0.preproc,rddnsclient,942
replaypc-0.4.0.preproc,dump-channelset,268
replaypc-0.4.0.preproc,httpclient,1680
replaypc-0.4.0.preproc,guide,5986
replaypc-0.4.0.preproc,dump-guide,338
replaypc-0.4.0.preproc,dump-filedarray,384
replaypc-0.4.0.preproc,guideclient,529
replaypc-0.4.0.preproc,version-test,134
replaypc-0.4.0.preproc,zipcode,347
replaypc-0.4.0.preproc,build-ndx,308
replaypc-0.4.0.preproc,dump-programset,497
replaypc-0.4.0.preproc,channelset,155
replaypc-0.4.0.preproc,rtv,488
replaypc-0.4.0.preproc,httpfsclient,1610
replaypc-0.4.0.preproc,ndx-dump,3248
replaypc-0.4.0.preproc,sleep,10
replaypc-0.4.0.preproc,dump-headend,240
replaypc-0.4.0.preproc,dump-replaychannels,234
replaypc-0.4.0.preproc,dump-cg2,371
replaypc-0.4.0.preproc,dump-zipcode2,210
replaypc-0.4.0.preproc,crypt-test,912
teem-1.6.0-src,src/echo/matter,300
teem-1.6.0-src,src/echo/color,7392
teem-1.6.0-src,src/echo/lightEcho,637
teem-1.6.0-src,src/echo/list,1160
teem-1.6.0-src,src/echo/enumsEcho,13165
teem-1.6.0-src,src/echo/renderEcho,4334
teem-1.6.0-src,src/echo/model,1048
teem-1.6.0-src,src/echo/test/test,890
teem-1.6.0-src,src/echo/test/trend,6797
teem-1.6.0-src,src/echo/sqd,6765
teem-1.6.0-src,src/echo/intx,12466
teem-1.6.0-src,src/echo/methodsEcho,473
teem-1.6.0-src,src/echo/objmethods,1048
teem-1.6.0-src,src/echo/bounds,5663
teem-1.6.0-src,src/echo/set,812
teem-1.6.0-src,src/dye/methodsDye,1862
teem-1.6.0-src,src/dye/convertDye,3168
teem-1.6.0-src,src/dye/test/bow,546
teem-1.6.0-src,src/dye/test/conv,352
teem-1.6.0-src,src/hex/enhex,705
teem-1.6.0-src,src/hex/dehex,1223
teem-1.6.0-src,src/mite/renderMite,1013
teem-1.6.0-src,src/mite/txf,7031
teem-1.6.0-src,src/mite/user,791
teem-1.6.0-src,src/mite/thread,246
teem-1.6.0-src,src/mite/defaultsMite,33
teem-1.6.0-src,src/mite/ray,3678
teem-1.6.0-src,src/biff/test/test,212
teem-1.6.0-src,src/biff/biff,2127
teem-1.6.0-src,src/air/mop,1347
teem-1.6.0-src,src/air/threadAir,997
teem-1.6.0-src,src/air/sane,3142
teem-1.6.0-src,src/air/dio,1852
teem-1.6.0-src,src/air/754,1363
teem-1.6.0-src,src/air/test/floatprint,556
teem-1.6.0-src,src/air/test/tline,373
teem-1.6.0-src,src/air/test/fp,1506
teem-1.6.0-src,src/air/test/tok,262
teem-1.6.0-src,src/air/test/tmop,547
teem-1.6.0-src,src/air/test/doubleprint,558
teem-1.6.0-src,src/air/parseAir,4634
teem-1.6.0-src,src/air/enum,564
teem-1.6.0-src,src/air/string,844
teem-1.6.0-src,src/air/endianAir,1338
teem-1.6.0-src,src/air/miscAir,3540
teem-1.6.0-src,src/air/array,372
teem-1.6.0-src,src/unrrdu/inset,1301
teem-1.6.0-src,src/unrrdu/crop,1328
teem-1.6.0-src,src/unrrdu/head,1366
teem-1.6.0-src,src/unrrdu/convert,1112
teem-1.6.0-src,src/unrrdu/reshape,942
teem-1.6.0-src,src/unrrdu/about,2703
teem-1.6.0-src,src/unrrdu/axinfo,1325
teem-1.6.0-src,src/unrrdu/swap,813
teem-1.6.0-src,src/unrrdu/jhisto,2501
teem-1.6.0-src,src/unrrdu/axmerge,1299
teem-1.6.0-src,src/unrrdu/histax,1247
teem-1.6.0-src,src/unrrdu/data,1252
teem-1.6.0-src,src/unrrdu/3op,2228
teem-1.6.0-src,src/unrrdu/permute,965
teem-1.6.0-src,src/unrrdu/quantize,1554
teem-1.6.0-src,src/unrrdu/lut,1985
teem-1.6.0-src,src/unrrdu/axinsert,1045
teem-1.6.0-src,src/unrrdu/ccsettle,994
teem-1.6.0-src,src/unrrdu/axdelete,1362
teem-1.6.0-src,src/unrrdu/imap,2378
teem-1.6.0-src,src/unrrdu/rmap,2425
teem-1.6.0-src,src/unrrdu/project,1833
teem-1.6.0-src,src/unrrdu/flip,774
teem-1.6.0-src,src/unrrdu/histo,1426
teem-1.6.0-src,src/unrrdu/save,2654
teem-1.6.0-src,src/unrrdu/gamma,1274
teem-1.6.0-src,src/unrrdu/splice,1321
teem-1.6.0-src,src/unrrdu/1op,1595
teem-1.6.0-src,src/unrrdu/ccfind,1645
teem-1.6.0-src,src/unrrdu/block,1086
teem-1.6.0-src,src/unrrdu/ccadj,1121
teem-1.6.0-src,src/unrrdu/dhisto,1282
teem-1.6.0-src,src/unrrdu/axsplit,1080
teem-1.6.0-src,src/unrrdu/resample,3274
teem-1.6.0-src,src/unrrdu/cmedian,2412
teem-1.6.0-src,src/unrrdu/join,1424
teem-1.6.0-src,src/unrrdu/unquantize,1095
teem-1.6.0-src,src/unrrdu/ccmerge,2555
teem-1.6.0-src,src/unrrdu/unblock,1094
teem-1.6.0-src,src/unrrdu/flotsam,2614
teem-1.6.0-src,src/unrrdu/shuffle,1580
teem-1.6.0-src,src/unrrdu/dice,1686
teem-1.6.0-src,src/unrrdu/minmax,1090
teem-1.6.0-src,src/unrrdu/heq,1985
teem-1.6.0-src,src/unrrdu/pad,1680
teem-1.6.0-src,src/unrrdu/make,6214
teem-1.6.0-src,src/unrrdu/slice,1197
teem-1.6.0-src,src/unrrdu/2op,2106
teem-1.6.0-src,src/moss/hestMoss,1042
teem-1.6.0-src,src/moss/methodsMoss,952
teem-1.6.0-src,src/moss/sampler,1941
teem-1.6.0-src,src/moss/test/invert,292
teem-1.6.0-src,src/moss/xform,2754
teem-1.6.0-src,src/moss/defaultsMoss,17
teem-1.6.0-src,src/gage/miscGage,5203
teem-1.6.0-src,src/gage/vecprint,48
teem-1.6.0-src,src/gage/sclfilter,9069
teem-1.6.0-src,src/gage/ctx,3984
teem-1.6.0-src,src/gage/filter,2911
teem-1.6.0-src,src/gage/sclprint,873
teem-1.6.0-src,src/gage/shape,2784
teem-1.6.0-src,src/gage/st,2867
teem-1.6.0-src,src/gage/print,5341
teem-1.6.0-src,src/gage/scl,19232
teem-1.6.0-src,src/gage/vecGage,13484
teem-1.6.0-src,src/gage/pvl,1303
teem-1.6.0-src,src/gage/defaultsGage,53
teem-1.6.0-src,src/gage/sclanswer,6681
teem-1.6.0-src,src/gage/update,4136
teem-1.6.0-src,src/bane/valid,2214
teem-1.6.0-src,src/bane/inc,3657
teem-1.6.0-src,src/bane/gkmsTxf,2920
teem-1.6.0-src,src/bane/rangeBane,1685
teem-1.6.0-src,src/bane/gkmsInfo,1245
teem-1.6.0-src,src/bane/clip,1431
teem-1.6.0-src,src/bane/measr,1694
teem-1.6.0-src,src/bane/trnsf,4103
teem-1.6.0-src,src/bane/gkmsMite,1116
teem-1.6.0-src,src/bane/gkmsOpac,3053
teem-1.6.0-src,src/bane/gkmsFlotsam,2898
teem-1.6.0-src,src/bane/gkmsScat,1452
teem-1.6.0-src,src/bane/hvol,6221
teem-1.6.0-src,src/bane/defaultsBane,29
teem-1.6.0-src,src/bane/gkmsHvol,2706
teem-1.6.0-src,src/bane/test/sigma,141
teem-1.6.0-src,src/bane/test/tinfo,469
teem-1.6.0-src,src/bane/test/tblah,929
teem-1.6.0-src,src/bane/test/pos,521
teem-1.6.0-src,src/bane/test/opac,418
teem-1.6.0-src,src/bane/gkmsPvg,2838
teem-1.6.0-src,src/bane/trex,338
teem-1.6.0-src,src/bane/methodsBane,511
teem-1.6.0-src,src/bane/scat,693
teem-1.6.0-src,src/hest/usage,2242
teem-1.6.0-src,src/hest/defaultsHest,12
teem-1.6.0-src,src/hest/parseHest,10230
teem-1.6.0-src,src/hest/methodsHest,1873
teem-1.6.0-src,src/hest/test/ex2,948
teem-1.6.0-src,src/hest/test/ex5,725
teem-1.6.0-src,src/hest/test/ex1,1055
teem-1.6.0-src,src/hest/test/ex0,401
teem-1.6.0-src,src/hest/test/bday,958
teem-1.6.0-src,src/hest/test/strings,1095
teem-1.6.0-src,src/hest/test/ex3,1442
teem-1.6.0-src,src/hest/test/ex4,1036
teem-1.6.0-src,src/hoover/stub,44
teem-1.6.0-src,src/hoover/methodsHoover,1582
teem-1.6.0-src,src/hoover/rays,3123
teem-1.6.0-src,src/hoover/defaultsHoover,19
teem-1.6.0-src,src/ell/vecEll,1448
teem-1.6.0-src,src/ell/cubicEll,1956
teem-1.6.0-src,src/ell/eigen,4260
teem-1.6.0-src,src/ell/miscEll,987
teem-1.6.0-src,src/ell/mat,24352
teem-1.6.0-src,src/ell/test/tq,5131
teem-1.6.0-src,src/ell/test/sort3,622
teem-1.6.0-src,src/ell/test/invert,617
teem-1.6.0-src,src/ell/quat,14674
teem-1.6.0-src,src/ell/genmat,2799
teem-1.6.0-src,src/nrrd/defaultsNrrd,659
teem-1.6.0-src,src/nrrd/encodingHex,1472
teem-1.6.0-src,src/nrrd/encoding,620
teem-1.6.0-src,src/nrrd/superset,4014
teem-1.6.0-src,src/nrrd/range,504
teem-1.6.0-src,src/nrrd/reorder,7852
teem-1.6.0-src,src/nrrd/encodingRaw,1788
teem-1.6.0-src,src/nrrd/encodingGzip,605
teem-1.6.0-src,src/nrrd/formatText,2466
teem-1.6.0-src,src/nrrd/hestNrrd,1075
teem-1.6.0-src,src/nrrd/read,2483
teem-1.6.0-src,src/nrrd/ccmethods,1008
teem-1.6.0-src,src/nrrd/formatNRRD,3272
teem-1.6.0-src,src/nrrd/apply1D,7030
teem-1.6.0-src,src/nrrd/formatVTK,5015
teem-1.6.0-src,src/nrrd/subset,2196
teem-1.6.0-src,src/nrrd/parseNrrd,5658
teem-1.6.0-src,src/nrrd/endianNrrd,407
teem-1.6.0-src,src/nrrd/keyvalue,605
teem-1.6.0-src,src/nrrd/encodingAscii,1361
teem-1.6.0-src,src/nrrd/gzio,0
teem-1.6.0-src,src/nrrd/measure,7740
teem-1.6.0-src,src/nrrd/test/genvol,1487
teem-1.6.0-src,src/nrrd/test/convo,1661
teem-1.6.0-src,src/nrrd/test/tkernel,1687
teem-1.6.0-src,src/nrrd/test/quadvol,1525
teem-1.6.0-src,src/nrrd/test/io,341
teem-1.6.0-src,src/nrrd/test/tread,256
teem-1.6.0-src,src/nrrd/test/tline,310
teem-1.6.0-src,src/nrrd/test/trand,149
teem-1.6.0-src,src/nrrd/test/ax,2827
teem-1.6.0-src,src/nrrd/test/kv,339
teem-1.6.0-src,src/nrrd/test/minmax,268
teem-1.6.0-src,src/nrrd/test/typestest,376
teem-1.6.0-src,src/nrrd/histogram,5429
teem-1.6.0-src,src/nrrd/arith,4831
teem-1.6.0-src,src/nrrd/accessors,5487
teem-1.6.0-src,src/nrrd/enumsNrrd,86275
teem-1.6.0-src,src/nrrd/formatPNM,2647
teem-1.6.0-src,src/nrrd/filt,4882
teem-1.6.0-src,src/nrrd/cc,8874
teem-1.6.0-src,src/nrrd/formatPNG,674
teem-1.6.0-src,src/nrrd/winKernel,18764
teem-1.6.0-src,src/nrrd/comment,339
teem-1.6.0-src,src/nrrd/write,3642
teem-1.6.0-src,src/nrrd/simple,4063
teem-1.6.0-src,src/nrrd/arraysNrrd,2364
teem-1.6.0-src,src/nrrd/kernel,21846
teem-1.6.0-src,src/nrrd/methodsNrrd,3573
teem-1.6.0-src,src/nrrd/axis,2324
teem-1.6.0-src,src/nrrd/map,4563
teem-1.6.0-src,src/nrrd/resampleNrrd,5544
teem-1.6.0-src,src/nrrd/convertNrrd,2794
teem-1.6.0-src,src/nrrd/tmfKernel,116277
teem-1.6.0-src,src/nrrd/format,644
teem-1.6.0-src,src/nrrd/encodingBzip2,530
teem-1.6.0-src,src/nrrd/iter,503
teem-1.6.0-src,src/nrrd/formatEPS,2257
teem-1.6.0-src,src/ten/tendSlice,949
teem-1.6.0-src,src/ten/tendEvecrgb,1831
teem-1.6.0-src,src/ten/tendEstim,3749
teem-1.6.0-src,src/ten/tensor,5762
teem-1.6.0-src,src/ten/tendEllipse,2293
teem-1.6.0-src,src/ten/epireg,11967
teem-1.6.0-src,src/ten/tendFlotsam,1250
teem-1.6.0-src,src/ten/tendNorm,1241
teem-1.6.0-src,src/ten/tendSten,1282
teem-1.6.0-src,src/ten/aniso,3235
teem-1.6.0-src,src/ten/fiberMethods,2481
teem-1.6.0-src,src/ten/fiber,4062
teem-1.6.0-src,src/ten/tendShrink,904
teem-1.6.0-src,src/ten/bimod,5433
teem-1.6.0-src,src/ten/tendPoint,1492
teem-1.6.0-src,src/ten/test/tt,2554
teem-1.6.0-src,src/ten/test/tg,2279
teem-1.6.0-src,src/ten/test/tem,976
teem-1.6.0-src,src/ten/tendAnhist,1115
teem-1.6.0-src,src/ten/enumsTen,26181
teem-1.6.0-src,src/ten/tendEvq,2121
teem-1.6.0-src,src/ten/tendMake,925
teem-1.6.0-src,src/ten/tendEvalpow,839
teem-1.6.0-src,src/ten/tendAnvol,1437
teem-1.6.0-src,src/ten/tendSim,1300
teem-1.6.0-src,src/ten/tendBmat,1293
teem-1.6.0-src,src/ten/chan,7497
teem-1.6.0-src,src/ten/tendGlyph,6376
teem-1.6.0-src,src/ten/tendEval,1552
teem-1.6.0-src,src/ten/miscTen,3199
teem-1.6.0-src,src/ten/mod,2685
teem-1.6.0-src,src/ten/glyph,4367
teem-1.6.0-src,src/ten/tendAnscale,1323
teem-1.6.0-src,src/ten/tendExpand,1396
teem-1.6.0-src,src/ten/tendEvaladd,928
teem-1.6.0-src,src/ten/tendEpireg,4376
teem-1.6.0-src,src/ten/defaultsTen,60
teem-1.6.0-src,src/ten/tendEvec,1586
teem-1.6.0-src,src/ten/tenGage,3169
teem-1.6.0-src,src/ten/tendSatin,5032
teem-1.6.0-src,src/ten/tendFiber,2496
teem-1.6.0-src,src/ten/tendEvalclamp,1212
teem-1.6.0-src,src/ten/tendAnplot,1597
teem-1.6.0-src,src/alan/enumsAlan,2480
teem-1.6.0-src,src/alan/methodsAlan,1984
teem-1.6.0-src,src/alan/test/tspot,879
teem-1.6.0-src,src/alan/coreAlan,3659
teem-1.6.0-src,src/limn/cam,4458
teem-1.6.0-src,src/limn/defaultsLimn,13
teem-1.6.0-src,src/limn/obj,664
teem-1.6.0-src,src/limn/io,709
teem-1.6.0-src,src/limn/splineMisc,14261
teem-1.6.0-src,src/limn/qn,2513
teem-1.6.0-src,src/limn/splineMethods,4323
teem-1.6.0-src,src/limn/test/tbc,1560
teem-1.6.0-src,src/limn/test/soid,3157
teem-1.6.0-src,src/limn/test/tspline,1889
teem-1.6.0-src,src/limn/test/tcam,1080
teem-1.6.0-src,src/limn/test/tcamanim,3019
teem-1.6.0-src,src/limn/test/light,448
teem-1.6.0-src,src/limn/test/tps,2328
teem-1.6.0-src,src/limn/test/map,262
teem-1.6.0-src,src/limn/methodsLimn,192
teem-1.6.0-src,src/limn/transform,2681
teem-1.6.0-src,src/limn/shapes,2968
teem-1.6.0-src,src/limn/renderLimn,2783
teem-1.6.0-src,src/limn/env,1100
teem-1.6.0-src,src/limn/splineEval,5341
teem-1.6.0-src,src/limn/light,710
teem-1.6.0-src,src/limn/hestLimn,954
ttt-0.10.1.preproc,src/ttt,4173
ttt-0.10.1.preproc,src/engine,1488
ttt-0.10.1.preproc,src/parse,1031
ttt-0.10.1.preproc,src/util,1696
ttt-0.10.1.preproc,src/connect4,2901
ttt-0.10.1.preproc,src/main,933
unrarlib-0.4.0,unrarlib/unrarlib,9280
unrarlib-0.4.0,samples/unix/listarchive/listarchive,910
unrarlib-0.4.0,samples/unix/getfile/getfile,725
zlib-1.1.4,inffast,786
zlib-1.1.4,inftrees,6328
zlib-1.1.4,adler32,228
zlib-1.1.4,infblock,1906
zlib-1.1.4,infutil,246
zlib-1.1.4,infcodes,1174
zlib-1.1.4,inflate,1283
zlib-1.1.4,gzio,2427
zlib-1.1.4,compress,114
zlib-1.1.4,zutil,203
zlib-1.1.4,trees,7372
zlib-1.1.4,deflate,4089
zlib-1.1.4,uncompr,94
zlib-1.1.4,crc32,1240
