size
"2",,"","","","","arm-none-eabi-gcc (GCC) 5.3.0"
"","-Os -std=gnu89 -mthumb -mcpu=arm966e-s -mno-thumb-interwork"
bzip2-1.0.2,compress,7307
bzip2-1.0.2,huffman,972
bzip2-1.0.2,blocksort,5075
bzip2-1.0.2,crctable,1024
bzip2-1.0.2,decompress,6927
bzip2-1.0.2,bzip2,14309
bzip2-1.0.2,randtable,2048
bzip2-1.0.2,bzip2recover,2913
bzip2-1.0.2,bzlib,8487
cg_compiler_opensrc,cpp,5022
cg_compiler_opensrc,parser,13551
cg_compiler_opensrc,atom,2852
cg_compiler_opensrc,constfold,3424
cg_compiler_opensrc,printutils,7827
cg_compiler_opensrc,cgstruct,96
cg_compiler_opensrc,binding,1039
cg_compiler_opensrc,symbols,4857
cg_compiler_opensrc,compile,9658
cg_compiler_opensrc,memory,350
cg_compiler_opensrc,tokenize,550
cg_compiler_opensrc,inline,2126
cg_compiler_opensrc,semantic,3470
cg_compiler_opensrc,scanner,4703
cg_compiler_opensrc,stdlib,3222
cg_compiler_opensrc,support,18691
cg_compiler_opensrc,check,2589
cg_compiler_opensrc,tokens,2237
cg_compiler_opensrc,cgcmain,1971
cg_compiler_opensrc,support_iter,1470
cg_compiler_opensrc,hal,1963
cg_compiler_opensrc,generic_hal,2143
compiler,main,1898
compiler,parser,3724
compiler,scanner,2883
compiler,cg,2027
compiler,vam,3269
compiler,vas,5670
flex-2.5.31,parse,7074
flex-2.5.31,skel,94034
flex-2.5.31,tables,1509
flex-2.5.31,libmain,12
flex-2.5.31,regex,415
flex-2.5.31,main,16370
flex-2.5.31,ecs,404
flex-2.5.31,scan,38044
flex-2.5.31,tblcmp,2612
flex-2.5.31,sym,711
flex-2.5.31,ccl,820
flex-2.5.31,yylex,832
flex-2.5.31,nfa,2852
flex-2.5.31,filter,1749
flex-2.5.31,buf,723
flex-2.5.31,gen,20054
flex-2.5.31,tables_shared,26
flex-2.5.31,options,2610
flex-2.5.31,libyywrap,4
flex-2.5.31,dfa,5362
flex-2.5.31,scanopt,2502
flex-2.5.31,misc,4298
jikespg-1.3,src/ctabs,41684
jikespg-1.3,src/main,5259
jikespg-1.3,src/mkfirst,11344
jikespg-1.3,src/mkstates,2210
jikespg-1.3,src/spacetab,15360
jikespg-1.3,src/partset,1292
jikespg-1.3,src/tabutil,9818
jikespg-1.3,src/prntstat,2452
jikespg-1.3,src/lpgparse,36833
jikespg-1.3,src/timetab,7568
jikespg-1.3,src/remsp,5986
jikespg-1.3,src/globals,268
jikespg-1.3,src/resolve,9128
jikespg-1.3,src/mkred,5364
jikespg-1.3,src/produce,8433
jikespg-1.3,src/ptables,2619
jikespg-1.3,src/lpgutil,3451
jpeg-6b,wrjpgcom,2843
jpeg-6b,jcdctmgr,1128
jpeg-6b,jddctmgr,696
jpeg-6b,jerror,5386
jpeg-6b,jdmainct,1260
jpeg-6b,jidctfst,764
jpeg-6b,jfdctfst,350
jpeg-6b,jfdctint,596
jpeg-6b,jidctint,1056
jpeg-6b,jdmarker,4856
jpeg-6b,rdgif,81
jpeg-6b,jctrans,1140
jpeg-6b,djpeg,5447
jpeg-6b,jdapistd,728
jpeg-6b,wrrle,0
jpeg-6b,jdtrans,272
jpeg-6b,jccolor,1192
jpeg-6b,cjpeg,5085
jpeg-6b,wrgif,2124
jpeg-6b,jcparam,2528
jpeg-6b,jchuff,2588
jpeg-6b,jdcolor,908
jpeg-6b,jcomapi,106
jpeg-6b,jdphuff,2480
jpeg-6b,jccoefct,1484
jpeg-6b,jcapimin,616
jpeg-6b,rdcolmap,1048
jpeg-6b,jdpostct,628
jpeg-6b,transupp,3460
jpeg-6b,jdhuff,2040
jpeg-6b,wrtarga,768
jpeg-6b,jcsample,1676
jpeg-6b,jdatasrc,228
jpeg-6b,jcmainct,304
jpeg-6b,wrbmp,2208
jpeg-6b,rdbmp,1588
jpeg-6b,jcinit,156
jpeg-6b,rdrle,0
jpeg-6b,jquant2,3364
jpeg-6b,jdinput,1012
jpeg-6b,rdjpgcom,2015
jpeg-6b,jdsample,1328
jpeg-6b,jdmaster,1420
jpeg-6b,ansi2knr,2056
jpeg-6b,jdmerge,1076
jpeg-6b,jdatadst,200
jpeg-6b,jcmaster,2060
jpeg-6b,jcapistd,380
jpeg-6b,jcprepct,1024
jpeg-6b,jpegtran,3320
jpeg-6b,jidctflt,1156
jpeg-6b,jmemnobs,64
jpeg-6b,rdswitch,1556
jpeg-6b,wrppm,462
jpeg-6b,jidctred,1068
jpeg-6b,rdppm,1312
jpeg-6b,jdcoefct,2760
jpeg-6b,jquant1,2380
jpeg-6b,jfdctflt,732
jpeg-6b,jdapimin,844
jpeg-6b,jcmarker,1540
jpeg-6b,rdtarga,1344
jpeg-6b,jcphuff,2096
jpeg-6b,jmemmgr,2366
jpeg-6b,jutils,408
jpeg-6b,cdjpeg,96
libmspack,mspack/system,538
libmspack,mspack/chmd,2688
libmspack,mspack/hlpc,6
libmspack,mspack/qtmc,0
libmspack,mspack/kwajd,6
libmspack,mspack/chmc,6
libmspack,mspack/litc,6
libmspack,mspack/qtmd,4404
libmspack,mspack/lzxc,0
libmspack,mspack/cabc,6
libmspack,mspack/litd,6
libmspack,mspack/hlpd,6
libmspack,mspack/mszipc,0
libmspack,mspack/lzxd,5308
libmspack,mspack/cabd,4396
libmspack,mspack/mszipd,22
libmspack,mspack/kwajc,6
libmspack,mspack/szddd,6
libmspack,mspack/szddc,6
libmspack,test/cabd_md5,993
libmspack,test/cabextract_md5,18454
libmspack,test/md5,2688
libmspack,test/chmd_md5,906
libmspack,test/cabrip,351
libmspack,test/cabd_test,8408
libpng-1.2.5,pngtest,5164
libpng-1.2.5,png2pnm,2161
libpng-1.2.5,pngrtran,14884
libpng-1.2.5,pngrio,277
libpng-1.2.5,pngwtran,1276
libpng-1.2.5,pngget,2084
libpng-1.2.5,pngtrans,1712
libpng-1.2.5,pngread,5426
libpng-1.2.5,pnm2png,2385
libpng-1.2.5,pngerror,711
libpng-1.2.5,png,2313
libpng-1.2.5,pngwio,313
libpng-1.2.5,pngwrite,5173
libpng-1.2.5,pngpread,5223
libpng-1.2.5,pngwutil,10073
libpng-1.2.5,pngset,5205
libpng-1.2.5,pngrutil,13019
libpng-1.2.5,pngmem,429
linux-2.4.23-pre3-testplatform,arch/testplatform/mm/init,1400
linux-2.4.23-pre3-testplatform,arch/testplatform/mm/ioremap,539
linux-2.4.23-pre3-testplatform,arch/testplatform/mm/fault,286
linux-2.4.23-pre3-testplatform,arch/testplatform/mm/extable,64
linux-2.4.23-pre3-testplatform,arch/testplatform/lib/checksum,4
linux-2.4.23-pre3-testplatform,arch/testplatform/lib/strcmp,4
linux-2.4.23-pre3-testplatform,arch/testplatform/lib/misaligned,132
linux-2.4.23-pre3-testplatform,arch/testplatform/lib/memcpy,4
linux-2.4.23-pre3-testplatform,arch/testplatform/lib/delay,4
linux-2.4.23-pre3-testplatform,arch/testplatform/lib/strncpy,4
linux-2.4.23-pre3-testplatform,arch/testplatform/lib/memset,4
linux-2.4.23-pre3-testplatform,arch/testplatform/lib/uaccess,12
linux-2.4.23-pre3-testplatform,arch/testplatform/kernel/s390_ext,480
linux-2.4.23-pre3-testplatform,arch/testplatform/kernel/sys_s390,617
linux-2.4.23-pre3-testplatform,arch/testplatform/kernel/cpcmd,2
linux-2.4.23-pre3-testplatform,arch/testplatform/kernel/init_task,16384
linux-2.4.23-pre3-testplatform,arch/testplatform/kernel/signal,2900
linux-2.4.23-pre3-testplatform,arch/testplatform/kernel/ebcdic,1536
linux-2.4.23-pre3-testplatform,arch/testplatform/kernel/entry,18
linux-2.4.23-pre3-testplatform,arch/testplatform/kernel/head,2
linux-2.4.23-pre3-testplatform,arch/testplatform/kernel/ptrace,1004
linux-2.4.23-pre3-testplatform,arch/testplatform/kernel/irq,18
linux-2.4.23-pre3-testplatform,arch/testplatform/kernel/bitmap,3
linux-2.4.23-pre3-testplatform,arch/testplatform/kernel/semaphore,184
linux-2.4.23-pre3-testplatform,arch/testplatform/kernel/time,10
linux-2.4.23-pre3-testplatform,arch/testplatform/kernel/s390fpu,16
linux-2.4.23-pre3-testplatform,arch/testplatform/kernel/debug,2930
linux-2.4.23-pre3-testplatform,arch/testplatform/kernel/needed,16
linux-2.4.23-pre3-testplatform,arch/testplatform/kernel/setup,1680
linux-2.4.23-pre3-testplatform,arch/testplatform/kernel/traps,3586
linux-2.4.23-pre3-testplatform,arch/testplatform/kernel/process,847
linux-2.4.23-pre3-testplatform,arch/testplatform/kernel/reipl,2
linux-2.4.23-pre3-testplatform,fs/char_dev,311
linux-2.4.23-pre3-testplatform,fs/namespace,3303
linux-2.4.23-pre3-testplatform,fs/xattr,596
linux-2.4.23-pre3-testplatform,fs/attr,554
linux-2.4.23-pre3-testplatform,fs/partitions/msdos,284
linux-2.4.23-pre3-testplatform,fs/partitions/check,1183
linux-2.4.23-pre3-testplatform,fs/exec,3088
linux-2.4.23-pre3-testplatform,fs/locks,5720
linux-2.4.23-pre3-testplatform,fs/iobuf,695
linux-2.4.23-pre3-testplatform,fs/binfmt_script,300
linux-2.4.23-pre3-testplatform,fs/dnotify,368
linux-2.4.23-pre3-testplatform,fs/fcntl,1150
linux-2.4.23-pre3-testplatform,fs/pipe,1798
linux-2.4.23-pre3-testplatform,fs/quota,2106
linux-2.4.23-pre3-testplatform,fs/nfsd/nfsctl,603
linux-2.4.23-pre3-testplatform,fs/nfsd/vfs,5536
linux-2.4.23-pre3-testplatform,fs/nfsd/nfscache,1335
linux-2.4.23-pre3-testplatform,fs/nfsd/nfssvc,1086
linux-2.4.23-pre3-testplatform,fs/nfsd/stats,40
linux-2.4.23-pre3-testplatform,fs/nfsd/lockd,184
linux-2.4.23-pre3-testplatform,fs/nfsd/auth,120
linux-2.4.23-pre3-testplatform,fs/nfsd/nfsproc,2891
linux-2.4.23-pre3-testplatform,fs/nfsd/export,3953
linux-2.4.23-pre3-testplatform,fs/nfsd/nfsxdr,1608
linux-2.4.23-pre3-testplatform,fs/nfsd/nfs3xdr,3368
linux-2.4.23-pre3-testplatform,fs/nfsd/nfs3proc,2582
linux-2.4.23-pre3-testplatform,fs/nfsd/nfsfh,3534
linux-2.4.23-pre3-testplatform,fs/fifo,472
linux-2.4.23-pre3-testplatform,fs/ramfs/inode,1071
linux-2.4.23-pre3-testplatform,fs/filesystems,0
linux-2.4.23-pre3-testplatform,fs/file_table,639
linux-2.4.23-pre3-testplatform,fs/block_dev,2709
linux-2.4.23-pre3-testplatform,fs/readdir,1165
linux-2.4.23-pre3-testplatform,fs/binfmt_elf,0
linux-2.4.23-pre3-testplatform,fs/inode,3485
linux-2.4.23-pre3-testplatform,fs/nfs/unlink,556
linux-2.4.23-pre3-testplatform,fs/nfs/symlink,304
linux-2.4.23-pre3-testplatform,fs/nfs/proc,1252
linux-2.4.23-pre3-testplatform,fs/nfs/write,4262
linux-2.4.23-pre3-testplatform,fs/nfs/inode,5368
linux-2.4.23-pre3-testplatform,fs/nfs/file,780
linux-2.4.23-pre3-testplatform,fs/nfs/dir,3376
linux-2.4.23-pre3-testplatform,fs/nfs/nfs3xdr,3920
linux-2.4.23-pre3-testplatform,fs/nfs/pagelist,1607
linux-2.4.23-pre3-testplatform,fs/nfs/read,1656
linux-2.4.23-pre3-testplatform,fs/nfs/flushd,352
linux-2.4.23-pre3-testplatform,fs/nfs/nfs2xdr,2920
linux-2.4.23-pre3-testplatform,fs/nfs/nfs3proc,2016
linux-2.4.23-pre3-testplatform,fs/devices,730
linux-2.4.23-pre3-testplatform,fs/lockd/svcproc,2276
linux-2.4.23-pre3-testplatform,fs/lockd/svcshare,286
linux-2.4.23-pre3-testplatform,fs/lockd/xdr,3083
linux-2.4.23-pre3-testplatform,fs/lockd/svc4proc,2204
linux-2.4.23-pre3-testplatform,fs/lockd/clntproc,2243
linux-2.4.23-pre3-testplatform,fs/lockd/svcsubs,975
linux-2.4.23-pre3-testplatform,fs/lockd/mon,862
linux-2.4.23-pre3-testplatform,fs/lockd/host,1248
linux-2.4.23-pre3-testplatform,fs/lockd/xdr4,2932
linux-2.4.23-pre3-testplatform,fs/lockd/svc,1228
linux-2.4.23-pre3-testplatform,fs/lockd/svclock,1803
linux-2.4.23-pre3-testplatform,fs/lockd/clntlock,692
linux-2.4.23-pre3-testplatform,fs/lockd/lockd_syms,0
linux-2.4.23-pre3-testplatform,fs/file,573
linux-2.4.23-pre3-testplatform,fs/jbd/commit,3454
linux-2.4.23-pre3-testplatform,fs/jbd/journal,6239
linux-2.4.23-pre3-testplatform,fs/jbd/transaction,7532
linux-2.4.23-pre3-testplatform,fs/jbd/checkpoint,2674
linux-2.4.23-pre3-testplatform,fs/jbd/revoke,1655
linux-2.4.23-pre3-testplatform,fs/jbd/recovery,1682
linux-2.4.23-pre3-testplatform,fs/bad_inode,236
linux-2.4.23-pre3-testplatform,fs/stat,432
linux-2.4.23-pre3-testplatform,fs/open,2668
linux-2.4.23-pre3-testplatform,fs/super,2338
linux-2.4.23-pre3-testplatform,fs/select,1552
linux-2.4.23-pre3-testplatform,fs/seq_file,1548
linux-2.4.23-pre3-testplatform,fs/namei,6293
linux-2.4.23-pre3-testplatform,fs/read_write,1480
linux-2.4.23-pre3-testplatform,fs/ioctl,328
linux-2.4.23-pre3-testplatform,fs/buffer,8197
linux-2.4.23-pre3-testplatform,fs/dcache,3082
linux-2.4.23-pre3-testplatform,fs/ext3/fsync,241
linux-2.4.23-pre3-testplatform,fs/ext3/ialloc,2087
linux-2.4.23-pre3-testplatform,fs/ext3/symlink,112
linux-2.4.23-pre3-testplatform,fs/ext3/inode,7757
linux-2.4.23-pre3-testplatform,fs/ext3/file,300
linux-2.4.23-pre3-testplatform,fs/ext3/balloc,3268
linux-2.4.23-pre3-testplatform,fs/ext3/bitmap,116
linux-2.4.23-pre3-testplatform,fs/ext3/dir,860
linux-2.4.23-pre3-testplatform,fs/ext3/super,8264
linux-2.4.23-pre3-testplatform,fs/ext3/namei,4947
linux-2.4.23-pre3-testplatform,fs/ext3/ioctl,571
linux-2.4.23-pre3-testplatform,mm/swap,294
linux-2.4.23-pre3-testplatform,mm/vmalloc,1575
linux-2.4.23-pre3-testplatform,mm/numa,880
linux-2.4.23-pre3-testplatform,mm/mmap,3247
linux-2.4.23-pre3-testplatform,mm/mprotect,1314
linux-2.4.23-pre3-testplatform,mm/bootmem,1227
linux-2.4.23-pre3-testplatform,mm/memory,4622
linux-2.4.23-pre3-testplatform,mm/swapfile,5040
linux-2.4.23-pre3-testplatform,mm/shmem,4931
linux-2.4.23-pre3-testplatform,mm/mlock,936
linux-2.4.23-pre3-testplatform,mm/filemap,9065
linux-2.4.23-pre3-testplatform,mm/page_io,459
linux-2.4.23-pre3-testplatform,mm/page_alloc,3023
linux-2.4.23-pre3-testplatform,mm/slab,2766
linux-2.4.23-pre3-testplatform,mm/swap_state,827
linux-2.4.23-pre3-testplatform,mm/oom_kill,487
linux-2.4.23-pre3-testplatform,mm/vmscan,1822
linux-2.4.23-pre3-testplatform,mm/mremap,1518
linux-2.4.23-pre3-testplatform,lib/string,480
linux-2.4.23-pre3-testplatform,lib/zlib_inflate/inffast,778
linux-2.4.23-pre3-testplatform,lib/zlib_inflate/inflate_syms,0
linux-2.4.23-pre3-testplatform,lib/zlib_inflate/inftrees,6153
linux-2.4.23-pre3-testplatform,lib/zlib_inflate/inflate,1722
linux-2.4.23-pre3-testplatform,lib/zlib_inflate/infutil,258
linux-2.4.23-pre3-testplatform,lib/zlib_inflate/infblock,1930
linux-2.4.23-pre3-testplatform,lib/zlib_inflate/infcodes,1338
linux-2.4.23-pre3-testplatform,lib/vsprintf,2533
linux-2.4.23-pre3-testplatform,lib/bust_spinlocks,50
linux-2.4.23-pre3-testplatform,lib/errno,0
linux-2.4.23-pre3-testplatform,lib/brlock,0
linux-2.4.23-pre3-testplatform,lib/zlib_deflate/deflate_syms,0
linux-2.4.23-pre3-testplatform,lib/zlib_deflate/deflate,3772
linux-2.4.23-pre3-testplatform,lib/zlib_deflate/deftree,6216
linux-2.4.23-pre3-testplatform,lib/dec_and_lock,0
linux-2.4.23-pre3-testplatform,lib/cmdline,170
linux-2.4.23-pre3-testplatform,lib/ctype,256
linux-2.4.23-pre3-testplatform,lib/dump_stack,70
linux-2.4.23-pre3-testplatform,lib/rbtree,646
linux-2.4.23-pre3-testplatform,lib/rwsem-spinlock,354
linux-2.4.23-pre3-testplatform,net/core/sock,2813
linux-2.4.23-pre3-testplatform,net/core/scm,674
linux-2.4.23-pre3-testplatform,net/core/iovec,664
linux-2.4.23-pre3-testplatform,net/core/skbuff,4521
linux-2.4.23-pre3-testplatform,net/core/ethtool,2268
linux-2.4.23-pre3-testplatform,net/core/datagram,1447
linux-2.4.23-pre3-testplatform,net/core/utils,197
linux-2.4.23-pre3-testplatform,net/core/dev_mcast,623
linux-2.4.23-pre3-testplatform,net/core/dst,612
linux-2.4.23-pre3-testplatform,net/core/neighbour,5785
linux-2.4.23-pre3-testplatform,net/core/dev,7478
linux-2.4.23-pre3-testplatform,net/core/rtnetlink,2301
linux-2.4.23-pre3-testplatform,net/socket,4782
linux-2.4.23-pre3-testplatform,net/802/p8023,86
linux-2.4.23-pre3-testplatform,net/ethernet/eth,501
linux-2.4.23-pre3-testplatform,net/8021q/vlan,2062
linux-2.4.23-pre3-testplatform,net/8021q/vlanproc,14
linux-2.4.23-pre3-testplatform,net/8021q/vlan_dev,2974
linux-2.4.23-pre3-testplatform,net/sunrpc/xdr,1404
linux-2.4.23-pre3-testplatform,net/sunrpc/auth_null,276
linux-2.4.23-pre3-testplatform,net/sunrpc/timer,128
linux-2.4.23-pre3-testplatform,net/sunrpc/auth,700
linux-2.4.23-pre3-testplatform,net/sunrpc/clnt,3432
linux-2.4.23-pre3-testplatform,net/sunrpc/svcsock,4136
linux-2.4.23-pre3-testplatform,net/sunrpc/xprt,5129
linux-2.4.23-pre3-testplatform,net/sunrpc/pmap_clnt,613
linux-2.4.23-pre3-testplatform,net/sunrpc/svcauth,440
linux-2.4.23-pre3-testplatform,net/sunrpc/auth_unix,682
linux-2.4.23-pre3-testplatform,net/sunrpc/sched,3436
linux-2.4.23-pre3-testplatform,net/sunrpc/svc,1629
linux-2.4.23-pre3-testplatform,net/sunrpc/sunrpc_syms,0
linux-2.4.23-pre3-testplatform,net/sched/sch_generic,1914
linux-2.4.23-pre3-testplatform,net/netlink/af_netlink,3348
linux-2.4.23-pre3-testplatform,net/ipv4/tcp_output,7516
linux-2.4.23-pre3-testplatform,net/ipv4/tcp_ipv4,10265
linux-2.4.23-pre3-testplatform,net/ipv4/tcp,12857
linux-2.4.23-pre3-testplatform,net/ipv4/route,8088
linux-2.4.23-pre3-testplatform,net/ipv4/ip_input,559
linux-2.4.23-pre3-testplatform,net/ipv4/sysctl_net_ipv4,0
linux-2.4.23-pre3-testplatform,net/ipv4/ip_options,2442
linux-2.4.23-pre3-testplatform,net/ipv4/tcp_timer,2874
linux-2.4.23-pre3-testplatform,net/ipv4/fib_hash,2677
linux-2.4.23-pre3-testplatform,net/ipv4/icmp,3126
linux-2.4.23-pre3-testplatform,net/ipv4/ip_fragment,2333
linux-2.4.23-pre3-testplatform,net/ipv4/proc,2518
linux-2.4.23-pre3-testplatform,net/ipv4/fib_semantics,2398
linux-2.4.23-pre3-testplatform,net/ipv4/igmp,7454
linux-2.4.23-pre3-testplatform,net/ipv4/fib_frontend,1876
linux-2.4.23-pre3-testplatform,net/ipv4/udp,4020
linux-2.4.23-pre3-testplatform,net/ipv4/af_inet,4217
linux-2.4.23-pre3-testplatform,net/ipv4/utils,56
linux-2.4.23-pre3-testplatform,net/ipv4/inetpeer,1422
linux-2.4.23-pre3-testplatform,net/ipv4/ip_forward,340
linux-2.4.23-pre3-testplatform,net/ipv4/protocol,378
linux-2.4.23-pre3-testplatform,net/ipv4/tcp_diag,2530
linux-2.4.23-pre3-testplatform,net/ipv4/tcp_input,16888
linux-2.4.23-pre3-testplatform,net/ipv4/ip_output,3467
linux-2.4.23-pre3-testplatform,net/ipv4/ip_sockglue,3664
linux-2.4.23-pre3-testplatform,net/ipv4/tcp_minisocks,3263
linux-2.4.23-pre3-testplatform,net/ipv4/raw,2640
linux-2.4.23-pre3-testplatform,net/ipv4/devinet,4111
linux-2.4.23-pre3-testplatform,net/ipv4/arp,3660
linux-2.4.23-pre3-testplatform,init/main,1106
linux-2.4.23-pre3-testplatform,init/do_mounts,3418
linux-2.4.23-pre3-testplatform,init/version,502
linux-2.4.23-pre3-testplatform,drivers/block/genhd,162
linux-2.4.23-pre3-testplatform,drivers/block/blkpg,816
linux-2.4.23-pre3-testplatform,drivers/block/ll_rw_blk,4149
linux-2.4.23-pre3-testplatform,drivers/block/elevator,472
linux-2.4.23-pre3-testplatform,drivers/net/loopback,272
linux-2.4.23-pre3-testplatform,drivers/net/net_init,583
linux-2.4.23-pre3-testplatform,drivers/net/Space,3356
linux-2.4.23-pre3-testplatform,drivers/net/auto_irq,48
linux-2.4.23-pre3-testplatform,drivers/net/setup,36
linux-2.4.23-pre3-testplatform,drivers/char/n_tty,3887
linux-2.4.23-pre3-testplatform,drivers/char/random,3884
linux-2.4.23-pre3-testplatform,drivers/char/mem,2076
linux-2.4.23-pre3-testplatform,drivers/char/tty_io,8369
linux-2.4.23-pre3-testplatform,drivers/char/pty,1391
linux-2.4.23-pre3-testplatform,drivers/char/tty_ioctl,1447
linux-2.4.23-pre3-testplatform,drivers/char/raw,1120
linux-2.4.23-pre3-testplatform,drivers/char/misc,728
linux-2.4.23-pre3-testplatform,kernel/sys,3011
linux-2.4.23-pre3-testplatform,kernel/resource,857
linux-2.4.23-pre3-testplatform,kernel/softirq,1510
linux-2.4.23-pre3-testplatform,kernel/signal,2743
linux-2.4.23-pre3-testplatform,kernel/fork,2545
linux-2.4.23-pre3-testplatform,kernel/acct,6
linux-2.4.23-pre3-testplatform,kernel/itimer,476
linux-2.4.23-pre3-testplatform,kernel/timer,2093
linux-2.4.23-pre3-testplatform,kernel/context,543
linux-2.4.23-pre3-testplatform,kernel/exit,1791
linux-2.4.23-pre3-testplatform,kernel/dma,12
linux-2.4.23-pre3-testplatform,kernel/module,747
linux-2.4.23-pre3-testplatform,kernel/ptrace,864
linux-2.4.23-pre3-testplatform,kernel/capability,64
linux-2.4.23-pre3-testplatform,kernel/printk,1552
linux-2.4.23-pre3-testplatform,kernel/kmod,628
linux-2.4.23-pre3-testplatform,kernel/exec_domain,591
linux-2.4.23-pre3-testplatform,kernel/sched,3241
linux-2.4.23-pre3-testplatform,kernel/time,1140
linux-2.4.23-pre3-testplatform,kernel/info,192
linux-2.4.23-pre3-testplatform,kernel/user,172
linux-2.4.23-pre3-testplatform,kernel/panic,518
linux-2.4.23-pre3-testplatform,kernel/sysctl,72
linux-2.4.23-pre3-testplatform,ipc/sem,3427
linux-2.4.23-pre3-testplatform,ipc/util,739
linux-2.4.23-pre3-testplatform,ipc/shm,2311
linux-2.4.23-pre3-testplatform,ipc/msg,1906
lwip-0.5.3.preproc,proj/unixsim/simhost,338
lwip-0.5.3.preproc,proj/unixsim/simnode,322
lwip-0.5.3.preproc,proj/unixsim/apps/fs,39809
lwip-0.5.3.preproc,proj/unixsim/apps/udpecho,128
lwip-0.5.3.preproc,proj/unixsim/apps/shell,8029
lwip-0.5.3.preproc,proj/unixsim/apps/httpd,567
lwip-0.5.3.preproc,proj/unixsim/apps/tcpecho,112
lwip-0.5.3.preproc,proj/unixsim/simrouter,466
lwip-0.5.3.preproc,src/netif/tcpdump,1335
lwip-0.5.3.preproc,src/netif/loopif,80
lwip-0.5.3.preproc,src/netif/arp,1136
lwip-0.5.3.preproc,src/core/tcp_output,2148
lwip-0.5.3.preproc,src/core/sys,258
lwip-0.5.3.preproc,src/core/tcp,2189
lwip-0.5.3.preproc,src/core/pbuf,1116
lwip-0.5.3.preproc,src/core/inet,336
lwip-0.5.3.preproc,src/core/stats,20
lwip-0.5.3.preproc,src/core/udp,900
lwip-0.5.3.preproc,src/core/mem,824
lwip-0.5.3.preproc,src/core/memp,616
lwip-0.5.3.preproc,src/core/tcp_input,3908
lwip-0.5.3.preproc,src/core/netif,400
lwip-0.5.3.preproc,src/core/ipv4/ip_addr,4
lwip-0.5.3.preproc,src/core/ipv4/icmp,628
lwip-0.5.3.preproc,src/core/ipv4/ip,1240
lwip-0.5.3.preproc,src/api/err,0
lwip-0.5.3.preproc,src/api/api_msg,1260
lwip-0.5.3.preproc,src/api/api_lib,1498
lwip-0.5.3.preproc,src/api/tcpip,248
lwip-0.5.3.preproc,src/api/sockets,832
mpeg2dec-0.3.1,libvo/video_out_sdl,633
mpeg2dec-0.3.1,libvo/video_out_pgm,401
mpeg2dec-0.3.1,libvo/video_out_dx,0
mpeg2dec-0.3.1,libvo/video_out_null,184
mpeg2dec-0.3.1,libvo/video_out,146
mpeg2dec-0.3.1,libvo/video_out_x11,0
mpeg2dec-0.3.1,libvo/yuv2rgb,3296
mpeg2dec-0.3.1,libvo/yuv2rgb_mmx,0
mpeg2dec-0.3.1,libvo/yuv2rgb_mlib,0
mpeg2dec-0.3.1,src/getopt,2324
mpeg2dec-0.3.1,src/gettimeofday,0
mpeg2dec-0.3.1,src/extract_mpeg2,2632
mpeg2dec-0.3.1,src/mpeg2dec,3622
mpeg2dec-0.3.1,libmpeg2/idct_alpha,0
mpeg2dec-0.3.1,libmpeg2/cpu_accel,4
mpeg2dec-0.3.1,libmpeg2/motion_comp,3424
mpeg2dec-0.3.1,libmpeg2/motion_comp_alpha,0
mpeg2dec-0.3.1,libmpeg2/cpu_state,2
mpeg2dec-0.3.1,libmpeg2/idct_mmx,0
mpeg2dec-0.3.1,libmpeg2/decode,1888
mpeg2dec-0.3.1,libmpeg2/slice,14484
mpeg2dec-0.3.1,libmpeg2/idct_mlib,0
mpeg2dec-0.3.1,libmpeg2/idct_altivec,0
mpeg2dec-0.3.1,libmpeg2/motion_comp_mlib,0
mpeg2dec-0.3.1,libmpeg2/idct,1356
mpeg2dec-0.3.1,libmpeg2/header,3444
mpeg2dec-0.3.1,libmpeg2/motion_comp_altivec,0
mpeg2dec-0.3.1,libmpeg2/motion_comp_mmx,0
mpeg2dec-0.3.1,libmpeg2/alloc,88
mpgcut-1.1,mpgcut,8731
OpenTCP-1.0.4,bootp/bootp,1016
OpenTCP-1.0.4,system,872
OpenTCP-1.0.4,tcp,4214
OpenTCP-1.0.4,smtp/smtp_client,1508
OpenTCP-1.0.4,smtp/smtpc_callbacks,22
OpenTCP-1.0.4,dns/dns,1064
OpenTCP-1.0.4,icmp,280
OpenTCP-1.0.4,timers,180
OpenTCP-1.0.4,ethernet,1484
OpenTCP-1.0.4,pop3/pop3_client,2567
OpenTCP-1.0.4,pop3/pop3c_callbacks,20
OpenTCP-1.0.4,ip,1420
OpenTCP-1.0.4,udp,1274
OpenTCP-1.0.4,dhcp/dhcpc,1768
OpenTCP-1.0.4,demo/udp_demo,200
OpenTCP-1.0.4,demo/main_demo,212
OpenTCP-1.0.4,demo/tcp_client_demo,292
OpenTCP-1.0.4,demo/tcp_server_demo,256
OpenTCP-1.0.4,tftp/tftps,652
OpenTCP-1.0.4,http/https_callbacks,608
OpenTCP-1.0.4,http/http_server,1072
OpenTCP-1.0.4,arp,1733
replaypc-0.4.0.preproc,dump-addressbook,353
replaypc-0.4.0.preproc,zipcode,343
replaypc-0.4.0.preproc,dump-guide,338
replaypc-0.4.0.preproc,rddnsclient,946
replaypc-0.4.0.preproc,headend,1502
replaypc-0.4.0.preproc,ndx-dump,3352
replaypc-0.4.0.preproc,addressbook,503
replaypc-0.4.0.preproc,rtv,500
replaypc-0.4.0.preproc,ndx,361
replaypc-0.4.0.preproc,dump-cg2,359
replaypc-0.4.0.preproc,dump-filedarray,360
replaypc-0.4.0.preproc,un-protect,1062
replaypc-0.4.0.preproc,dump-programset,457
replaypc-0.4.0.preproc,dump-channelset,252
replaypc-0.4.0.preproc,crypt-test,879
replaypc-0.4.0.preproc,guide,6126
replaypc-0.4.0.preproc,httpfsclient,1594
replaypc-0.4.0.preproc,program,4350
replaypc-0.4.0.preproc,bigfile,136
replaypc-0.4.0.preproc,rtvguide,1398
replaypc-0.4.0.preproc,httpclient,1704
replaypc-0.4.0.preproc,find-GOPs,160
replaypc-0.4.0.preproc,sleep,14
replaypc-0.4.0.preproc,cg,1599
replaypc-0.4.0.preproc,dump-replayshows,218
replaypc-0.4.0.preproc,rddns,449
replaypc-0.4.0.preproc,dump-replaychannels,226
replaypc-0.4.0.preproc,dump-headend,224
replaypc-0.4.0.preproc,channelset,155
replaypc-0.4.0.preproc,crypt,672
replaypc-0.4.0.preproc,mark-commercial,1802
replaypc-0.4.0.preproc,httpfs,5034
replaypc-0.4.0.preproc,filedarray,182
replaypc-0.4.0.preproc,build-ndx,396
replaypc-0.4.0.preproc,version-test,114
replaypc-0.4.0.preproc,dump,1189
replaypc-0.4.0.preproc,dump-zipcode2,196
replaypc-0.4.0.preproc,ReplayPC,3488
replaypc-0.4.0.preproc,guideclient,537
teem-1.6.0-src,src/air/sane,3166
teem-1.6.0-src,src/air/string,828
teem-1.6.0-src,src/air/754,1315
teem-1.6.0-src,src/air/array,452
teem-1.6.0-src,src/air/parseAir,4564
teem-1.6.0-src,src/air/threadAir,861
teem-1.6.0-src,src/air/endianAir,1340
teem-1.6.0-src,src/air/dio,1852
teem-1.6.0-src,src/air/enum,624
teem-1.6.0-src,src/air/miscAir,3628
teem-1.6.0-src,src/air/mop,1367
teem-1.6.0-src,src/air/test/doubleprint,570
teem-1.6.0-src,src/air/test/floatprint,556
teem-1.6.0-src,src/air/test/tline,365
teem-1.6.0-src,src/air/test/fp,1506
teem-1.6.0-src,src/air/test/tmop,539
teem-1.6.0-src,src/air/test/tok,254
teem-1.6.0-src,src/limn/hestLimn,954
teem-1.6.0-src,src/limn/qn,2477
teem-1.6.0-src,src/limn/splineEval,5609
teem-1.6.0-src,src/limn/splineMethods,4355
teem-1.6.0-src,src/limn/renderLimn,2743
teem-1.6.0-src,src/limn/obj,668
teem-1.6.0-src,src/limn/shapes,3268
teem-1.6.0-src,src/limn/methodsLimn,192
teem-1.6.0-src,src/limn/transform,2681
teem-1.6.0-src,src/limn/cam,4714
teem-1.6.0-src,src/limn/light,730
teem-1.6.0-src,src/limn/splineMisc,14198
teem-1.6.0-src,src/limn/env,1052
teem-1.6.0-src,src/limn/io,641
teem-1.6.0-src,src/limn/test/soid,3133
teem-1.6.0-src,src/limn/test/tps,2280
teem-1.6.0-src,src/limn/test/tcam,1148
teem-1.6.0-src,src/limn/test/tbc,1580
teem-1.6.0-src,src/limn/test/tcamanim,3067
teem-1.6.0-src,src/limn/test/light,436
teem-1.6.0-src,src/limn/test/map,260
teem-1.6.0-src,src/limn/test/tspline,1897
teem-1.6.0-src,src/limn/defaultsLimn,13
teem-1.6.0-src,src/bane/gkmsFlotsam,2834
teem-1.6.0-src,src/bane/trex,318
teem-1.6.0-src,src/bane/methodsBane,531
teem-1.6.0-src,src/bane/clip,1367
teem-1.6.0-src,src/bane/gkmsHvol,2686
teem-1.6.0-src,src/bane/gkmsScat,1444
teem-1.6.0-src,src/bane/valid,2146
teem-1.6.0-src,src/bane/gkmsMite,1104
teem-1.6.0-src,src/bane/gkmsOpac,3057
teem-1.6.0-src,src/bane/gkmsTxf,2932
teem-1.6.0-src,src/bane/hvol,6349
teem-1.6.0-src,src/bane/scat,657
teem-1.6.0-src,src/bane/measr,1670
teem-1.6.0-src,src/bane/trnsf,4023
teem-1.6.0-src,src/bane/gkmsPvg,2898
teem-1.6.0-src,src/bane/gkmsInfo,1237
teem-1.6.0-src,src/bane/defaultsBane,29
teem-1.6.0-src,src/bane/test/sigma,141
teem-1.6.0-src,src/bane/test/pos,533
teem-1.6.0-src,src/bane/test/tblah,949
teem-1.6.0-src,src/bane/test/opac,422
teem-1.6.0-src,src/bane/test/tinfo,469
teem-1.6.0-src,src/bane/inc,3605
teem-1.6.0-src,src/bane/rangeBane,1601
teem-1.6.0-src,src/alan/methodsAlan,1924
teem-1.6.0-src,src/alan/coreAlan,3695
teem-1.6.0-src,src/alan/enumsAlan,2480
teem-1.6.0-src,src/alan/test/tspot,859
teem-1.6.0-src,src/echo/sqd,6693
teem-1.6.0-src,src/echo/set,856
teem-1.6.0-src,src/echo/renderEcho,4434
teem-1.6.0-src,src/echo/bounds,5919
teem-1.6.0-src,src/echo/matter,332
teem-1.6.0-src,src/echo/methodsEcho,481
teem-1.6.0-src,src/echo/model,1056
teem-1.6.0-src,src/echo/intx,12862
teem-1.6.0-src,src/echo/enumsEcho,13168
teem-1.6.0-src,src/echo/list,1244
teem-1.6.0-src,src/echo/color,7436
teem-1.6.0-src,src/echo/lightEcho,605
teem-1.6.0-src,src/echo/objmethods,1068
teem-1.6.0-src,src/echo/test/test,850
teem-1.6.0-src,src/echo/test/trend,6461
teem-1.6.0-src,src/nrrd/methodsNrrd,3561
teem-1.6.0-src,src/nrrd/endianNrrd,463
teem-1.6.0-src,src/nrrd/format,592
teem-1.6.0-src,src/nrrd/simple,4075
teem-1.6.0-src,src/nrrd/encodingRaw,1756
teem-1.6.0-src,src/nrrd/encodingGzip,561
teem-1.6.0-src,src/nrrd/range,516
teem-1.6.0-src,src/nrrd/apply1D,7054
teem-1.6.0-src,src/nrrd/histogram,5477
teem-1.6.0-src,src/nrrd/hestNrrd,963
teem-1.6.0-src,src/nrrd/keyvalue,665
teem-1.6.0-src,src/nrrd/measure,7584
teem-1.6.0-src,src/nrrd/formatPNG,626
teem-1.6.0-src,src/nrrd/encoding,584
teem-1.6.0-src,src/nrrd/winKernel,18172
teem-1.6.0-src,src/nrrd/gzio,0
teem-1.6.0-src,src/nrrd/encodingBzip2,494
teem-1.6.0-src,src/nrrd/reorder,7968
teem-1.6.0-src,src/nrrd/cc,9610
teem-1.6.0-src,src/nrrd/write,3670
teem-1.6.0-src,src/nrrd/comment,383
teem-1.6.0-src,src/nrrd/axis,2580
teem-1.6.0-src,src/nrrd/convertNrrd,2718
teem-1.6.0-src,src/nrrd/tmfKernel,110909
teem-1.6.0-src,src/nrrd/arraysNrrd,2368
teem-1.6.0-src,src/nrrd/formatText,2450
teem-1.6.0-src,src/nrrd/formatNRRD,3228
teem-1.6.0-src,src/nrrd/resampleNrrd,5784
teem-1.6.0-src,src/nrrd/enumsNrrd,86276
teem-1.6.0-src,src/nrrd/subset,2276
teem-1.6.0-src,src/nrrd/kernel,22402
teem-1.6.0-src,src/nrrd/defaultsNrrd,659
teem-1.6.0-src,src/nrrd/filt,4946
teem-1.6.0-src,src/nrrd/map,4607
teem-1.6.0-src,src/nrrd/formatPNM,2615
teem-1.6.0-src,src/nrrd/formatVTK,5055
teem-1.6.0-src,src/nrrd/superset,4072
teem-1.6.0-src,src/nrrd/iter,523
teem-1.6.0-src,src/nrrd/read,2463
teem-1.6.0-src,src/nrrd/encodingAscii,1365
teem-1.6.0-src,src/nrrd/encodingHex,1440
teem-1.6.0-src,src/nrrd/test/tread,252
teem-1.6.0-src,src/nrrd/test/typestest,364
teem-1.6.0-src,src/nrrd/test/minmax,268
teem-1.6.0-src,src/nrrd/test/convo,1649
teem-1.6.0-src,src/nrrd/test/tkernel,1683
teem-1.6.0-src,src/nrrd/test/tline,318
teem-1.6.0-src,src/nrrd/test/trand,141
teem-1.6.0-src,src/nrrd/test/kv,331
teem-1.6.0-src,src/nrrd/test/ax,2859
teem-1.6.0-src,src/nrrd/test/io,345
teem-1.6.0-src,src/nrrd/test/quadvol,1569
teem-1.6.0-src,src/nrrd/test/genvol,1483
teem-1.6.0-src,src/nrrd/ccmethods,1012
teem-1.6.0-src,src/nrrd/parseNrrd,5230
teem-1.6.0-src,src/nrrd/accessors,5975
teem-1.6.0-src,src/nrrd/formatEPS,2229
teem-1.6.0-src,src/nrrd/arith,4859
teem-1.6.0-src,src/hoover/defaultsHoover,19
teem-1.6.0-src,src/hoover/rays,3295
teem-1.6.0-src,src/hoover/stub,44
teem-1.6.0-src,src/hoover/methodsHoover,1622
teem-1.6.0-src,src/hest/methodsHest,1897
teem-1.6.0-src,src/hest/usage,2274
teem-1.6.0-src,src/hest/parseHest,10586
teem-1.6.0-src,src/hest/defaultsHest,12
teem-1.6.0-src,src/hest/test/strings,1091
teem-1.6.0-src,src/hest/test/ex0,401
teem-1.6.0-src,src/hest/test/ex3,1422
teem-1.6.0-src,src/hest/test/bday,966
teem-1.6.0-src,src/hest/test/ex5,729
teem-1.6.0-src,src/hest/test/ex4,1040
teem-1.6.0-src,src/hest/test/ex2,924
teem-1.6.0-src,src/hest/test/ex1,1019
teem-1.6.0-src,src/biff/test/test,212
teem-1.6.0-src,src/biff/biff,2123
teem-1.6.0-src,src/ten/tendShrink,896
teem-1.6.0-src,src/ten/tendSim,1292
teem-1.6.0-src,src/ten/defaultsTen,64
teem-1.6.0-src,src/ten/mod,2505
teem-1.6.0-src,src/ten/tendEvec,1558
teem-1.6.0-src,src/ten/tendMake,917
teem-1.6.0-src,src/ten/tendPoint,1480
teem-1.6.0-src,src/ten/chan,7541
teem-1.6.0-src,src/ten/tendAnhist,1111
teem-1.6.0-src,src/ten/tendEllipse,2309
teem-1.6.0-src,src/ten/tendSatin,4964
teem-1.6.0-src,src/ten/tendEpireg,4344
teem-1.6.0-src,src/ten/tendEvq,2117
teem-1.6.0-src,src/ten/tendEvaladd,924
teem-1.6.0-src,src/ten/tendSlice,945
teem-1.6.0-src,src/ten/tendEvalclamp,1212
teem-1.6.0-src,src/ten/glyph,4351
teem-1.6.0-src,src/ten/tendBmat,1289
teem-1.6.0-src,src/ten/tendAnplot,1593
teem-1.6.0-src,src/ten/tensor,5710
teem-1.6.0-src,src/ten/fiber,4062
teem-1.6.0-src,src/ten/tenGage,3253
teem-1.6.0-src,src/ten/tendSten,1278
teem-1.6.0-src,src/ten/tendFiber,2488
teem-1.6.0-src,src/ten/enumsTen,26184
teem-1.6.0-src,src/ten/tendEval,1516
teem-1.6.0-src,src/ten/tendEvecrgb,1827
teem-1.6.0-src,src/ten/tendEstim,3737
teem-1.6.0-src,src/ten/tendFlotsam,1238
teem-1.6.0-src,src/ten/tendGlyph,6392
teem-1.6.0-src,src/ten/fiberMethods,2377
teem-1.6.0-src,src/ten/miscTen,3133
teem-1.6.0-src,src/ten/tendNorm,1225
teem-1.6.0-src,src/ten/tendAnscale,1323
teem-1.6.0-src,src/ten/tendAnvol,1437
teem-1.6.0-src,src/ten/aniso,3159
teem-1.6.0-src,src/ten/tendEvalpow,835
teem-1.6.0-src,src/ten/test/tg,2263
teem-1.6.0-src,src/ten/test/tem,984
teem-1.6.0-src,src/ten/test/tt,2542
teem-1.6.0-src,src/ten/bimod,5417
teem-1.6.0-src,src/ten/tendExpand,1392
teem-1.6.0-src,src/ten/epireg,11999
teem-1.6.0-src,src/moss/hestMoss,1006
teem-1.6.0-src,src/moss/methodsMoss,896
teem-1.6.0-src,src/moss/sampler,1985
teem-1.6.0-src,src/moss/xform,2878
teem-1.6.0-src,src/moss/defaultsMoss,17
teem-1.6.0-src,src/moss/test/invert,288
teem-1.6.0-src,src/unrrdu/gamma,1274
teem-1.6.0-src,src/unrrdu/ccsettle,1010
teem-1.6.0-src,src/unrrdu/axsplit,1076
teem-1.6.0-src,src/unrrdu/swap,813
teem-1.6.0-src,src/unrrdu/unquantize,1103
teem-1.6.0-src,src/unrrdu/flotsam,2506
teem-1.6.0-src,src/unrrdu/imap,2382
teem-1.6.0-src,src/unrrdu/jhisto,2525
teem-1.6.0-src,src/unrrdu/join,1420
teem-1.6.0-src,src/unrrdu/data,1244
teem-1.6.0-src,src/unrrdu/block,1082
teem-1.6.0-src,src/unrrdu/cmedian,2428
teem-1.6.0-src,src/unrrdu/ccadj,1121
teem-1.6.0-src,src/unrrdu/inset,1293
teem-1.6.0-src,src/unrrdu/resample,3290
teem-1.6.0-src,src/unrrdu/unblock,1094
teem-1.6.0-src,src/unrrdu/minmax,1050
teem-1.6.0-src,src/unrrdu/project,1829
teem-1.6.0-src,src/unrrdu/head,1338
teem-1.6.0-src,src/unrrdu/permute,965
teem-1.6.0-src,src/unrrdu/ccmerge,2555
teem-1.6.0-src,src/unrrdu/1op,1611
teem-1.6.0-src,src/unrrdu/ccfind,1657
teem-1.6.0-src,src/unrrdu/lut,1989
teem-1.6.0-src,src/unrrdu/crop,1352
teem-1.6.0-src,src/unrrdu/rmap,2429
teem-1.6.0-src,src/unrrdu/axdelete,1370
teem-1.6.0-src,src/unrrdu/histo,1422
teem-1.6.0-src,src/unrrdu/flip,774
teem-1.6.0-src,src/unrrdu/convert,1108
teem-1.6.0-src,src/unrrdu/slice,1193
teem-1.6.0-src,src/unrrdu/2op,2106
teem-1.6.0-src,src/unrrdu/dice,1662
teem-1.6.0-src,src/unrrdu/save,2650
teem-1.6.0-src,src/unrrdu/3op,2216
teem-1.6.0-src,src/unrrdu/axinfo,1325
teem-1.6.0-src,src/unrrdu/axmerge,1279
teem-1.6.0-src,src/unrrdu/histax,1247
teem-1.6.0-src,src/unrrdu/pad,1704
teem-1.6.0-src,src/unrrdu/dhisto,1278
teem-1.6.0-src,src/unrrdu/reshape,942
teem-1.6.0-src,src/unrrdu/shuffle,1580
teem-1.6.0-src,src/unrrdu/axinsert,1045
teem-1.6.0-src,src/unrrdu/splice,1317
teem-1.6.0-src,src/unrrdu/make,6138
teem-1.6.0-src,src/unrrdu/quantize,1550
teem-1.6.0-src,src/unrrdu/about,2707
teem-1.6.0-src,src/unrrdu/heq,2009
teem-1.6.0-src,src/mite/renderMite,1033
teem-1.6.0-src,src/mite/ray,3702
teem-1.6.0-src,src/mite/txf,7019
teem-1.6.0-src,src/mite/thread,254
teem-1.6.0-src,src/mite/user,779
teem-1.6.0-src,src/mite/defaultsMite,37
teem-1.6.0-src,src/hex/dehex,1223
teem-1.6.0-src,src/hex/enhex,709
teem-1.6.0-src,src/dye/methodsDye,1910
teem-1.6.0-src,src/dye/test/bow,554
teem-1.6.0-src,src/dye/test/conv,352
teem-1.6.0-src,src/dye/convertDye,3140
teem-1.6.0-src,src/gage/sclprint,881
teem-1.6.0-src,src/gage/vecGage,13452
teem-1.6.0-src,src/gage/sclfilter,8929
teem-1.6.0-src,src/gage/scl,19232
teem-1.6.0-src,src/gage/update,4148
teem-1.6.0-src,src/gage/ctx,4048
teem-1.6.0-src,src/gage/print,5345
teem-1.6.0-src,src/gage/filter,3011
teem-1.6.0-src,src/gage/st,2919
teem-1.6.0-src,src/gage/sclanswer,6461
teem-1.6.0-src,src/gage/vecprint,52
teem-1.6.0-src,src/gage/defaultsGage,53
teem-1.6.0-src,src/gage/pvl,1303
teem-1.6.0-src,src/gage/miscGage,5183
teem-1.6.0-src,src/gage/shape,2836
teem-1.6.0-src,src/ell/miscEll,975
teem-1.6.0-src,src/ell/genmat,2815
teem-1.6.0-src,src/ell/vecEll,1464
teem-1.6.0-src,src/ell/eigen,4324
teem-1.6.0-src,src/ell/quat,14658
teem-1.6.0-src,src/ell/cubicEll,1988
teem-1.6.0-src,src/ell/mat,24378
teem-1.6.0-src,src/ell/test/sort3,626
teem-1.6.0-src,src/ell/test/invert,617
teem-1.6.0-src,src/ell/test/tq,5175
ttt-0.10.1.preproc,src/engine,1528
ttt-0.10.1.preproc,src/parse,1027
ttt-0.10.1.preproc,src/main,909
ttt-0.10.1.preproc,src/util,1700
ttt-0.10.1.preproc,src/ttt,4337
ttt-0.10.1.preproc,src/connect4,2797
unrarlib-0.4.0,samples/unix/getfile/getfile,729
unrarlib-0.4.0,samples/unix/listarchive/listarchive,906
unrarlib-0.4.0,unrarlib/unrarlib,9512
zlib-1.1.4,compress,114
zlib-1.1.4,crc32,1232
zlib-1.1.4,zutil,211
zlib-1.1.4,inffast,818
zlib-1.1.4,uncompr,94
zlib-1.1.4,adler32,200
zlib-1.1.4,deflate,4204
zlib-1.1.4,inftrees,6277
zlib-1.1.4,gzio,2591
zlib-1.1.4,trees,7620
zlib-1.1.4,inflate,1335
zlib-1.1.4,infutil,258
zlib-1.1.4,infblock,2226
zlib-1.1.4,infcodes,1370
