time
"2",,"","","","","arm-none-eabi-gcc (GCC) 4.9.3"
"","-Os -std=gnu89 -mcpu=cortex-m0"
bzip2-1.0.2,bzip2,0.29,0.35,0.36
bzip2-1.0.2,compress,0.36,0.38,0.40
bzip2-1.0.2,blocksort,0.25,0.29,0.30
bzip2-1.0.2,decompress,0.34,0.35,0.42
bzip2-1.0.2,bzip2recover,0.12,0.15,0.16
bzip2-1.0.2,randtable,0.03,0.03,0.03
bzip2-1.0.2,crctable,0.02,0.02,0.02
bzip2-1.0.2,bzlib,0.30,0.31,0.31
bzip2-1.0.2,huffman,0.05,0.06,0.07
cg_compiler_opensrc,tokenize,0.03,0.04,0.05
cg_compiler_opensrc,support_iter,0.06,0.06,0.08
cg_compiler_opensrc,check,0.10,0.14,0.14
cg_compiler_opensrc,hal,0.10,0.16,0.17
cg_compiler_opensrc,constfold,0.14,0.22,0.22
cg_compiler_opensrc,cpp,0.21,0.22,0.30
cg_compiler_opensrc,symbols,0.20,0.20,0.21
cg_compiler_opensrc,compile,0.40,0.42,0.43
cg_compiler_opensrc,atom,0.10,0.11,0.16
cg_compiler_opensrc,scanner,0.18,0.24,0.25
cg_compiler_opensrc,semantic,0.10,0.13,0.16
cg_compiler_opensrc,support,0.54,0.58,0.59
cg_compiler_opensrc,cgcmain,0.06,0.06,0.06
cg_compiler_opensrc,printutils,0.20,0.20,0.25
cg_compiler_opensrc,binding,0.06,0.06,0.06
cg_compiler_opensrc,memory,0.04,0.06,0.06
cg_compiler_opensrc,tokens,0.08,0.09,0.11
cg_compiler_opensrc,inline,0.07,0.08,0.12
cg_compiler_opensrc,cgstruct,0.02,0.02,0.02
cg_compiler_opensrc,stdlib,0.02,0.03,0.04
cg_compiler_opensrc,parser,0.17,0.22,0.25
cg_compiler_opensrc,generic_hal,0.10,0.10,0.10
compiler,main,0.07,0.11,0.11
compiler,scanner,0.11,0.14,0.14
compiler,vas,0.16,0.16,0.17
compiler,vam,0.14,0.16,0.16
compiler,parser,0.11,0.14,0.17
compiler,cg,0.08,0.09,0.12
flex-2.5.31,yylex,0.07,0.07,0.08
flex-2.5.31,skel,0.05,0.08,0.08
flex-2.5.31,dfa,0.20,0.21,0.27
flex-2.5.31,libmain,0.00,0.01,0.01
flex-2.5.31,main,0.29,0.34,0.34
flex-2.5.31,gen,0.34,0.36,0.40
flex-2.5.31,ccl,0.06,0.09,0.10
flex-2.5.31,buf,0.05,0.05,0.08
flex-2.5.31,regex,0.06,0.06,0.07
flex-2.5.31,ecs,0.04,0.05,0.07
flex-2.5.31,options,0.02,0.02,0.04
flex-2.5.31,nfa,0.10,0.12,0.15
flex-2.5.31,tables_shared,0.00,0.02,0.02
flex-2.5.31,scanopt,0.13,0.13,0.20
flex-2.5.31,parse,0.21,0.26,0.28
flex-2.5.31,scan,0.69,0.75,0.76
flex-2.5.31,filter,0.07,0.10,0.10
flex-2.5.31,sym,0.06,0.08,0.09
flex-2.5.31,tables,0.08,0.08,0.08
flex-2.5.31,misc,0.17,0.24,0.24
flex-2.5.31,libyywrap,0.01,0.01,0.01
flex-2.5.31,tblcmp,0.13,0.19,0.20
jikespg-1.3,src/resolve,0.37,0.38,0.45
jikespg-1.3,src/spacetab,0.55,0.61,0.62
jikespg-1.3,src/ptables,0.10,0.12,0.16
jikespg-1.3,src/produce,0.37,0.38,0.44
jikespg-1.3,src/timetab,0.27,0.34,0.34
jikespg-1.3,src/remsp,0.28,0.28,0.29
jikespg-1.3,src/lpgutil,0.18,0.22,0.23
jikespg-1.3,src/main,0.08,0.12,0.14
jikespg-1.3,src/prntstat,0.12,0.14,0.18
jikespg-1.3,src/tabutil,0.38,0.41,0.42
jikespg-1.3,src/ctabs,0.64,0.68,0.68
jikespg-1.3,src/mkred,0.22,0.26,0.28
jikespg-1.3,src/mkfirst,0.43,0.44,0.50
jikespg-1.3,src/partset,0.10,0.10,0.10
jikespg-1.3,src/lpgparse,0.98,1.04,1.12
jikespg-1.3,src/globals,0.01,0.01,0.01
jikespg-1.3,src/mkstates,0.11,0.13,0.17
jpeg-6b,wrbmp,0.11,0.12,0.12
jpeg-6b,rdbmp,0.08,0.13,0.14
jpeg-6b,jquant1,0.18,0.18,0.19
jpeg-6b,wrppm,0.08,0.08,0.08
jpeg-6b,jdmarker,0.22,0.23,0.25
jpeg-6b,rdgif,0.01,0.02,0.02
jpeg-6b,jddctmgr,0.04,0.08,0.08
jpeg-6b,jdapistd,0.04,0.05,0.05
jpeg-6b,jcparam,0.11,0.13,0.15
jpeg-6b,jdsample,0.13,0.13,0.14
jpeg-6b,jccoefct,0.08,0.12,0.12
jpeg-6b,jdapimin,0.05,0.06,0.06
jpeg-6b,jcmaster,0.14,0.18,0.18
jpeg-6b,jdmaster,0.07,0.07,0.08
jpeg-6b,jfdctint,0.04,0.05,0.06
jpeg-6b,jcapistd,0.03,0.03,0.06
jpeg-6b,jcmainct,0.03,0.04,0.06
jpeg-6b,jfdctflt,0.03,0.04,0.04
jpeg-6b,rdppm,0.08,0.10,0.14
jpeg-6b,jdinput,0.06,0.06,0.07
jpeg-6b,ansi2knr,0.09,0.15,0.15
jpeg-6b,transupp,0.22,0.26,0.28
jpeg-6b,jcprepct,0.06,0.06,0.06
jpeg-6b,wrgif,0.15,0.18,0.19
jpeg-6b,jcmarker,0.09,0.09,0.13
jpeg-6b,jdphuff,0.11,0.11,0.12
jpeg-6b,cjpeg,0.09,0.13,0.13
jpeg-6b,jmemnobs,0.02,0.03,0.04
jpeg-6b,jdcolor,0.07,0.11,0.12
jpeg-6b,jdatasrc,0.02,0.02,0.03
jpeg-6b,wrtarga,0.06,0.08,0.10
jpeg-6b,jcinit,0.03,0.04,0.05
jpeg-6b,jcomapi,0.04,0.05,0.05
jpeg-6b,jdatadst,0.03,0.05,0.06
jpeg-6b,jquant2,0.20,0.22,0.24
jpeg-6b,jcapimin,0.04,0.05,0.05
jpeg-6b,rdtarga,0.08,0.14,0.14
jpeg-6b,jdcoefct,0.13,0.13,0.14
jpeg-6b,jidctint,0.07,0.08,0.09
jpeg-6b,rdrle,0.02,0.02,0.02
jpeg-6b,jctrans,0.09,0.11,0.11
jpeg-6b,jidctred,0.08,0.11,0.13
jpeg-6b,jchuff,0.14,0.21,0.22
jpeg-6b,jcdctmgr,0.06,0.08,0.10
jpeg-6b,rdjpgcom,0.08,0.12,0.12
jpeg-6b,wrjpgcom,0.08,0.09,0.12
jpeg-6b,djpeg,0.08,0.09,0.09
jpeg-6b,jerror,0.03,0.03,0.03
jpeg-6b,rdcolmap,0.06,0.10,0.12
jpeg-6b,jpegtran,0.08,0.12,0.12
jpeg-6b,jcsample,0.10,0.14,0.14
jpeg-6b,jmemmgr,0.12,0.12,0.12
jpeg-6b,jdmainct,0.06,0.07,0.11
jpeg-6b,jccolor,0.09,0.11,0.12
jpeg-6b,jcphuff,0.14,0.17,0.17
jpeg-6b,jdmerge,0.07,0.10,0.10
jpeg-6b,rdswitch,0.06,0.07,0.07
jpeg-6b,jdhuff,0.10,0.10,0.11
jpeg-6b,wrrle,0.01,0.01,0.01
jpeg-6b,cdjpeg,0.02,0.02,0.02
jpeg-6b,jidctflt,0.07,0.09,0.10
jpeg-6b,jfdctfst,0.02,0.03,0.03
jpeg-6b,jutils,0.02,0.03,0.03
jpeg-6b,jdtrans,0.02,0.03,0.03
jpeg-6b,jdpostct,0.05,0.05,0.07
jpeg-6b,jidctfst,0.07,0.08,0.10
libmspack,mspack/kwajc,0.01,0.01,0.01
libmspack,mspack/mszipd,0.01,0.01,0.01
libmspack,mspack/cabd,0.24,0.26,0.26
libmspack,mspack/lzxc,0.02,0.02,0.02
libmspack,mspack/litc,0.02,0.02,0.03
libmspack,mspack/qtmc,0.00,0.00,0.01
libmspack,mspack/chmc,0.00,0.01,0.01
libmspack,mspack/kwajd,0.01,0.02,0.02
libmspack,mspack/litd,0.01,0.02,0.03
libmspack,mspack/system,0.08,0.09,0.09
libmspack,mspack/cabc,0.00,0.01,0.02
libmspack,mspack/hlpc,0.02,0.02,0.02
libmspack,mspack/lzxd,0.32,0.33,0.34
libmspack,mspack/szddd,0.02,0.02,0.02
libmspack,mspack/qtmd,0.18,0.20,0.27
libmspack,mspack/hlpd,0.01,0.02,0.03
libmspack,mspack/chmd,0.13,0.19,0.20
libmspack,mspack/mszipc,0.00,0.00,0.01
libmspack,mspack/szddc,0.01,0.02,0.02
libmspack,test/md5,0.08,0.08,0.16
libmspack,test/cabextract_md5,0.75,0.76,0.80
libmspack,test/cabd_test,0.14,0.17,0.18
libmspack,test/cabd_md5,0.04,0.05,0.07
libmspack,test/cabrip,0.04,0.05,0.06
libmspack,test/chmd_md5,0.03,0.03,0.04
libpng-1.2.5,pngwrite,0.18,0.19,0.20
libpng-1.2.5,pngrutil,0.38,0.43,0.46
libpng-1.2.5,pngpread,0.22,0.27,0.28
libpng-1.2.5,pngget,0.14,0.22,0.23
libpng-1.2.5,pngwio,0.03,0.03,0.05
libpng-1.2.5,pngwutil,0.37,0.41,0.43
libpng-1.2.5,png,0.10,0.10,0.10
libpng-1.2.5,pngtest,0.15,0.20,0.20
libpng-1.2.5,pngrtran,0.65,0.66,0.67
libpng-1.2.5,pngerror,0.08,0.11,0.11
libpng-1.2.5,pngset,0.18,0.24,0.25
libpng-1.2.5,pngmem,0.06,0.08,0.10
libpng-1.2.5,pngtrans,0.08,0.13,0.14
libpng-1.2.5,png2pnm,0.08,0.11,0.12
libpng-1.2.5,pnm2png,0.08,0.08,0.08
libpng-1.2.5,pngwtran,0.12,0.14,0.15
libpng-1.2.5,pngread,0.18,0.19,0.22
libpng-1.2.5,pngrio,0.03,0.04,0.05
linux-2.4.23-pre3-testplatform,arch/testplatform/mm/fault,0.06,0.08,0.09
linux-2.4.23-pre3-testplatform,arch/testplatform/mm/ioremap,0.06,0.09,0.10
linux-2.4.23-pre3-testplatform,arch/testplatform/mm/extable,0.04,0.06,0.07
linux-2.4.23-pre3-testplatform,arch/testplatform/mm/init,0.10,0.11,0.15
linux-2.4.23-pre3-testplatform,arch/testplatform/lib/delay,0.04,0.04,0.05
linux-2.4.23-pre3-testplatform,arch/testplatform/lib/strcmp,0.01,0.01,0.01
linux-2.4.23-pre3-testplatform,arch/testplatform/lib/uaccess,0.01,0.02,0.02
linux-2.4.23-pre3-testplatform,arch/testplatform/lib/strncpy,0.01,0.01,0.01
linux-2.4.23-pre3-testplatform,arch/testplatform/lib/memcpy,0.01,0.01,0.01
linux-2.4.23-pre3-testplatform,arch/testplatform/lib/misaligned,0.02,0.02,0.02
linux-2.4.23-pre3-testplatform,arch/testplatform/lib/memset,0.00,0.02,0.02
linux-2.4.23-pre3-testplatform,arch/testplatform/lib/checksum,0.03,0.03,0.05
linux-2.4.23-pre3-testplatform,arch/testplatform/kernel/irq,0.04,0.04,0.06
linux-2.4.23-pre3-testplatform,arch/testplatform/kernel/s390fpu,0.04,0.06,0.07
linux-2.4.23-pre3-testplatform,arch/testplatform/kernel/init_task,0.04,0.06,0.06
linux-2.4.23-pre3-testplatform,arch/testplatform/kernel/ptrace,0.08,0.10,0.12
linux-2.4.23-pre3-testplatform,arch/testplatform/kernel/head,0.01,0.01,0.01
linux-2.4.23-pre3-testplatform,arch/testplatform/kernel/sys_s390,0.06,0.06,0.09
linux-2.4.23-pre3-testplatform,arch/testplatform/kernel/bitmap,0.00,0.00,0.01
linux-2.4.23-pre3-testplatform,arch/testplatform/kernel/ebcdic,0.00,0.01,0.01
linux-2.4.23-pre3-testplatform,arch/testplatform/kernel/cpcmd,0.01,0.01,0.01
linux-2.4.23-pre3-testplatform,arch/testplatform/kernel/time,0.03,0.06,0.06
linux-2.4.23-pre3-testplatform,arch/testplatform/kernel/entry,0.02,0.02,0.03
linux-2.4.23-pre3-testplatform,arch/testplatform/kernel/s390_ext,0.05,0.06,0.08
linux-2.4.23-pre3-testplatform,arch/testplatform/kernel/traps,0.17,0.18,0.20
linux-2.4.23-pre3-testplatform,arch/testplatform/kernel/setup,0.10,0.12,0.15
linux-2.4.23-pre3-testplatform,arch/testplatform/kernel/debug,0.15,0.16,0.23
linux-2.4.23-pre3-testplatform,arch/testplatform/kernel/semaphore,0.03,0.04,0.06
linux-2.4.23-pre3-testplatform,arch/testplatform/kernel/needed,0.00,0.01,0.01
linux-2.4.23-pre3-testplatform,arch/testplatform/kernel/reipl,0.01,0.01,0.01
linux-2.4.23-pre3-testplatform,arch/testplatform/kernel/process,0.06,0.06,0.08
linux-2.4.23-pre3-testplatform,arch/testplatform/kernel/signal,0.16,0.17,0.18
linux-2.4.23-pre3-testplatform,fs/read_write,0.12,0.16,0.17
linux-2.4.23-pre3-testplatform,fs/pipe,0.11,0.16,0.18
linux-2.4.23-pre3-testplatform,fs/char_dev,0.07,0.09,0.10
linux-2.4.23-pre3-testplatform,fs/partitions/msdos,0.10,0.11,0.13
linux-2.4.23-pre3-testplatform,fs/partitions/check,0.09,0.10,0.15
linux-2.4.23-pre3-testplatform,fs/readdir,0.08,0.09,0.12
linux-2.4.23-pre3-testplatform,fs/dcache,0.21,0.22,0.24
linux-2.4.23-pre3-testplatform,fs/attr,0.05,0.05,0.10
linux-2.4.23-pre3-testplatform,fs/filesystems,0.03,0.05,0.06
linux-2.4.23-pre3-testplatform,fs/quota,0.10,0.11,0.16
linux-2.4.23-pre3-testplatform,fs/ioctl,0.05,0.05,0.07
linux-2.4.23-pre3-testplatform,fs/dnotify,0.06,0.09,0.10
linux-2.4.23-pre3-testplatform,fs/nfsd/stats,0.04,0.06,0.06
linux-2.4.23-pre3-testplatform,fs/nfsd/nfs3xdr,0.24,0.26,0.27
linux-2.4.23-pre3-testplatform,fs/nfsd/nfs3proc,0.16,0.16,0.18
linux-2.4.23-pre3-testplatform,fs/nfsd/nfsctl,0.07,0.08,0.10
linux-2.4.23-pre3-testplatform,fs/nfsd/export,0.23,0.24,0.26
linux-2.4.23-pre3-testplatform,fs/nfsd/nfscache,0.07,0.08,0.10
linux-2.4.23-pre3-testplatform,fs/nfsd/nfssvc,0.07,0.07,0.10
linux-2.4.23-pre3-testplatform,fs/nfsd/nfsproc,0.12,0.12,0.17
linux-2.4.23-pre3-testplatform,fs/nfsd/nfsxdr,0.11,0.17,0.18
linux-2.4.23-pre3-testplatform,fs/nfsd/auth,0.05,0.06,0.07
linux-2.4.23-pre3-testplatform,fs/nfsd/nfsfh,0.15,0.15,0.23
linux-2.4.23-pre3-testplatform,fs/nfsd/lockd,0.05,0.08,0.08
linux-2.4.23-pre3-testplatform,fs/nfsd/vfs,0.24,0.30,0.33
linux-2.4.23-pre3-testplatform,fs/xattr,0.09,0.12,0.12
linux-2.4.23-pre3-testplatform,fs/ramfs/inode,0.09,0.10,0.11
linux-2.4.23-pre3-testplatform,fs/file_table,0.07,0.12,0.12
linux-2.4.23-pre3-testplatform,fs/namei,0.33,0.38,0.40
linux-2.4.23-pre3-testplatform,fs/exec,0.21,0.25,0.25
linux-2.4.23-pre3-testplatform,fs/fcntl,0.08,0.13,0.13
linux-2.4.23-pre3-testplatform,fs/open,0.16,0.20,0.24
linux-2.4.23-pre3-testplatform,fs/locks,0.28,0.34,0.34
linux-2.4.23-pre3-testplatform,fs/bad_inode,0.04,0.06,0.07
linux-2.4.23-pre3-testplatform,fs/stat,0.08,0.10,0.11
linux-2.4.23-pre3-testplatform,fs/nfs/nfs2xdr,0.12,0.12,0.18
linux-2.4.23-pre3-testplatform,fs/nfs/nfs3xdr,0.22,0.24,0.26
linux-2.4.23-pre3-testplatform,fs/nfs/nfs3proc,0.11,0.12,0.20
linux-2.4.23-pre3-testplatform,fs/nfs/read,0.10,0.10,0.13
linux-2.4.23-pre3-testplatform,fs/nfs/flushd,0.05,0.07,0.10
linux-2.4.23-pre3-testplatform,fs/nfs/pagelist,0.13,0.16,0.17
linux-2.4.23-pre3-testplatform,fs/nfs/proc,0.08,0.12,0.13
linux-2.4.23-pre3-testplatform,fs/nfs/dir,0.17,0.20,0.20
linux-2.4.23-pre3-testplatform,fs/nfs/symlink,0.07,0.07,0.10
linux-2.4.23-pre3-testplatform,fs/nfs/unlink,0.08,0.11,0.12
linux-2.4.23-pre3-testplatform,fs/nfs/inode,0.21,0.26,0.26
linux-2.4.23-pre3-testplatform,fs/nfs/file,0.08,0.09,0.10
linux-2.4.23-pre3-testplatform,fs/nfs/write,0.21,0.27,0.28
linux-2.4.23-pre3-testplatform,fs/lockd/xdr4,0.13,0.14,0.21
linux-2.4.23-pre3-testplatform,fs/lockd/svc,0.08,0.11,0.12
linux-2.4.23-pre3-testplatform,fs/lockd/clntproc,0.11,0.11,0.17
linux-2.4.23-pre3-testplatform,fs/lockd/svcsubs,0.08,0.11,0.12
linux-2.4.23-pre3-testplatform,fs/lockd/svclock,0.10,0.11,0.14
linux-2.4.23-pre3-testplatform,fs/lockd/lockd_syms,0.00,0.00,0.01
linux-2.4.23-pre3-testplatform,fs/lockd/mon,0.06,0.09,0.11
linux-2.4.23-pre3-testplatform,fs/lockd/xdr,0.14,0.20,0.22
linux-2.4.23-pre3-testplatform,fs/lockd/clntlock,0.06,0.06,0.07
linux-2.4.23-pre3-testplatform,fs/lockd/svc4proc,0.15,0.15,0.16
linux-2.4.23-pre3-testplatform,fs/lockd/host,0.11,0.14,0.15
linux-2.4.23-pre3-testplatform,fs/lockd/svcproc,0.11,0.15,0.16
linux-2.4.23-pre3-testplatform,fs/lockd/svcshare,0.04,0.04,0.07
linux-2.4.23-pre3-testplatform,fs/devices,0.10,0.10,0.11
linux-2.4.23-pre3-testplatform,fs/jbd/revoke,0.12,0.14,0.16
linux-2.4.23-pre3-testplatform,fs/jbd/commit,0.11,0.11,0.19
linux-2.4.23-pre3-testplatform,fs/jbd/transaction,0.24,0.31,0.32
linux-2.4.23-pre3-testplatform,fs/jbd/journal,0.23,0.26,0.28
linux-2.4.23-pre3-testplatform,fs/jbd/checkpoint,0.09,0.12,0.15
linux-2.4.23-pre3-testplatform,fs/jbd/recovery,0.09,0.09,0.12
linux-2.4.23-pre3-testplatform,fs/binfmt_script,0.05,0.07,0.08
linux-2.4.23-pre3-testplatform,fs/iobuf,0.09,0.13,0.13
linux-2.4.23-pre3-testplatform,fs/buffer,0.43,0.48,0.50
linux-2.4.23-pre3-testplatform,fs/binfmt_elf,0.05,0.08,0.08
linux-2.4.23-pre3-testplatform,fs/fifo,0.05,0.06,0.08
linux-2.4.23-pre3-testplatform,fs/select,0.11,0.11,0.12
linux-2.4.23-pre3-testplatform,fs/inode,0.21,0.26,0.27
linux-2.4.23-pre3-testplatform,fs/super,0.15,0.15,0.23
linux-2.4.23-pre3-testplatform,fs/block_dev,0.20,0.22,0.24
linux-2.4.23-pre3-testplatform,fs/file,0.08,0.11,0.12
linux-2.4.23-pre3-testplatform,fs/namespace,0.21,0.27,0.28
linux-2.4.23-pre3-testplatform,fs/seq_file,0.14,0.16,0.18
linux-2.4.23-pre3-testplatform,fs/ext3/ialloc,0.15,0.15,0.19
linux-2.4.23-pre3-testplatform,fs/ext3/ioctl,0.07,0.09,0.10
linux-2.4.23-pre3-testplatform,fs/ext3/bitmap,0.02,0.02,0.02
linux-2.4.23-pre3-testplatform,fs/ext3/balloc,0.13,0.16,0.18
linux-2.4.23-pre3-testplatform,fs/ext3/namei,0.22,0.22,0.25
linux-2.4.23-pre3-testplatform,fs/ext3/dir,0.06,0.10,0.11
linux-2.4.23-pre3-testplatform,fs/ext3/symlink,0.04,0.05,0.06
linux-2.4.23-pre3-testplatform,fs/ext3/inode,0.36,0.36,0.44
linux-2.4.23-pre3-testplatform,fs/ext3/super,0.28,0.35,0.36
linux-2.4.23-pre3-testplatform,fs/ext3/fsync,0.06,0.07,0.08
linux-2.4.23-pre3-testplatform,fs/ext3/file,0.08,0.09,0.09
linux-2.4.23-pre3-testplatform,mm/page_alloc,0.16,0.16,0.23
linux-2.4.23-pre3-testplatform,mm/slab,0.14,0.20,0.22
linux-2.4.23-pre3-testplatform,mm/numa,0.02,0.04,0.04
linux-2.4.23-pre3-testplatform,mm/filemap,0.45,0.45,0.51
linux-2.4.23-pre3-testplatform,mm/swapfile,0.27,0.29,0.30
linux-2.4.23-pre3-testplatform,mm/mprotect,0.08,0.09,0.10
linux-2.4.23-pre3-testplatform,mm/mremap,0.10,0.14,0.15
linux-2.4.23-pre3-testplatform,mm/mmap,0.18,0.26,0.26
linux-2.4.23-pre3-testplatform,mm/swap_state,0.10,0.12,0.12
linux-2.4.23-pre3-testplatform,mm/mlock,0.08,0.11,0.13
linux-2.4.23-pre3-testplatform,mm/vmalloc,0.15,0.15,0.16
linux-2.4.23-pre3-testplatform,mm/vmscan,0.12,0.18,0.20
linux-2.4.23-pre3-testplatform,mm/memory,0.29,0.31,0.32
linux-2.4.23-pre3-testplatform,mm/oom_kill,0.05,0.05,0.08
linux-2.4.23-pre3-testplatform,mm/shmem,0.28,0.30,0.32
linux-2.4.23-pre3-testplatform,mm/page_io,0.04,0.08,0.10
linux-2.4.23-pre3-testplatform,mm/bootmem,0.08,0.12,0.13
linux-2.4.23-pre3-testplatform,mm/swap,0.06,0.08,0.08
linux-2.4.23-pre3-testplatform,lib/zlib_inflate/infutil,0.01,0.02,0.03
linux-2.4.23-pre3-testplatform,lib/zlib_inflate/inffast,0.05,0.07,0.08
linux-2.4.23-pre3-testplatform,lib/zlib_inflate/inflate_syms,0.01,0.01,0.02
linux-2.4.23-pre3-testplatform,lib/zlib_inflate/inflate,0.14,0.14,0.15
linux-2.4.23-pre3-testplatform,lib/zlib_inflate/infcodes,0.12,0.13,0.13
linux-2.4.23-pre3-testplatform,lib/zlib_inflate/inftrees,0.06,0.12,0.12
linux-2.4.23-pre3-testplatform,lib/zlib_inflate/infblock,0.10,0.10,0.14
linux-2.4.23-pre3-testplatform,lib/rwsem-spinlock,0.06,0.07,0.09
linux-2.4.23-pre3-testplatform,lib/cmdline,0.02,0.04,0.04
linux-2.4.23-pre3-testplatform,lib/string,0.05,0.06,0.09
linux-2.4.23-pre3-testplatform,lib/dec_and_lock,0.00,0.00,0.01
linux-2.4.23-pre3-testplatform,lib/zlib_deflate/deftree,0.28,0.32,0.34
linux-2.4.23-pre3-testplatform,lib/zlib_deflate/deflate,0.20,0.22,0.24
linux-2.4.23-pre3-testplatform,lib/zlib_deflate/deflate_syms,0.00,0.01,0.02
linux-2.4.23-pre3-testplatform,lib/rbtree,0.07,0.08,0.08
linux-2.4.23-pre3-testplatform,lib/bust_spinlocks,0.04,0.05,0.05
linux-2.4.23-pre3-testplatform,lib/ctype,0.01,0.01,0.01
linux-2.4.23-pre3-testplatform,lib/errno,0.00,0.00,0.01
linux-2.4.23-pre3-testplatform,lib/brlock,0.00,0.01,0.01
linux-2.4.23-pre3-testplatform,lib/vsprintf,0.18,0.20,0.21
linux-2.4.23-pre3-testplatform,lib/dump_stack,0.01,0.01,0.01
linux-2.4.23-pre3-testplatform,net/core/datagram,0.11,0.14,0.16
linux-2.4.23-pre3-testplatform,net/core/ethtool,0.11,0.14,0.20
linux-2.4.23-pre3-testplatform,net/core/neighbour,0.30,0.36,0.40
linux-2.4.23-pre3-testplatform,net/core/dst,0.11,0.12,0.12
linux-2.4.23-pre3-testplatform,net/core/rtnetlink,0.18,0.18,0.19
linux-2.4.23-pre3-testplatform,net/core/dev_mcast,0.07,0.11,0.12
linux-2.4.23-pre3-testplatform,net/core/skbuff,0.22,0.22,0.22
linux-2.4.23-pre3-testplatform,net/core/iovec,0.06,0.10,0.14
linux-2.4.23-pre3-testplatform,net/core/utils,0.04,0.07,0.07
linux-2.4.23-pre3-testplatform,net/core/scm,0.07,0.08,0.08
linux-2.4.23-pre3-testplatform,net/core/dev,0.31,0.38,0.40
linux-2.4.23-pre3-testplatform,net/core/sock,0.18,0.23,0.24
linux-2.4.23-pre3-testplatform,net/802/p8023,0.06,0.07,0.09
linux-2.4.23-pre3-testplatform,net/ethernet/eth,0.10,0.12,0.12
linux-2.4.23-pre3-testplatform,net/socket,0.25,0.28,0.31
linux-2.4.23-pre3-testplatform,net/8021q/vlan_dev,0.20,0.22,0.23
linux-2.4.23-pre3-testplatform,net/8021q/vlan,0.12,0.13,0.18
linux-2.4.23-pre3-testplatform,net/8021q/vlanproc,0.06,0.06,0.09
linux-2.4.23-pre3-testplatform,net/sunrpc/auth_unix,0.06,0.07,0.07
linux-2.4.23-pre3-testplatform,net/sunrpc/svcsock,0.23,0.24,0.24
linux-2.4.23-pre3-testplatform,net/sunrpc/svc,0.10,0.10,0.10
linux-2.4.23-pre3-testplatform,net/sunrpc/svcauth,0.05,0.05,0.06
linux-2.4.23-pre3-testplatform,net/sunrpc/sched,0.21,0.24,0.30
linux-2.4.23-pre3-testplatform,net/sunrpc/xprt,0.26,0.27,0.31
linux-2.4.23-pre3-testplatform,net/sunrpc/pmap_clnt,0.05,0.06,0.06
linux-2.4.23-pre3-testplatform,net/sunrpc/clnt,0.14,0.15,0.19
linux-2.4.23-pre3-testplatform,net/sunrpc/timer,0.04,0.04,0.05
linux-2.4.23-pre3-testplatform,net/sunrpc/sunrpc_syms,0.02,0.03,0.04
linux-2.4.23-pre3-testplatform,net/sunrpc/xdr,0.10,0.12,0.14
linux-2.4.23-pre3-testplatform,net/sunrpc/auth,0.09,0.09,0.10
linux-2.4.23-pre3-testplatform,net/sunrpc/auth_null,0.05,0.05,0.05
linux-2.4.23-pre3-testplatform,net/sched/sch_generic,0.14,0.15,0.18
linux-2.4.23-pre3-testplatform,net/netlink/af_netlink,0.19,0.20,0.23
linux-2.4.23-pre3-testplatform,net/ipv4/ip_output,0.18,0.21,0.27
linux-2.4.23-pre3-testplatform,net/ipv4/tcp_ipv4,0.43,0.50,0.52
linux-2.4.23-pre3-testplatform,net/ipv4/igmp,0.42,0.44,0.46
linux-2.4.23-pre3-testplatform,net/ipv4/tcp,0.53,0.55,0.61
linux-2.4.23-pre3-testplatform,net/ipv4/route,0.45,0.46,0.48
linux-2.4.23-pre3-testplatform,net/ipv4/ip_fragment,0.14,0.16,0.20
linux-2.4.23-pre3-testplatform,net/ipv4/ip_forward,0.06,0.06,0.07
linux-2.4.23-pre3-testplatform,net/ipv4/fib_frontend,0.13,0.14,0.15
linux-2.4.23-pre3-testplatform,net/ipv4/tcp_minisocks,0.18,0.22,0.23
linux-2.4.23-pre3-testplatform,net/ipv4/raw,0.15,0.20,0.23
linux-2.4.23-pre3-testplatform,net/ipv4/tcp_input,0.73,0.79,0.80
linux-2.4.23-pre3-testplatform,net/ipv4/protocol,0.07,0.08,0.12
linux-2.4.23-pre3-testplatform,net/ipv4/devinet,0.24,0.27,0.29
linux-2.4.23-pre3-testplatform,net/ipv4/ip_sockglue,0.22,0.23,0.28
linux-2.4.23-pre3-testplatform,net/ipv4/proc,0.10,0.11,0.14
linux-2.4.23-pre3-testplatform,net/ipv4/ip_input,0.14,0.14,0.16
linux-2.4.23-pre3-testplatform,net/ipv4/arp,0.24,0.25,0.25
linux-2.4.23-pre3-testplatform,net/ipv4/ip_options,0.15,0.16,0.21
linux-2.4.23-pre3-testplatform,net/ipv4/tcp_diag,0.13,0.16,0.20
linux-2.4.23-pre3-testplatform,net/ipv4/udp,0.24,0.26,0.26
linux-2.4.23-pre3-testplatform,net/ipv4/tcp_timer,0.16,0.22,0.22
linux-2.4.23-pre3-testplatform,net/ipv4/utils,0.02,0.02,0.02
linux-2.4.23-pre3-testplatform,net/ipv4/af_inet,0.20,0.20,0.22
linux-2.4.23-pre3-testplatform,net/ipv4/inetpeer,0.08,0.09,0.09
linux-2.4.23-pre3-testplatform,net/ipv4/icmp,0.22,0.22,0.22
linux-2.4.23-pre3-testplatform,net/ipv4/fib_hash,0.17,0.22,0.25
linux-2.4.23-pre3-testplatform,net/ipv4/tcp_output,0.36,0.43,0.43
linux-2.4.23-pre3-testplatform,net/ipv4/fib_semantics,0.14,0.15,0.18
linux-2.4.23-pre3-testplatform,net/ipv4/sysctl_net_ipv4,0.04,0.08,0.08
linux-2.4.23-pre3-testplatform,init/main,0.07,0.07,0.08
linux-2.4.23-pre3-testplatform,init/do_mounts,0.06,0.06,0.10
linux-2.4.23-pre3-testplatform,init/version,0.00,0.00,0.01
linux-2.4.23-pre3-testplatform,drivers/block/blkpg,0.06,0.07,0.09
linux-2.4.23-pre3-testplatform,drivers/block/ll_rw_blk,0.22,0.24,0.26
linux-2.4.23-pre3-testplatform,drivers/block/elevator,0.07,0.10,0.12
linux-2.4.23-pre3-testplatform,drivers/block/genhd,0.04,0.04,0.04
linux-2.4.23-pre3-testplatform,drivers/net/Space,0.07,0.09,0.10
linux-2.4.23-pre3-testplatform,drivers/net/net_init,0.06,0.08,0.13
linux-2.4.23-pre3-testplatform,drivers/net/loopback,0.08,0.08,0.10
linux-2.4.23-pre3-testplatform,drivers/net/setup,0.06,0.07,0.08
linux-2.4.23-pre3-testplatform,drivers/net/auto_irq,0.05,0.07,0.08
linux-2.4.23-pre3-testplatform,drivers/char/pty,0.10,0.13,0.16
linux-2.4.23-pre3-testplatform,drivers/char/tty_io,0.32,0.33,0.38
linux-2.4.23-pre3-testplatform,drivers/char/tty_ioctl,0.11,0.13,0.17
linux-2.4.23-pre3-testplatform,drivers/char/raw,0.13,0.15,0.16
linux-2.4.23-pre3-testplatform,drivers/char/mem,0.14,0.18,0.18
linux-2.4.23-pre3-testplatform,drivers/char/random,0.19,0.20,0.25
linux-2.4.23-pre3-testplatform,drivers/char/misc,0.05,0.06,0.07
linux-2.4.23-pre3-testplatform,drivers/char/n_tty,0.24,0.24,0.30
linux-2.4.23-pre3-testplatform,kernel/softirq,0.11,0.14,0.14
linux-2.4.23-pre3-testplatform,kernel/info,0.04,0.06,0.07
linux-2.4.23-pre3-testplatform,kernel/module,0.05,0.06,0.10
linux-2.4.23-pre3-testplatform,kernel/sys,0.18,0.18,0.18
linux-2.4.23-pre3-testplatform,kernel/fork,0.15,0.19,0.20
linux-2.4.23-pre3-testplatform,kernel/sysctl,0.07,0.08,0.09
linux-2.4.23-pre3-testplatform,kernel/ptrace,0.12,0.12,0.13
linux-2.4.23-pre3-testplatform,kernel/printk,0.14,0.16,0.18
linux-2.4.23-pre3-testplatform,kernel/context,0.06,0.08,0.09
linux-2.4.23-pre3-testplatform,kernel/capability,0.04,0.04,0.10
linux-2.4.23-pre3-testplatform,kernel/resource,0.08,0.12,0.13
linux-2.4.23-pre3-testplatform,kernel/sched,0.23,0.24,0.24
linux-2.4.23-pre3-testplatform,kernel/time,0.13,0.14,0.15
linux-2.4.23-pre3-testplatform,kernel/timer,0.12,0.12,0.20
linux-2.4.23-pre3-testplatform,kernel/exit,0.12,0.14,0.19
linux-2.4.23-pre3-testplatform,kernel/exec_domain,0.05,0.05,0.05
linux-2.4.23-pre3-testplatform,kernel/user,0.03,0.08,0.08
linux-2.4.23-pre3-testplatform,kernel/kmod,0.06,0.09,0.09
linux-2.4.23-pre3-testplatform,kernel/dma,0.04,0.05,0.06
linux-2.4.23-pre3-testplatform,kernel/acct,0.00,0.00,0.01
linux-2.4.23-pre3-testplatform,kernel/panic,0.05,0.06,0.09
linux-2.4.23-pre3-testplatform,kernel/itimer,0.09,0.09,0.10
linux-2.4.23-pre3-testplatform,kernel/signal,0.21,0.25,0.26
linux-2.4.23-pre3-testplatform,ipc/shm,0.14,0.20,0.21
linux-2.4.23-pre3-testplatform,ipc/sem,0.21,0.21,0.25
linux-2.4.23-pre3-testplatform,ipc/util,0.06,0.08,0.10
linux-2.4.23-pre3-testplatform,ipc/msg,0.14,0.15,0.20
lwip-0.5.3.preproc,proj/unixsim/simhost,0.01,0.01,0.03
lwip-0.5.3.preproc,proj/unixsim/simrouter,0.03,0.04,0.04
lwip-0.5.3.preproc,proj/unixsim/simnode,0.02,0.03,0.03
lwip-0.5.3.preproc,proj/unixsim/apps/fs,0.07,0.11,0.14
lwip-0.5.3.preproc,proj/unixsim/apps/udpecho,0.02,0.02,0.03
lwip-0.5.3.preproc,proj/unixsim/apps/tcpecho,0.02,0.03,0.03
lwip-0.5.3.preproc,proj/unixsim/apps/httpd,0.05,0.06,0.06
lwip-0.5.3.preproc,proj/unixsim/apps/shell,0.20,0.22,0.23
lwip-0.5.3.preproc,src/netif/arp,0.06,0.07,0.08
lwip-0.5.3.preproc,src/netif/tcpdump,0.04,0.08,0.08
lwip-0.5.3.preproc,src/netif/loopif,0.00,0.01,0.01
lwip-0.5.3.preproc,src/core/memp,0.04,0.04,0.04
lwip-0.5.3.preproc,src/core/stats,0.00,0.01,0.02
lwip-0.5.3.preproc,src/core/sys,0.02,0.03,0.03
lwip-0.5.3.preproc,src/core/tcp,0.12,0.12,0.16
lwip-0.5.3.preproc,src/core/inet,0.04,0.05,0.06
lwip-0.5.3.preproc,src/core/netif,0.03,0.03,0.03
lwip-0.5.3.preproc,src/core/tcp_input,0.16,0.16,0.24
lwip-0.5.3.preproc,src/core/mem,0.04,0.06,0.06
lwip-0.5.3.preproc,src/core/ipv4/ip,0.09,0.11,0.12
lwip-0.5.3.preproc,src/core/ipv4/ip_addr,0.01,0.01,0.01
lwip-0.5.3.preproc,src/core/ipv4/icmp,0.05,0.05,0.06
lwip-0.5.3.preproc,src/core/udp,0.09,0.09,0.10
lwip-0.5.3.preproc,src/core/pbuf,0.06,0.06,0.10
lwip-0.5.3.preproc,src/core/tcp_output,0.10,0.10,0.11
lwip-0.5.3.preproc,src/api/api_msg,0.06,0.07,0.07
lwip-0.5.3.preproc,src/api/api_lib,0.09,0.10,0.13
lwip-0.5.3.preproc,src/api/tcpip,0.02,0.02,0.02
lwip-0.5.3.preproc,src/api/err,0.00,0.00,0.00
lwip-0.5.3.preproc,src/api/sockets,0.05,0.05,0.05
mpeg2dec-0.3.1,libvo/video_out_dx,0.01,0.01,0.01
mpeg2dec-0.3.1,libvo/video_out_pgm,0.06,0.07,0.07
mpeg2dec-0.3.1,libvo/video_out,0.02,0.02,0.02
mpeg2dec-0.3.1,libvo/video_out_null,0.04,0.04,0.05
mpeg2dec-0.3.1,libvo/video_out_sdl,0.04,0.05,0.06
mpeg2dec-0.3.1,libvo/yuv2rgb_mmx,0.00,0.01,0.02
mpeg2dec-0.3.1,libvo/yuv2rgb_mlib,0.00,0.01,0.02
mpeg2dec-0.3.1,libvo/yuv2rgb,0.19,0.20,0.22
mpeg2dec-0.3.1,libvo/video_out_x11,0.00,0.00,0.01
mpeg2dec-0.3.1,src/gettimeofday,0.00,0.00,0.01
mpeg2dec-0.3.1,src/getopt,0.09,0.10,0.15
mpeg2dec-0.3.1,src/mpeg2dec,0.16,0.21,0.22
mpeg2dec-0.3.1,src/extract_mpeg2,0.17,0.18,0.19
mpeg2dec-0.3.1,libmpeg2/idct_altivec,0.00,0.01,0.01
mpeg2dec-0.3.1,libmpeg2/motion_comp_altivec,0.00,0.00,0.01
mpeg2dec-0.3.1,libmpeg2/alloc,0.01,0.02,0.02
mpeg2dec-0.3.1,libmpeg2/cpu_accel,0.01,0.01,0.01
mpeg2dec-0.3.1,libmpeg2/slice,0.48,0.52,0.55
mpeg2dec-0.3.1,libmpeg2/cpu_state,0.01,0.01,0.02
mpeg2dec-0.3.1,libmpeg2/motion_comp_mlib,0.00,0.00,0.00
mpeg2dec-0.3.1,libmpeg2/idct_mmx,0.00,0.01,0.02
mpeg2dec-0.3.1,libmpeg2/idct_mlib,0.00,0.00,0.00
mpeg2dec-0.3.1,libmpeg2/idct_alpha,0.00,0.00,0.01
mpeg2dec-0.3.1,libmpeg2/motion_comp,0.22,0.25,0.27
mpeg2dec-0.3.1,libmpeg2/decode,0.13,0.14,0.15
mpeg2dec-0.3.1,libmpeg2/motion_comp_mmx,0.00,0.00,0.00
mpeg2dec-0.3.1,libmpeg2/header,0.19,0.22,0.22
mpeg2dec-0.3.1,libmpeg2/motion_comp_alpha,0.00,0.01,0.01
mpeg2dec-0.3.1,libmpeg2/idct,0.05,0.12,0.12
mpgcut-1.1,mpgcut,0.23,0.24,0.29
OpenTCP-1.0.4,bootp/bootp,0.05,0.05,0.05
OpenTCP-1.0.4,smtp/smtpc_callbacks,0.02,0.03,0.03
OpenTCP-1.0.4,smtp/smtp_client,0.08,0.11,0.13
OpenTCP-1.0.4,tcp,0.20,0.21,0.22
OpenTCP-1.0.4,dns/dns,0.05,0.06,0.06
OpenTCP-1.0.4,ip,0.11,0.11,0.12
OpenTCP-1.0.4,pop3/pop3c_callbacks,0.02,0.03,0.03
OpenTCP-1.0.4,pop3/pop3_client,0.16,0.17,0.19
OpenTCP-1.0.4,timers,0.02,0.02,0.02
OpenTCP-1.0.4,ethernet,0.10,0.12,0.13
OpenTCP-1.0.4,dhcp/dhcpc,0.07,0.07,0.08
OpenTCP-1.0.4,system,0.08,0.08,0.12
OpenTCP-1.0.4,demo/tcp_server_demo,0.02,0.02,0.02
OpenTCP-1.0.4,demo/main_demo,0.01,0.01,0.01
OpenTCP-1.0.4,demo/tcp_client_demo,0.02,0.02,0.02
OpenTCP-1.0.4,demo/udp_demo,0.01,0.01,0.02
OpenTCP-1.0.4,arp,0.08,0.09,0.15
OpenTCP-1.0.4,tftp/tftps,0.06,0.07,0.08
OpenTCP-1.0.4,http/https_callbacks,0.02,0.03,0.04
OpenTCP-1.0.4,http/http_server,0.06,0.06,0.06
OpenTCP-1.0.4,udp,0.05,0.06,0.06
OpenTCP-1.0.4,icmp,0.04,0.04,0.05
replaypc-0.4.0.preproc,ReplayPC,0.10,0.11,0.12
replaypc-0.4.0.preproc,program,0.01,0.02,0.02
replaypc-0.4.0.preproc,dump-cg2,0.02,0.04,0.04
replaypc-0.4.0.preproc,dump-replayshows,0.02,0.02,0.04
replaypc-0.4.0.preproc,ndx-dump,0.07,0.08,0.10
replaypc-0.4.0.preproc,addressbook,0.02,0.04,0.04
replaypc-0.4.0.preproc,dump-headend,0.02,0.03,0.04
replaypc-0.4.0.preproc,httpclient,0.10,0.12,0.13
replaypc-0.4.0.preproc,build-ndx,0.02,0.03,0.04
replaypc-0.4.0.preproc,rtv,0.04,0.04,0.07
replaypc-0.4.0.preproc,dump-filedarray,0.03,0.04,0.05
replaypc-0.4.0.preproc,rtvguide,0.02,0.02,0.02
replaypc-0.4.0.preproc,dump-channelset,0.03,0.04,0.04
replaypc-0.4.0.preproc,channelset,0.02,0.02,0.02
replaypc-0.4.0.preproc,guideclient,0.02,0.03,0.04
replaypc-0.4.0.preproc,dump-guide,0.01,0.02,0.02
replaypc-0.4.0.preproc,crypt-test,0.05,0.06,0.06
replaypc-0.4.0.preproc,httpfsclient,0.06,0.09,0.10
replaypc-0.4.0.preproc,version-test,0.02,0.02,0.03
replaypc-0.4.0.preproc,mark-commercial,0.04,0.06,0.08
replaypc-0.4.0.preproc,rddns,0.02,0.02,0.03
replaypc-0.4.0.preproc,dump-addressbook,0.02,0.04,0.04
replaypc-0.4.0.preproc,find-GOPs,0.01,0.01,0.02
replaypc-0.4.0.preproc,httpfs,0.18,0.19,0.20
replaypc-0.4.0.preproc,bigfile,0.02,0.02,0.02
replaypc-0.4.0.preproc,rddnsclient,0.01,0.02,0.03
replaypc-0.4.0.preproc,dump-zipcode2,0.02,0.03,0.04
replaypc-0.4.0.preproc,zipcode,0.02,0.02,0.04
replaypc-0.4.0.preproc,crypt,0.03,0.03,0.03
replaypc-0.4.0.preproc,dump,0.06,0.09,0.10
replaypc-0.4.0.preproc,sleep,0.01,0.01,0.02
replaypc-0.4.0.preproc,un-protect,0.02,0.05,0.05
replaypc-0.4.0.preproc,filedarray,0.01,0.02,0.03
replaypc-0.4.0.preproc,dump-replaychannels,0.03,0.03,0.04
replaypc-0.4.0.preproc,ndx,0.03,0.04,0.04
replaypc-0.4.0.preproc,dump-programset,0.04,0.04,0.04
replaypc-0.4.0.preproc,headend,0.03,0.04,0.05
replaypc-0.4.0.preproc,guide,0.15,0.17,0.20
replaypc-0.4.0.preproc,cg,0.04,0.05,0.07
teem-1.6.0-src,src/air/sane,0.03,0.04,0.05
teem-1.6.0-src,src/air/miscAir,0.10,0.15,0.16
teem-1.6.0-src,src/air/endianAir,0.01,0.01,0.02
teem-1.6.0-src,src/air/string,0.11,0.13,0.13
teem-1.6.0-src,src/air/threadAir,0.06,0.09,0.09
teem-1.6.0-src,src/air/754,0.06,0.12,0.12
teem-1.6.0-src,src/air/mop,0.08,0.10,0.10
teem-1.6.0-src,src/air/array,0.04,0.04,0.04
teem-1.6.0-src,src/air/parseAir,0.07,0.11,0.11
teem-1.6.0-src,src/air/dio,0.02,0.02,0.04
teem-1.6.0-src,src/air/enum,0.06,0.08,0.08
teem-1.6.0-src,src/air/test/fp,0.05,0.05,0.05
teem-1.6.0-src,src/air/test/tline,0.04,0.05,0.05
teem-1.6.0-src,src/air/test/tmop,0.03,0.04,0.04
teem-1.6.0-src,src/air/test/doubleprint,0.04,0.04,0.05
teem-1.6.0-src,src/air/test/tok,0.02,0.03,0.04
teem-1.6.0-src,src/air/test/floatprint,0.03,0.04,0.05
teem-1.6.0-src,src/limn/renderLimn,0.08,0.09,0.09
teem-1.6.0-src,src/limn/hestLimn,0.04,0.06,0.07
teem-1.6.0-src,src/limn/shapes,0.12,0.12,0.12
teem-1.6.0-src,src/limn/methodsLimn,0.05,0.06,0.07
teem-1.6.0-src,src/limn/io,0.05,0.07,0.07
teem-1.6.0-src,src/limn/env,0.06,0.10,0.10
teem-1.6.0-src,src/limn/splineMethods,0.19,0.20,0.21
teem-1.6.0-src,src/limn/transform,0.09,0.11,0.14
teem-1.6.0-src,src/limn/defaultsLimn,0.02,0.04,0.04
teem-1.6.0-src,src/limn/qn,0.08,0.08,0.10
teem-1.6.0-src,src/limn/splineEval,0.18,0.20,0.23
teem-1.6.0-src,src/limn/obj,0.09,0.09,0.10
teem-1.6.0-src,src/limn/splineMisc,0.12,0.12,0.13
teem-1.6.0-src,src/limn/cam,0.12,0.12,0.18
teem-1.6.0-src,src/limn/light,0.05,0.07,0.09
teem-1.6.0-src,src/limn/test/map,0.05,0.05,0.05
teem-1.6.0-src,src/limn/test/tbc,0.08,0.08,0.10
teem-1.6.0-src,src/limn/test/soid,0.09,0.09,0.10
teem-1.6.0-src,src/limn/test/tspline,0.08,0.10,0.10
teem-1.6.0-src,src/limn/test/tps,0.09,0.13,0.13
teem-1.6.0-src,src/limn/test/light,0.03,0.05,0.06
teem-1.6.0-src,src/limn/test/tcam,0.06,0.08,0.08
teem-1.6.0-src,src/limn/test/tcamanim,0.07,0.08,0.13
teem-1.6.0-src,src/bane/rangeBane,0.06,0.08,0.09
teem-1.6.0-src,src/bane/gkmsInfo,0.05,0.06,0.06
teem-1.6.0-src,src/bane/gkmsMite,0.05,0.05,0.08
teem-1.6.0-src,src/bane/defaultsBane,0.03,0.03,0.04
teem-1.6.0-src,src/bane/gkmsHvol,0.06,0.08,0.10
teem-1.6.0-src,src/bane/measr,0.03,0.04,0.05
teem-1.6.0-src,src/bane/gkmsOpac,0.07,0.09,0.09
teem-1.6.0-src,src/bane/scat,0.03,0.04,0.04
teem-1.6.0-src,src/bane/methodsBane,0.04,0.05,0.05
teem-1.6.0-src,src/bane/hvol,0.16,0.17,0.17
teem-1.6.0-src,src/bane/clip,0.03,0.04,0.04
teem-1.6.0-src,src/bane/gkmsFlotsam,0.08,0.10,0.11
teem-1.6.0-src,src/bane/gkmsPvg,0.07,0.08,0.12
teem-1.6.0-src,src/bane/valid,0.07,0.09,0.13
teem-1.6.0-src,src/bane/trnsf,0.20,0.20,0.20
teem-1.6.0-src,src/bane/trex,0.04,0.05,0.06
teem-1.6.0-src,src/bane/inc,0.09,0.09,0.11
teem-1.6.0-src,src/bane/gkmsScat,0.06,0.08,0.09
teem-1.6.0-src,src/bane/test/opac,0.04,0.05,0.06
teem-1.6.0-src,src/bane/test/tblah,0.05,0.07,0.09
teem-1.6.0-src,src/bane/test/sigma,0.03,0.04,0.06
teem-1.6.0-src,src/bane/test/pos,0.04,0.05,0.06
teem-1.6.0-src,src/bane/test/tinfo,0.04,0.06,0.07
teem-1.6.0-src,src/bane/gkmsTxf,0.07,0.12,0.12
teem-1.6.0-src,src/alan/coreAlan,0.14,0.17,0.18
teem-1.6.0-src,src/alan/methodsAlan,0.07,0.10,0.13
teem-1.6.0-src,src/alan/enumsAlan,0.02,0.03,0.04
teem-1.6.0-src,src/alan/test/tspot,0.03,0.04,0.05
teem-1.6.0-src,src/echo/matter,0.03,0.04,0.08
teem-1.6.0-src,src/echo/enumsEcho,0.03,0.04,0.05
teem-1.6.0-src,src/echo/objmethods,0.10,0.11,0.12
teem-1.6.0-src,src/echo/methodsEcho,0.07,0.08,0.08
teem-1.6.0-src,src/echo/lightEcho,0.04,0.04,0.04
teem-1.6.0-src,src/echo/list,0.06,0.06,0.08
teem-1.6.0-src,src/echo/bounds,0.16,0.18,0.20
teem-1.6.0-src,src/echo/color,0.18,0.18,0.19
teem-1.6.0-src,src/echo/model,0.06,0.06,0.09
teem-1.6.0-src,src/echo/renderEcho,0.18,0.20,0.21
teem-1.6.0-src,src/echo/set,0.07,0.09,0.10
teem-1.6.0-src,src/echo/test/test,0.05,0.07,0.08
teem-1.6.0-src,src/echo/test/trend,0.18,0.19,0.19
teem-1.6.0-src,src/echo/sqd,0.13,0.19,0.20
teem-1.6.0-src,src/echo/intx,0.31,0.36,0.36
teem-1.6.0-src,src/nrrd/cc,0.34,0.37,0.38
teem-1.6.0-src,src/nrrd/map,0.14,0.17,0.22
teem-1.6.0-src,src/nrrd/arraysNrrd,0.01,0.02,0.02
teem-1.6.0-src,src/nrrd/arith,0.22,0.23,0.24
teem-1.6.0-src,src/nrrd/encodingGzip,0.04,0.05,0.05
teem-1.6.0-src,src/nrrd/tmfKernel,3.35,3.40,3.41
teem-1.6.0-src,src/nrrd/reorder,0.28,0.32,0.35
teem-1.6.0-src,src/nrrd/parseNrrd,0.15,0.19,0.22
teem-1.6.0-src,src/nrrd/iter,0.08,0.08,0.09
teem-1.6.0-src,src/nrrd/range,0.04,0.05,0.06
teem-1.6.0-src,src/nrrd/encodingAscii,0.06,0.08,0.08
teem-1.6.0-src,src/nrrd/formatNRRD,0.09,0.09,0.09
teem-1.6.0-src,src/nrrd/resampleNrrd,0.20,0.27,0.27
teem-1.6.0-src,src/nrrd/filt,0.23,0.26,0.26
teem-1.6.0-src,src/nrrd/formatPNM,0.08,0.08,0.08
teem-1.6.0-src,src/nrrd/encoding,0.04,0.04,0.06
teem-1.6.0-src,src/nrrd/read,0.08,0.15,0.16
teem-1.6.0-src,src/nrrd/encodingBzip2,0.04,0.04,0.04
teem-1.6.0-src,src/nrrd/encodingRaw,0.07,0.09,0.10
teem-1.6.0-src,src/nrrd/superset,0.15,0.18,0.19
teem-1.6.0-src,src/nrrd/kernel,0.56,0.59,0.59
teem-1.6.0-src,src/nrrd/encodingHex,0.03,0.05,0.07
teem-1.6.0-src,src/nrrd/simple,0.17,0.18,0.19
teem-1.6.0-src,src/nrrd/histogram,0.18,0.25,0.26
teem-1.6.0-src,src/nrrd/formatPNG,0.02,0.03,0.03
teem-1.6.0-src,src/nrrd/convertNrrd,0.32,0.34,0.36
teem-1.6.0-src,src/nrrd/comment,0.04,0.08,0.08
teem-1.6.0-src,src/nrrd/formatEPS,0.06,0.09,0.10
teem-1.6.0-src,src/nrrd/keyvalue,0.06,0.11,0.11
teem-1.6.0-src,src/nrrd/formatVTK,0.12,0.12,0.21
teem-1.6.0-src,src/nrrd/axis,0.14,0.17,0.18
teem-1.6.0-src,src/nrrd/measure,0.28,0.31,0.32
teem-1.6.0-src,src/nrrd/winKernel,0.38,0.44,0.44
teem-1.6.0-src,src/nrrd/ccmethods,0.06,0.10,0.12
teem-1.6.0-src,src/nrrd/formatText,0.11,0.12,0.12
teem-1.6.0-src,src/nrrd/defaultsNrrd,0.03,0.03,0.04
teem-1.6.0-src,src/nrrd/format,0.04,0.05,0.06
teem-1.6.0-src,src/nrrd/methodsNrrd,0.19,0.20,0.22
teem-1.6.0-src,src/nrrd/apply1D,0.16,0.19,0.26
teem-1.6.0-src,src/nrrd/gzio,0.00,0.00,0.00
teem-1.6.0-src,src/nrrd/endianNrrd,0.04,0.04,0.04
teem-1.6.0-src,src/nrrd/enumsNrrd,0.02,0.02,0.03
teem-1.6.0-src,src/nrrd/accessors,0.30,0.30,0.32
teem-1.6.0-src,src/nrrd/test/kv,0.02,0.03,0.06
teem-1.6.0-src,src/nrrd/test/genvol,0.08,0.09,0.10
teem-1.6.0-src,src/nrrd/test/io,0.05,0.06,0.06
teem-1.6.0-src,src/nrrd/test/tline,0.03,0.03,0.05
teem-1.6.0-src,src/nrrd/test/tread,0.02,0.03,0.04
teem-1.6.0-src,src/nrrd/test/tkernel,0.05,0.05,0.06
teem-1.6.0-src,src/nrrd/test/typestest,0.02,0.02,0.03
teem-1.6.0-src,src/nrrd/test/quadvol,0.06,0.07,0.09
teem-1.6.0-src,src/nrrd/test/convo,0.07,0.10,0.11
teem-1.6.0-src,src/nrrd/test/minmax,0.04,0.05,0.05
teem-1.6.0-src,src/nrrd/test/ax,0.10,0.10,0.11
teem-1.6.0-src,src/nrrd/test/trand,0.04,0.04,0.05
teem-1.6.0-src,src/nrrd/subset,0.10,0.14,0.17
teem-1.6.0-src,src/nrrd/hestNrrd,0.04,0.04,0.06
teem-1.6.0-src,src/nrrd/write,0.18,0.19,0.20
teem-1.6.0-src,src/hoover/methodsHoover,0.08,0.09,0.10
teem-1.6.0-src,src/hoover/rays,0.14,0.18,0.18
teem-1.6.0-src,src/hoover/stub,0.03,0.04,0.05
teem-1.6.0-src,src/hoover/defaultsHoover,0.04,0.04,0.04
teem-1.6.0-src,src/hest/parseHest,0.34,0.36,0.38
teem-1.6.0-src,src/hest/defaultsHest,0.02,0.02,0.04
teem-1.6.0-src,src/hest/methodsHest,0.14,0.14,0.15
teem-1.6.0-src,src/hest/usage,0.14,0.15,0.16
teem-1.6.0-src,src/hest/test/ex1,0.06,0.07,0.08
teem-1.6.0-src,src/hest/test/bday,0.06,0.06,0.08
teem-1.6.0-src,src/hest/test/ex4,0.03,0.04,0.05
teem-1.6.0-src,src/hest/test/strings,0.04,0.04,0.05
teem-1.6.0-src,src/hest/test/ex5,0.03,0.04,0.04
teem-1.6.0-src,src/hest/test/ex0,0.02,0.04,0.05
teem-1.6.0-src,src/hest/test/ex3,0.05,0.07,0.07
teem-1.6.0-src,src/hest/test/ex2,0.04,0.04,0.06
teem-1.6.0-src,src/biff/biff,0.09,0.09,0.12
teem-1.6.0-src,src/biff/test/test,0.01,0.01,0.04
teem-1.6.0-src,src/ten/tendAnplot,0.05,0.05,0.07
teem-1.6.0-src,src/ten/enumsTen,0.04,0.05,0.05
teem-1.6.0-src,src/ten/tendShrink,0.03,0.03,0.06
teem-1.6.0-src,src/ten/tendSim,0.04,0.06,0.07
teem-1.6.0-src,src/ten/tendEval,0.06,0.06,0.06
teem-1.6.0-src,src/ten/tendEvecrgb,0.05,0.05,0.08
teem-1.6.0-src,src/ten/tendMake,0.06,0.06,0.07
teem-1.6.0-src,src/ten/tendEllipse,0.09,0.12,0.12
teem-1.6.0-src,src/ten/tendEstim,0.05,0.07,0.08
teem-1.6.0-src,src/ten/tendNorm,0.07,0.07,0.08
teem-1.6.0-src,src/ten/chan,0.26,0.26,0.29
teem-1.6.0-src,src/ten/tendExpand,0.04,0.06,0.07
teem-1.6.0-src,src/ten/fiberMethods,0.12,0.13,0.13
teem-1.6.0-src,src/ten/epireg,0.37,0.40,0.40
teem-1.6.0-src,src/ten/tendBmat,0.05,0.06,0.07
teem-1.6.0-src,src/ten/bimod,0.19,0.20,0.22
teem-1.6.0-src,src/ten/defaultsTen,0.04,0.04,0.05
teem-1.6.0-src,src/ten/tendSten,0.07,0.08,0.08
teem-1.6.0-src,src/ten/tendFiber,0.07,0.09,0.10
teem-1.6.0-src,src/ten/tendEvalpow,0.05,0.07,0.08
teem-1.6.0-src,src/ten/tendEvec,0.06,0.08,0.10
teem-1.6.0-src,src/ten/tendPoint,0.08,0.08,0.08
teem-1.6.0-src,src/ten/fiber,0.16,0.17,0.19
teem-1.6.0-src,src/ten/glyph,0.18,0.24,0.24
teem-1.6.0-src,src/ten/miscTen,0.13,0.15,0.18
teem-1.6.0-src,src/ten/mod,0.11,0.15,0.17
teem-1.6.0-src,src/ten/tenGage,0.16,0.16,0.18
teem-1.6.0-src,src/ten/tensor,0.18,0.20,0.21
teem-1.6.0-src,src/ten/tendAnscale,0.04,0.07,0.08
teem-1.6.0-src,src/ten/tendAnvol,0.03,0.07,0.08
teem-1.6.0-src,src/ten/aniso,0.15,0.15,0.17
teem-1.6.0-src,src/ten/tendEvq,0.04,0.06,0.08
teem-1.6.0-src,src/ten/tendEpireg,0.07,0.09,0.12
teem-1.6.0-src,src/ten/tendAnhist,0.03,0.05,0.06
teem-1.6.0-src,src/ten/tendSatin,0.14,0.18,0.19
teem-1.6.0-src,src/ten/tendGlyph,0.10,0.14,0.14
teem-1.6.0-src,src/ten/tendEvaladd,0.05,0.06,0.06
teem-1.6.0-src,src/ten/tendSlice,0.06,0.07,0.07
teem-1.6.0-src,src/ten/test/tt,0.07,0.12,0.13
teem-1.6.0-src,src/ten/test/tem,0.05,0.07,0.07
teem-1.6.0-src,src/ten/test/tg,0.08,0.12,0.13
teem-1.6.0-src,src/ten/tendEvalclamp,0.06,0.06,0.07
teem-1.6.0-src,src/ten/tendFlotsam,0.05,0.05,0.10
teem-1.6.0-src,src/moss/hestMoss,0.04,0.07,0.07
teem-1.6.0-src,src/moss/sampler,0.09,0.13,0.14
teem-1.6.0-src,src/moss/xform,0.10,0.16,0.16
teem-1.6.0-src,src/moss/methodsMoss,0.07,0.08,0.09
teem-1.6.0-src,src/moss/defaultsMoss,0.03,0.03,0.04
teem-1.6.0-src,src/moss/test/invert,0.03,0.04,0.06
teem-1.6.0-src,src/unrrdu/axmerge,0.05,0.06,0.08
teem-1.6.0-src,src/unrrdu/jhisto,0.05,0.06,0.06
teem-1.6.0-src,src/unrrdu/ccmerge,0.03,0.04,0.08
teem-1.6.0-src,src/unrrdu/axsplit,0.04,0.07,0.07
teem-1.6.0-src,src/unrrdu/make,0.10,0.12,0.15
teem-1.6.0-src,src/unrrdu/lut,0.06,0.07,0.07
teem-1.6.0-src,src/unrrdu/crop,0.03,0.06,0.07
teem-1.6.0-src,src/unrrdu/rmap,0.04,0.04,0.05
teem-1.6.0-src,src/unrrdu/1op,0.04,0.06,0.06
teem-1.6.0-src,src/unrrdu/ccsettle,0.06,0.06,0.07
teem-1.6.0-src,src/unrrdu/reshape,0.02,0.04,0.04
teem-1.6.0-src,src/unrrdu/head,0.06,0.06,0.08
teem-1.6.0-src,src/unrrdu/block,0.03,0.03,0.05
teem-1.6.0-src,src/unrrdu/slice,0.05,0.06,0.06
teem-1.6.0-src,src/unrrdu/unblock,0.04,0.04,0.05
teem-1.6.0-src,src/unrrdu/splice,0.04,0.04,0.05
teem-1.6.0-src,src/unrrdu/2op,0.04,0.05,0.06
teem-1.6.0-src,src/unrrdu/flotsam,0.08,0.10,0.13
teem-1.6.0-src,src/unrrdu/save,0.04,0.05,0.06
teem-1.6.0-src,src/unrrdu/axinsert,0.04,0.04,0.07
teem-1.6.0-src,src/unrrdu/about,0.03,0.04,0.06
teem-1.6.0-src,src/unrrdu/dice,0.04,0.04,0.06
teem-1.6.0-src,src/unrrdu/project,0.03,0.03,0.04
teem-1.6.0-src,src/unrrdu/unquantize,0.04,0.05,0.06
teem-1.6.0-src,src/unrrdu/inset,0.06,0.07,0.08
teem-1.6.0-src,src/unrrdu/flip,0.04,0.05,0.06
teem-1.6.0-src,src/unrrdu/convert,0.03,0.04,0.04
teem-1.6.0-src,src/unrrdu/cmedian,0.06,0.07,0.07
teem-1.6.0-src,src/unrrdu/pad,0.04,0.05,0.07
teem-1.6.0-src,src/unrrdu/imap,0.05,0.05,0.06
teem-1.6.0-src,src/unrrdu/gamma,0.03,0.04,0.06
teem-1.6.0-src,src/unrrdu/permute,0.03,0.04,0.05
teem-1.6.0-src,src/unrrdu/3op,0.04,0.06,0.08
teem-1.6.0-src,src/unrrdu/axinfo,0.04,0.05,0.05
teem-1.6.0-src,src/unrrdu/minmax,0.04,0.05,0.06
teem-1.6.0-src,src/unrrdu/shuffle,0.03,0.04,0.04
teem-1.6.0-src,src/unrrdu/heq,0.04,0.06,0.06
teem-1.6.0-src,src/unrrdu/ccfind,0.04,0.04,0.05
teem-1.6.0-src,src/unrrdu/resample,0.08,0.08,0.09
teem-1.6.0-src,src/unrrdu/quantize,0.04,0.05,0.06
teem-1.6.0-src,src/unrrdu/dhisto,0.04,0.04,0.06
teem-1.6.0-src,src/unrrdu/data,0.04,0.04,0.05
teem-1.6.0-src,src/unrrdu/axdelete,0.04,0.05,0.06
teem-1.6.0-src,src/unrrdu/histax,0.04,0.05,0.06
teem-1.6.0-src,src/unrrdu/histo,0.03,0.04,0.05
teem-1.6.0-src,src/unrrdu/join,0.03,0.04,0.07
teem-1.6.0-src,src/unrrdu/swap,0.04,0.04,0.04
teem-1.6.0-src,src/unrrdu/ccadj,0.02,0.03,0.03
teem-1.6.0-src,src/mite/defaultsMite,0.03,0.04,0.05
teem-1.6.0-src,src/mite/txf,0.13,0.16,0.17
teem-1.6.0-src,src/mite/renderMite,0.06,0.06,0.09
teem-1.6.0-src,src/mite/thread,0.02,0.03,0.04
teem-1.6.0-src,src/mite/user,0.07,0.08,0.09
teem-1.6.0-src,src/mite/ray,0.14,0.14,0.16
teem-1.6.0-src,src/hex/enhex,0.02,0.05,0.06
teem-1.6.0-src,src/hex/dehex,0.03,0.04,0.04
teem-1.6.0-src,src/dye/convertDye,0.12,0.15,0.16
teem-1.6.0-src,src/dye/methodsDye,0.07,0.08,0.10
teem-1.6.0-src,src/dye/test/bow,0.06,0.06,0.07
teem-1.6.0-src,src/dye/test/conv,0.04,0.04,0.05
teem-1.6.0-src,src/gage/print,0.14,0.18,0.20
teem-1.6.0-src,src/gage/vecGage,0.09,0.09,0.09
teem-1.6.0-src,src/gage/vecprint,0.02,0.04,0.06
teem-1.6.0-src,src/gage/update,0.16,0.18,0.19
teem-1.6.0-src,src/gage/ctx,0.13,0.14,0.14
teem-1.6.0-src,src/gage/shape,0.10,0.11,0.16
teem-1.6.0-src,src/gage/sclprint,0.05,0.06,0.07
teem-1.6.0-src,src/gage/pvl,0.06,0.06,0.06
teem-1.6.0-src,src/gage/sclfilter,0.24,0.24,0.24
teem-1.6.0-src,src/gage/scl,0.03,0.04,0.04
teem-1.6.0-src,src/gage/st,0.10,0.10,0.15
teem-1.6.0-src,src/gage/defaultsGage,0.02,0.04,0.04
teem-1.6.0-src,src/gage/sclanswer,0.19,0.21,0.23
teem-1.6.0-src,src/gage/filter,0.11,0.16,0.17
teem-1.6.0-src,src/gage/miscGage,0.06,0.08,0.08
teem-1.6.0-src,src/ell/cubicEll,0.10,0.10,0.10
teem-1.6.0-src,src/ell/eigen,0.12,0.15,0.16
teem-1.6.0-src,src/ell/genmat,0.11,0.12,0.16
teem-1.6.0-src,src/ell/miscEll,0.05,0.08,0.09
teem-1.6.0-src,src/ell/quat,0.32,0.34,0.38
teem-1.6.0-src,src/ell/vecEll,0.08,0.10,0.10
teem-1.6.0-src,src/ell/test/sort3,0.05,0.06,0.06
teem-1.6.0-src,src/ell/test/tq,0.18,0.21,0.24
teem-1.6.0-src,src/ell/test/invert,0.02,0.03,0.04
teem-1.6.0-src,src/ell/mat,0.47,0.48,0.50
ttt-0.10.1.preproc,src/main,0.07,0.07,0.08
ttt-0.10.1.preproc,src/connect4,0.11,0.12,0.12
ttt-0.10.1.preproc,src/engine,0.08,0.11,0.11
ttt-0.10.1.preproc,src/ttt,0.22,0.22,0.24
ttt-0.10.1.preproc,src/parse,0.05,0.06,0.06
ttt-0.10.1.preproc,src/util,0.04,0.06,0.06
unrarlib-0.4.0,samples/unix/getfile/getfile,0.04,0.04,0.04
unrarlib-0.4.0,samples/unix/listarchive/listarchive,0.02,0.03,0.04
unrarlib-0.4.0,unrarlib/unrarlib,0.34,0.39,0.39
zlib-1.1.4,crc32,0.03,0.04,0.04
zlib-1.1.4,compress,0.02,0.02,0.03
zlib-1.1.4,zutil,0.02,0.02,0.04
zlib-1.1.4,infutil,0.02,0.03,0.04
zlib-1.1.4,adler32,0.03,0.03,0.04
zlib-1.1.4,deflate,0.18,0.25,0.26
zlib-1.1.4,inffast,0.08,0.08,0.10
zlib-1.1.4,inflate,0.07,0.12,0.13
zlib-1.1.4,trees,0.24,0.29,0.29
zlib-1.1.4,infcodes,0.08,0.12,0.13
zlib-1.1.4,inftrees,0.07,0.11,0.12
zlib-1.1.4,infblock,0.12,0.17,0.17
zlib-1.1.4,gzio,0.13,0.14,0.20
zlib-1.1.4,uncompr,0.01,0.02,0.02
