size
"2",,"","","","","arm-none-eabi-gcc (GCC) 4.9.3"
"","-Os -std=gnu89 -mcpu=cortex-m0"
bzip2-1.0.2,compress,7299
bzip2-1.0.2,huffman,968
bzip2-1.0.2,blocksort,5103
bzip2-1.0.2,crctable,1024
bzip2-1.0.2,decompress,6959
bzip2-1.0.2,bzip2,14385
bzip2-1.0.2,randtable,2048
bzip2-1.0.2,bzip2recover,2981
bzip2-1.0.2,bzlib,8527
cg_compiler_opensrc,cpp,5050
cg_compiler_opensrc,parser,13499
cg_compiler_opensrc,atom,2872
cg_compiler_opensrc,constfold,3408
cg_compiler_opensrc,printutils,7839
cg_compiler_opensrc,cgstruct,96
cg_compiler_opensrc,binding,1047
cg_compiler_opensrc,symbols,4841
cg_compiler_opensrc,compile,9818
cg_compiler_opensrc,memory,356
cg_compiler_opensrc,tokenize,550
cg_compiler_opensrc,inline,2146
cg_compiler_opensrc,semantic,3482
cg_compiler_opensrc,scanner,4703
cg_compiler_opensrc,stdlib,3222
cg_compiler_opensrc,support,18727
cg_compiler_opensrc,check,2601
cg_compiler_opensrc,tokens,2241
cg_compiler_opensrc,cgcmain,1971
cg_compiler_opensrc,support_iter,1450
cg_compiler_opensrc,hal,1975
cg_compiler_opensrc,generic_hal,2147
compiler,main,1882
compiler,parser,3716
compiler,scanner,2883
compiler,cg,2043
compiler,vam,3238
compiler,vas,5666
flex-2.5.31,parse,7098
flex-2.5.31,skel,94034
flex-2.5.31,tables,1541
flex-2.5.31,libmain,12
flex-2.5.31,regex,415
flex-2.5.31,main,16466
flex-2.5.31,ecs,412
flex-2.5.31,scan,37852
flex-2.5.31,tblcmp,2604
flex-2.5.31,sym,711
flex-2.5.31,ccl,840
flex-2.5.31,yylex,848
flex-2.5.31,nfa,2880
flex-2.5.31,filter,1761
flex-2.5.31,buf,731
flex-2.5.31,gen,20242
flex-2.5.31,tables_shared,26
flex-2.5.31,options,2610
flex-2.5.31,libyywrap,4
flex-2.5.31,dfa,5450
flex-2.5.31,scanopt,2506
flex-2.5.31,misc,4398
jikespg-1.3,src/ctabs,42016
jikespg-1.3,src/main,5227
jikespg-1.3,src/mkfirst,11336
jikespg-1.3,src/mkstates,2242
jikespg-1.3,src/spacetab,15488
jikespg-1.3,src/partset,1224
jikespg-1.3,src/tabutil,9922
jikespg-1.3,src/prntstat,2628
jikespg-1.3,src/lpgparse,36881
jikespg-1.3,src/timetab,7464
jikespg-1.3,src/remsp,5866
jikespg-1.3,src/globals,268
jikespg-1.3,src/resolve,9108
jikespg-1.3,src/mkred,5396
jikespg-1.3,src/produce,8397
jikespg-1.3,src/ptables,2611
jikespg-1.3,src/lpgutil,3487
jpeg-6b,wrjpgcom,2867
jpeg-6b,jcdctmgr,1144
jpeg-6b,jddctmgr,712
jpeg-6b,jerror,5386
jpeg-6b,jdmainct,1288
jpeg-6b,jidctfst,720
jpeg-6b,jfdctfst,380
jpeg-6b,jfdctint,600
jpeg-6b,jidctint,1004
jpeg-6b,jdmarker,4860
jpeg-6b,rdgif,81
jpeg-6b,jctrans,1124
jpeg-6b,djpeg,5451
jpeg-6b,jdapistd,726
jpeg-6b,wrrle,0
jpeg-6b,jdtrans,270
jpeg-6b,jccolor,1196
jpeg-6b,cjpeg,5085
jpeg-6b,wrgif,2192
jpeg-6b,jcparam,2500
jpeg-6b,jchuff,2572
jpeg-6b,jdcolor,908
jpeg-6b,jcomapi,106
jpeg-6b,jdphuff,2468
jpeg-6b,jccoefct,1484
jpeg-6b,jcapimin,616
jpeg-6b,rdcolmap,1056
jpeg-6b,jdpostct,624
jpeg-6b,transupp,3620
jpeg-6b,jdhuff,2076
jpeg-6b,wrtarga,784
jpeg-6b,jcsample,1648
jpeg-6b,jdatasrc,228
jpeg-6b,jcmainct,304
jpeg-6b,wrbmp,2244
jpeg-6b,rdbmp,1604
jpeg-6b,jcinit,156
jpeg-6b,rdrle,0
jpeg-6b,jquant2,3348
jpeg-6b,jdinput,1016
jpeg-6b,rdjpgcom,2027
jpeg-6b,jdsample,1344
jpeg-6b,jdmaster,1444
jpeg-6b,ansi2knr,2084
jpeg-6b,jdmerge,1068
jpeg-6b,jdatadst,200
jpeg-6b,jcmaster,2084
jpeg-6b,jcapistd,382
jpeg-6b,jcprepct,1032
jpeg-6b,jpegtran,3308
jpeg-6b,jidctflt,1168
jpeg-6b,jmemnobs,64
jpeg-6b,rdswitch,1552
jpeg-6b,wrppm,454
jpeg-6b,jidctred,1020
jpeg-6b,rdppm,1304
jpeg-6b,jdcoefct,2764
jpeg-6b,jquant1,2404
jpeg-6b,jfdctflt,748
jpeg-6b,jdapimin,856
jpeg-6b,jcmarker,1588
jpeg-6b,rdtarga,1324
jpeg-6b,jcphuff,2080
jpeg-6b,jmemmgr,2350
jpeg-6b,jutils,408
jpeg-6b,cdjpeg,96
libmspack,mspack/system,534
libmspack,mspack/chmd,3012
libmspack,mspack/hlpc,6
libmspack,mspack/qtmc,0
libmspack,mspack/kwajd,6
libmspack,mspack/chmc,6
libmspack,mspack/litc,6
libmspack,mspack/qtmd,4220
libmspack,mspack/lzxc,0
libmspack,mspack/cabc,6
libmspack,mspack/litd,6
libmspack,mspack/hlpd,6
libmspack,mspack/mszipc,0
libmspack,mspack/lzxd,5340
libmspack,mspack/cabd,4572
libmspack,mspack/mszipd,22
libmspack,mspack/kwajc,6
libmspack,mspack/szddd,6
libmspack,mspack/szddc,6
libmspack,test/cabd_md5,985
libmspack,test/cabextract_md5,18478
libmspack,test/md5,2652
libmspack,test/chmd_md5,906
libmspack,test/cabrip,347
libmspack,test/cabd_test,9172
libpng-1.2.5,pngtest,5136
libpng-1.2.5,png2pnm,2169
libpng-1.2.5,pngrtran,14656
libpng-1.2.5,pngrio,277
libpng-1.2.5,pngwtran,1252
libpng-1.2.5,pngget,2080
libpng-1.2.5,pngtrans,1700
libpng-1.2.5,pngread,5486
libpng-1.2.5,pnm2png,2349
libpng-1.2.5,pngerror,711
libpng-1.2.5,png,2265
libpng-1.2.5,pngwio,309
libpng-1.2.5,pngwrite,5197
libpng-1.2.5,pngpread,5355
libpng-1.2.5,pngwutil,10093
libpng-1.2.5,pngset,5277
libpng-1.2.5,pngrutil,13079
libpng-1.2.5,pngmem,429
linux-2.4.23-pre3-testplatform,arch/testplatform/mm/init,1360
linux-2.4.23-pre3-testplatform,arch/testplatform/mm/ioremap,531
linux-2.4.23-pre3-testplatform,arch/testplatform/mm/fault,286
linux-2.4.23-pre3-testplatform,arch/testplatform/mm/extable,64
linux-2.4.23-pre3-testplatform,arch/testplatform/lib/checksum,4
linux-2.4.23-pre3-testplatform,arch/testplatform/lib/strcmp,4
linux-2.4.23-pre3-testplatform,arch/testplatform/lib/misaligned,132
linux-2.4.23-pre3-testplatform,arch/testplatform/lib/memcpy,4
linux-2.4.23-pre3-testplatform,arch/testplatform/lib/delay,4
linux-2.4.23-pre3-testplatform,arch/testplatform/lib/strncpy,4
linux-2.4.23-pre3-testplatform,arch/testplatform/lib/memset,4
linux-2.4.23-pre3-testplatform,arch/testplatform/lib/uaccess,12
linux-2.4.23-pre3-testplatform,arch/testplatform/kernel/s390_ext,480
linux-2.4.23-pre3-testplatform,arch/testplatform/kernel/sys_s390,633
linux-2.4.23-pre3-testplatform,arch/testplatform/kernel/cpcmd,2
linux-2.4.23-pre3-testplatform,arch/testplatform/kernel/init_task,16384
linux-2.4.23-pre3-testplatform,arch/testplatform/kernel/signal,2888
linux-2.4.23-pre3-testplatform,arch/testplatform/kernel/ebcdic,1536
linux-2.4.23-pre3-testplatform,arch/testplatform/kernel/entry,18
linux-2.4.23-pre3-testplatform,arch/testplatform/kernel/head,2
linux-2.4.23-pre3-testplatform,arch/testplatform/kernel/ptrace,1024
linux-2.4.23-pre3-testplatform,arch/testplatform/kernel/irq,18
linux-2.4.23-pre3-testplatform,arch/testplatform/kernel/bitmap,3
linux-2.4.23-pre3-testplatform,arch/testplatform/kernel/semaphore,186
linux-2.4.23-pre3-testplatform,arch/testplatform/kernel/time,10
linux-2.4.23-pre3-testplatform,arch/testplatform/kernel/s390fpu,16
linux-2.4.23-pre3-testplatform,arch/testplatform/kernel/debug,2998
linux-2.4.23-pre3-testplatform,arch/testplatform/kernel/needed,16
linux-2.4.23-pre3-testplatform,arch/testplatform/kernel/setup,1676
linux-2.4.23-pre3-testplatform,arch/testplatform/kernel/traps,3646
linux-2.4.23-pre3-testplatform,arch/testplatform/kernel/process,851
linux-2.4.23-pre3-testplatform,arch/testplatform/kernel/reipl,2
linux-2.4.23-pre3-testplatform,fs/char_dev,315
linux-2.4.23-pre3-testplatform,fs/namespace,3323
linux-2.4.23-pre3-testplatform,fs/xattr,596
linux-2.4.23-pre3-testplatform,fs/attr,554
linux-2.4.23-pre3-testplatform,fs/partitions/msdos,284
linux-2.4.23-pre3-testplatform,fs/partitions/check,1175
linux-2.4.23-pre3-testplatform,fs/exec,3128
linux-2.4.23-pre3-testplatform,fs/locks,5756
linux-2.4.23-pre3-testplatform,fs/iobuf,703
linux-2.4.23-pre3-testplatform,fs/binfmt_script,300
linux-2.4.23-pre3-testplatform,fs/dnotify,404
linux-2.4.23-pre3-testplatform,fs/fcntl,1162
linux-2.4.23-pre3-testplatform,fs/pipe,2168
linux-2.4.23-pre3-testplatform,fs/quota,2094
linux-2.4.23-pre3-testplatform,fs/nfsd/nfsctl,599
linux-2.4.23-pre3-testplatform,fs/nfsd/vfs,5548
linux-2.4.23-pre3-testplatform,fs/nfsd/nfscache,1339
linux-2.4.23-pre3-testplatform,fs/nfsd/nfssvc,1066
linux-2.4.23-pre3-testplatform,fs/nfsd/stats,40
linux-2.4.23-pre3-testplatform,fs/nfsd/lockd,184
linux-2.4.23-pre3-testplatform,fs/nfsd/auth,120
linux-2.4.23-pre3-testplatform,fs/nfsd/nfsproc,2903
linux-2.4.23-pre3-testplatform,fs/nfsd/export,4017
linux-2.4.23-pre3-testplatform,fs/nfsd/nfsxdr,1608
linux-2.4.23-pre3-testplatform,fs/nfsd/nfs3xdr,3368
linux-2.4.23-pre3-testplatform,fs/nfsd/nfs3proc,2582
linux-2.4.23-pre3-testplatform,fs/nfsd/nfsfh,3558
linux-2.4.23-pre3-testplatform,fs/fifo,472
linux-2.4.23-pre3-testplatform,fs/ramfs/inode,1067
linux-2.4.23-pre3-testplatform,fs/filesystems,0
linux-2.4.23-pre3-testplatform,fs/file_table,639
linux-2.4.23-pre3-testplatform,fs/block_dev,2673
linux-2.4.23-pre3-testplatform,fs/readdir,1161
linux-2.4.23-pre3-testplatform,fs/binfmt_elf,0
linux-2.4.23-pre3-testplatform,fs/inode,3477
linux-2.4.23-pre3-testplatform,fs/nfs/unlink,556
linux-2.4.23-pre3-testplatform,fs/nfs/symlink,304
linux-2.4.23-pre3-testplatform,fs/nfs/proc,1256
linux-2.4.23-pre3-testplatform,fs/nfs/write,4298
linux-2.4.23-pre3-testplatform,fs/nfs/inode,5368
linux-2.4.23-pre3-testplatform,fs/nfs/file,776
linux-2.4.23-pre3-testplatform,fs/nfs/dir,3344
linux-2.4.23-pre3-testplatform,fs/nfs/nfs3xdr,3924
linux-2.4.23-pre3-testplatform,fs/nfs/pagelist,1611
linux-2.4.23-pre3-testplatform,fs/nfs/read,1668
linux-2.4.23-pre3-testplatform,fs/nfs/flushd,356
linux-2.4.23-pre3-testplatform,fs/nfs/nfs2xdr,2916
linux-2.4.23-pre3-testplatform,fs/nfs/nfs3proc,2016
linux-2.4.23-pre3-testplatform,fs/devices,726
linux-2.4.23-pre3-testplatform,fs/lockd/svcproc,2280
linux-2.4.23-pre3-testplatform,fs/lockd/svcshare,286
linux-2.4.23-pre3-testplatform,fs/lockd/xdr,3079
linux-2.4.23-pre3-testplatform,fs/lockd/svc4proc,2212
linux-2.4.23-pre3-testplatform,fs/lockd/clntproc,2247
linux-2.4.23-pre3-testplatform,fs/lockd/svcsubs,987
linux-2.4.23-pre3-testplatform,fs/lockd/mon,858
linux-2.4.23-pre3-testplatform,fs/lockd/host,1256
linux-2.4.23-pre3-testplatform,fs/lockd/xdr4,2928
linux-2.4.23-pre3-testplatform,fs/lockd/svc,1228
linux-2.4.23-pre3-testplatform,fs/lockd/svclock,1831
linux-2.4.23-pre3-testplatform,fs/lockd/clntlock,688
linux-2.4.23-pre3-testplatform,fs/lockd/lockd_syms,0
linux-2.4.23-pre3-testplatform,fs/file,573
linux-2.4.23-pre3-testplatform,fs/jbd/commit,3450
linux-2.4.23-pre3-testplatform,fs/jbd/journal,6271
linux-2.4.23-pre3-testplatform,fs/jbd/transaction,7480
linux-2.4.23-pre3-testplatform,fs/jbd/checkpoint,2678
linux-2.4.23-pre3-testplatform,fs/jbd/revoke,1655
linux-2.4.23-pre3-testplatform,fs/jbd/recovery,1674
linux-2.4.23-pre3-testplatform,fs/bad_inode,236
linux-2.4.23-pre3-testplatform,fs/stat,456
linux-2.4.23-pre3-testplatform,fs/open,2716
linux-2.4.23-pre3-testplatform,fs/super,2354
linux-2.4.23-pre3-testplatform,fs/select,1600
linux-2.4.23-pre3-testplatform,fs/seq_file,1544
linux-2.4.23-pre3-testplatform,fs/namei,6309
linux-2.4.23-pre3-testplatform,fs/read_write,1480
linux-2.4.23-pre3-testplatform,fs/ioctl,356
linux-2.4.23-pre3-testplatform,fs/buffer,8157
linux-2.4.23-pre3-testplatform,fs/dcache,3086
linux-2.4.23-pre3-testplatform,fs/ext3/fsync,241
linux-2.4.23-pre3-testplatform,fs/ext3/ialloc,2087
linux-2.4.23-pre3-testplatform,fs/ext3/symlink,114
linux-2.4.23-pre3-testplatform,fs/ext3/inode,7805
linux-2.4.23-pre3-testplatform,fs/ext3/file,302
linux-2.4.23-pre3-testplatform,fs/ext3/balloc,3264
linux-2.4.23-pre3-testplatform,fs/ext3/bitmap,116
linux-2.4.23-pre3-testplatform,fs/ext3/dir,860
linux-2.4.23-pre3-testplatform,fs/ext3/super,10200
linux-2.4.23-pre3-testplatform,fs/ext3/namei,4967
linux-2.4.23-pre3-testplatform,fs/ext3/ioctl,571
linux-2.4.23-pre3-testplatform,mm/swap,294
linux-2.4.23-pre3-testplatform,mm/vmalloc,1563
linux-2.4.23-pre3-testplatform,mm/numa,878
linux-2.4.23-pre3-testplatform,mm/mmap,3251
linux-2.4.23-pre3-testplatform,mm/mprotect,1318
linux-2.4.23-pre3-testplatform,mm/bootmem,1262
linux-2.4.23-pre3-testplatform,mm/memory,4542
linux-2.4.23-pre3-testplatform,mm/swapfile,5056
linux-2.4.23-pre3-testplatform,mm/shmem,5067
linux-2.4.23-pre3-testplatform,mm/mlock,952
linux-2.4.23-pre3-testplatform,mm/filemap,9165
linux-2.4.23-pre3-testplatform,mm/page_io,463
linux-2.4.23-pre3-testplatform,mm/page_alloc,3011
linux-2.4.23-pre3-testplatform,mm/slab,2786
linux-2.4.23-pre3-testplatform,mm/swap_state,835
linux-2.4.23-pre3-testplatform,mm/oom_kill,475
linux-2.4.23-pre3-testplatform,mm/vmscan,1802
linux-2.4.23-pre3-testplatform,mm/mremap,1542
linux-2.4.23-pre3-testplatform,lib/string,492
linux-2.4.23-pre3-testplatform,lib/zlib_inflate/inffast,778
linux-2.4.23-pre3-testplatform,lib/zlib_inflate/inflate_syms,0
linux-2.4.23-pre3-testplatform,lib/zlib_inflate/inftrees,6173
linux-2.4.23-pre3-testplatform,lib/zlib_inflate/inflate,1726
linux-2.4.23-pre3-testplatform,lib/zlib_inflate/infutil,270
linux-2.4.23-pre3-testplatform,lib/zlib_inflate/infblock,2042
linux-2.4.23-pre3-testplatform,lib/zlib_inflate/infcodes,1370
linux-2.4.23-pre3-testplatform,lib/vsprintf,2513
linux-2.4.23-pre3-testplatform,lib/bust_spinlocks,50
linux-2.4.23-pre3-testplatform,lib/errno,0
linux-2.4.23-pre3-testplatform,lib/brlock,0
linux-2.4.23-pre3-testplatform,lib/zlib_deflate/deflate_syms,0
linux-2.4.23-pre3-testplatform,lib/zlib_deflate/deflate,3744
linux-2.4.23-pre3-testplatform,lib/zlib_deflate/deftree,6168
linux-2.4.23-pre3-testplatform,lib/dec_and_lock,0
linux-2.4.23-pre3-testplatform,lib/cmdline,170
linux-2.4.23-pre3-testplatform,lib/ctype,256
linux-2.4.23-pre3-testplatform,lib/dump_stack,70
linux-2.4.23-pre3-testplatform,lib/rbtree,652
linux-2.4.23-pre3-testplatform,lib/rwsem-spinlock,356
linux-2.4.23-pre3-testplatform,net/core/sock,2833
linux-2.4.23-pre3-testplatform,net/core/scm,706
linux-2.4.23-pre3-testplatform,net/core/iovec,668
linux-2.4.23-pre3-testplatform,net/core/skbuff,4517
linux-2.4.23-pre3-testplatform,net/core/ethtool,2244
linux-2.4.23-pre3-testplatform,net/core/datagram,1431
linux-2.4.23-pre3-testplatform,net/core/utils,193
linux-2.4.23-pre3-testplatform,net/core/dev_mcast,623
linux-2.4.23-pre3-testplatform,net/core/dst,612
linux-2.4.23-pre3-testplatform,net/core/neighbour,5789
linux-2.4.23-pre3-testplatform,net/core/dev,7526
linux-2.4.23-pre3-testplatform,net/core/rtnetlink,2325
linux-2.4.23-pre3-testplatform,net/socket,4806
linux-2.4.23-pre3-testplatform,net/802/p8023,86
linux-2.4.23-pre3-testplatform,net/ethernet/eth,501
linux-2.4.23-pre3-testplatform,net/8021q/vlan,2058
linux-2.4.23-pre3-testplatform,net/8021q/vlanproc,14
linux-2.4.23-pre3-testplatform,net/8021q/vlan_dev,2982
linux-2.4.23-pre3-testplatform,net/sunrpc/xdr,1420
linux-2.4.23-pre3-testplatform,net/sunrpc/auth_null,276
linux-2.4.23-pre3-testplatform,net/sunrpc/timer,128
linux-2.4.23-pre3-testplatform,net/sunrpc/auth,704
linux-2.4.23-pre3-testplatform,net/sunrpc/clnt,3436
linux-2.4.23-pre3-testplatform,net/sunrpc/svcsock,4164
linux-2.4.23-pre3-testplatform,net/sunrpc/xprt,5177
linux-2.4.23-pre3-testplatform,net/sunrpc/pmap_clnt,613
linux-2.4.23-pre3-testplatform,net/sunrpc/svcauth,440
linux-2.4.23-pre3-testplatform,net/sunrpc/auth_unix,686
linux-2.4.23-pre3-testplatform,net/sunrpc/sched,3460
linux-2.4.23-pre3-testplatform,net/sunrpc/svc,1625
linux-2.4.23-pre3-testplatform,net/sunrpc/sunrpc_syms,0
linux-2.4.23-pre3-testplatform,net/sched/sch_generic,1918
linux-2.4.23-pre3-testplatform,net/netlink/af_netlink,3376
linux-2.4.23-pre3-testplatform,net/ipv4/tcp_output,7536
linux-2.4.23-pre3-testplatform,net/ipv4/tcp_ipv4,10297
linux-2.4.23-pre3-testplatform,net/ipv4/tcp,12777
linux-2.4.23-pre3-testplatform,net/ipv4/route,8132
linux-2.4.23-pre3-testplatform,net/ipv4/ip_input,555
linux-2.4.23-pre3-testplatform,net/ipv4/sysctl_net_ipv4,0
linux-2.4.23-pre3-testplatform,net/ipv4/ip_options,2438
linux-2.4.23-pre3-testplatform,net/ipv4/tcp_timer,2938
linux-2.4.23-pre3-testplatform,net/ipv4/fib_hash,2677
linux-2.4.23-pre3-testplatform,net/ipv4/icmp,3130
linux-2.4.23-pre3-testplatform,net/ipv4/ip_fragment,2341
linux-2.4.23-pre3-testplatform,net/ipv4/proc,2530
linux-2.4.23-pre3-testplatform,net/ipv4/fib_semantics,2386
linux-2.4.23-pre3-testplatform,net/ipv4/igmp,7534
linux-2.4.23-pre3-testplatform,net/ipv4/fib_frontend,1876
linux-2.4.23-pre3-testplatform,net/ipv4/udp,4008
linux-2.4.23-pre3-testplatform,net/ipv4/af_inet,4229
linux-2.4.23-pre3-testplatform,net/ipv4/utils,60
linux-2.4.23-pre3-testplatform,net/ipv4/inetpeer,1406
linux-2.4.23-pre3-testplatform,net/ipv4/ip_forward,348
linux-2.4.23-pre3-testplatform,net/ipv4/protocol,386
linux-2.4.23-pre3-testplatform,net/ipv4/tcp_diag,2594
linux-2.4.23-pre3-testplatform,net/ipv4/tcp_input,17064
linux-2.4.23-pre3-testplatform,net/ipv4/ip_output,3491
linux-2.4.23-pre3-testplatform,net/ipv4/ip_sockglue,3684
linux-2.4.23-pre3-testplatform,net/ipv4/tcp_minisocks,3311
linux-2.4.23-pre3-testplatform,net/ipv4/raw,2640
linux-2.4.23-pre3-testplatform,net/ipv4/devinet,4139
linux-2.4.23-pre3-testplatform,net/ipv4/arp,3668
linux-2.4.23-pre3-testplatform,init/main,1195
linux-2.4.23-pre3-testplatform,init/do_mounts,3418
linux-2.4.23-pre3-testplatform,init/version,502
linux-2.4.23-pre3-testplatform,drivers/block/genhd,158
linux-2.4.23-pre3-testplatform,drivers/block/blkpg,812
linux-2.4.23-pre3-testplatform,drivers/block/ll_rw_blk,4117
linux-2.4.23-pre3-testplatform,drivers/block/elevator,480
linux-2.4.23-pre3-testplatform,drivers/net/loopback,272
linux-2.4.23-pre3-testplatform,drivers/net/net_init,579
linux-2.4.23-pre3-testplatform,drivers/net/Space,3356
linux-2.4.23-pre3-testplatform,drivers/net/auto_irq,48
linux-2.4.23-pre3-testplatform,drivers/net/setup,32
linux-2.4.23-pre3-testplatform,drivers/char/n_tty,3871
linux-2.4.23-pre3-testplatform,drivers/char/random,3896
linux-2.4.23-pre3-testplatform,drivers/char/mem,2052
linux-2.4.23-pre3-testplatform,drivers/char/tty_io,8353
linux-2.4.23-pre3-testplatform,drivers/char/pty,1399
linux-2.4.23-pre3-testplatform,drivers/char/tty_ioctl,1447
linux-2.4.23-pre3-testplatform,drivers/char/raw,1104
linux-2.4.23-pre3-testplatform,drivers/char/misc,748
linux-2.4.23-pre3-testplatform,kernel/sys,3023
linux-2.4.23-pre3-testplatform,kernel/resource,857
linux-2.4.23-pre3-testplatform,kernel/softirq,1518
linux-2.4.23-pre3-testplatform,kernel/signal,2779
linux-2.4.23-pre3-testplatform,kernel/fork,2525
linux-2.4.23-pre3-testplatform,kernel/acct,6
linux-2.4.23-pre3-testplatform,kernel/itimer,484
linux-2.4.23-pre3-testplatform,kernel/timer,2097
linux-2.4.23-pre3-testplatform,kernel/context,539
linux-2.4.23-pre3-testplatform,kernel/exit,1795
linux-2.4.23-pre3-testplatform,kernel/dma,12
linux-2.4.23-pre3-testplatform,kernel/module,759
linux-2.4.23-pre3-testplatform,kernel/ptrace,856
linux-2.4.23-pre3-testplatform,kernel/capability,64
linux-2.4.23-pre3-testplatform,kernel/printk,1528
linux-2.4.23-pre3-testplatform,kernel/kmod,620
linux-2.4.23-pre3-testplatform,kernel/exec_domain,591
linux-2.4.23-pre3-testplatform,kernel/sched,3253
linux-2.4.23-pre3-testplatform,kernel/time,1140
linux-2.4.23-pre3-testplatform,kernel/info,192
linux-2.4.23-pre3-testplatform,kernel/user,188
linux-2.4.23-pre3-testplatform,kernel/panic,526
linux-2.4.23-pre3-testplatform,kernel/sysctl,72
linux-2.4.23-pre3-testplatform,ipc/sem,3411
linux-2.4.23-pre3-testplatform,ipc/util,743
linux-2.4.23-pre3-testplatform,ipc/shm,2291
linux-2.4.23-pre3-testplatform,ipc/msg,1914
lwip-0.5.3.preproc,proj/unixsim/simhost,338
lwip-0.5.3.preproc,proj/unixsim/simnode,322
lwip-0.5.3.preproc,proj/unixsim/apps/fs,39809
lwip-0.5.3.preproc,proj/unixsim/apps/udpecho,132
lwip-0.5.3.preproc,proj/unixsim/apps/shell,7901
lwip-0.5.3.preproc,proj/unixsim/apps/httpd,555
lwip-0.5.3.preproc,proj/unixsim/apps/tcpecho,112
lwip-0.5.3.preproc,proj/unixsim/simrouter,466
lwip-0.5.3.preproc,src/netif/tcpdump,1319
lwip-0.5.3.preproc,src/netif/loopif,76
lwip-0.5.3.preproc,src/netif/arp,1144
lwip-0.5.3.preproc,src/core/tcp_output,2124
lwip-0.5.3.preproc,src/core/sys,256
lwip-0.5.3.preproc,src/core/tcp,2101
lwip-0.5.3.preproc,src/core/pbuf,1080
lwip-0.5.3.preproc,src/core/inet,318
lwip-0.5.3.preproc,src/core/stats,20
lwip-0.5.3.preproc,src/core/udp,880
lwip-0.5.3.preproc,src/core/mem,780
lwip-0.5.3.preproc,src/core/memp,628
lwip-0.5.3.preproc,src/core/tcp_input,3688
lwip-0.5.3.preproc,src/core/netif,400
lwip-0.5.3.preproc,src/core/ipv4/ip_addr,4
lwip-0.5.3.preproc,src/core/ipv4/icmp,648
lwip-0.5.3.preproc,src/core/ipv4/ip,1256
lwip-0.5.3.preproc,src/api/err,0
lwip-0.5.3.preproc,src/api/api_msg,1244
lwip-0.5.3.preproc,src/api/api_lib,1488
lwip-0.5.3.preproc,src/api/tcpip,244
lwip-0.5.3.preproc,src/api/sockets,828
mpeg2dec-0.3.1,libvo/video_out_sdl,637
mpeg2dec-0.3.1,libvo/video_out_pgm,405
mpeg2dec-0.3.1,libvo/video_out_dx,0
mpeg2dec-0.3.1,libvo/video_out_null,184
mpeg2dec-0.3.1,libvo/video_out,146
mpeg2dec-0.3.1,libvo/video_out_x11,0
mpeg2dec-0.3.1,libvo/yuv2rgb,3344
mpeg2dec-0.3.1,libvo/yuv2rgb_mmx,0
mpeg2dec-0.3.1,libvo/yuv2rgb_mlib,0
mpeg2dec-0.3.1,src/getopt,2364
mpeg2dec-0.3.1,src/gettimeofday,0
mpeg2dec-0.3.1,src/extract_mpeg2,2636
mpeg2dec-0.3.1,src/mpeg2dec,3642
mpeg2dec-0.3.1,libmpeg2/idct_alpha,0
mpeg2dec-0.3.1,libmpeg2/cpu_accel,4
mpeg2dec-0.3.1,libmpeg2/motion_comp,3424
mpeg2dec-0.3.1,libmpeg2/motion_comp_alpha,0
mpeg2dec-0.3.1,libmpeg2/cpu_state,2
mpeg2dec-0.3.1,libmpeg2/idct_mmx,0
mpeg2dec-0.3.1,libmpeg2/decode,1900
mpeg2dec-0.3.1,libmpeg2/slice,14352
mpeg2dec-0.3.1,libmpeg2/idct_mlib,0
mpeg2dec-0.3.1,libmpeg2/idct_altivec,0
mpeg2dec-0.3.1,libmpeg2/motion_comp_mlib,0
mpeg2dec-0.3.1,libmpeg2/idct,1268
mpeg2dec-0.3.1,libmpeg2/header,3496
mpeg2dec-0.3.1,libmpeg2/motion_comp_altivec,0
mpeg2dec-0.3.1,libmpeg2/motion_comp_mmx,0
mpeg2dec-0.3.1,libmpeg2/alloc,88
mpgcut-1.1,mpgcut,8819
OpenTCP-1.0.4,bootp/bootp,980
OpenTCP-1.0.4,system,788
OpenTCP-1.0.4,tcp,4010
OpenTCP-1.0.4,smtp/smtp_client,1460
OpenTCP-1.0.4,smtp/smtpc_callbacks,16
OpenTCP-1.0.4,dns/dns,1016
OpenTCP-1.0.4,icmp,264
OpenTCP-1.0.4,timers,176
OpenTCP-1.0.4,ethernet,1464
OpenTCP-1.0.4,pop3/pop3_client,2495
OpenTCP-1.0.4,pop3/pop3c_callbacks,18
OpenTCP-1.0.4,ip,1304
OpenTCP-1.0.4,udp,1134
OpenTCP-1.0.4,dhcp/dhcpc,1776
OpenTCP-1.0.4,demo/udp_demo,192
OpenTCP-1.0.4,demo/main_demo,216
OpenTCP-1.0.4,demo/tcp_client_demo,284
OpenTCP-1.0.4,demo/tcp_server_demo,248
OpenTCP-1.0.4,tftp/tftps,620
OpenTCP-1.0.4,http/https_callbacks,592
OpenTCP-1.0.4,http/http_server,976
OpenTCP-1.0.4,arp,1677
replaypc-0.4.0.preproc,dump-addressbook,349
replaypc-0.4.0.preproc,zipcode,343
replaypc-0.4.0.preproc,dump-guide,338
replaypc-0.4.0.preproc,rddnsclient,950
replaypc-0.4.0.preproc,headend,1498
replaypc-0.4.0.preproc,ndx-dump,3348
replaypc-0.4.0.preproc,addressbook,519
replaypc-0.4.0.preproc,rtv,500
replaypc-0.4.0.preproc,ndx,361
replaypc-0.4.0.preproc,dump-cg2,359
replaypc-0.4.0.preproc,dump-filedarray,360
replaypc-0.4.0.preproc,un-protect,1062
replaypc-0.4.0.preproc,dump-programset,469
replaypc-0.4.0.preproc,dump-channelset,252
replaypc-0.4.0.preproc,crypt-test,879
replaypc-0.4.0.preproc,guide,6142
replaypc-0.4.0.preproc,httpfsclient,1606
replaypc-0.4.0.preproc,program,4350
replaypc-0.4.0.preproc,bigfile,136
replaypc-0.4.0.preproc,rtvguide,1398
replaypc-0.4.0.preproc,httpclient,1712
replaypc-0.4.0.preproc,find-GOPs,164
replaypc-0.4.0.preproc,sleep,14
replaypc-0.4.0.preproc,cg,1563
replaypc-0.4.0.preproc,dump-replayshows,218
replaypc-0.4.0.preproc,rddns,445
replaypc-0.4.0.preproc,dump-replaychannels,226
replaypc-0.4.0.preproc,dump-headend,224
replaypc-0.4.0.preproc,channelset,155
replaypc-0.4.0.preproc,crypt,672
replaypc-0.4.0.preproc,mark-commercial,1774
replaypc-0.4.0.preproc,httpfs,5054
replaypc-0.4.0.preproc,filedarray,182
replaypc-0.4.0.preproc,build-ndx,408
replaypc-0.4.0.preproc,version-test,114
replaypc-0.4.0.preproc,dump,1201
replaypc-0.4.0.preproc,dump-zipcode2,196
replaypc-0.4.0.preproc,ReplayPC,3500
replaypc-0.4.0.preproc,guideclient,533
teem-1.6.0-src,src/air/sane,3186
teem-1.6.0-src,src/air/string,852
teem-1.6.0-src,src/air/754,1335
teem-1.6.0-src,src/air/array,460
teem-1.6.0-src,src/air/parseAir,4580
teem-1.6.0-src,src/air/threadAir,857
teem-1.6.0-src,src/air/endianAir,1340
teem-1.6.0-src,src/air/dio,1852
teem-1.6.0-src,src/air/enum,620
teem-1.6.0-src,src/air/miscAir,3784
teem-1.6.0-src,src/air/mop,1359
teem-1.6.0-src,src/air/test/doubleprint,570
teem-1.6.0-src,src/air/test/floatprint,564
teem-1.6.0-src,src/air/test/tline,365
teem-1.6.0-src,src/air/test/fp,1530
teem-1.6.0-src,src/air/test/tmop,543
teem-1.6.0-src,src/air/test/tok,274
teem-1.6.0-src,src/limn/hestLimn,954
teem-1.6.0-src,src/limn/qn,2589
teem-1.6.0-src,src/limn/splineEval,5737
teem-1.6.0-src,src/limn/splineMethods,4391
teem-1.6.0-src,src/limn/renderLimn,2767
teem-1.6.0-src,src/limn/obj,656
teem-1.6.0-src,src/limn/shapes,3400
teem-1.6.0-src,src/limn/methodsLimn,208
teem-1.6.0-src,src/limn/transform,2697
teem-1.6.0-src,src/limn/cam,4758
teem-1.6.0-src,src/limn/light,742
teem-1.6.0-src,src/limn/splineMisc,14222
teem-1.6.0-src,src/limn/env,1068
teem-1.6.0-src,src/limn/io,637
teem-1.6.0-src,src/limn/test/soid,3149
teem-1.6.0-src,src/limn/test/tps,2296
teem-1.6.0-src,src/limn/test/tcam,1164
teem-1.6.0-src,src/limn/test/tbc,1608
teem-1.6.0-src,src/limn/test/tcamanim,3127
teem-1.6.0-src,src/limn/test/light,480
teem-1.6.0-src,src/limn/test/map,276
teem-1.6.0-src,src/limn/test/tspline,1885
teem-1.6.0-src,src/limn/defaultsLimn,13
teem-1.6.0-src,src/bane/gkmsFlotsam,2874
teem-1.6.0-src,src/bane/trex,318
teem-1.6.0-src,src/bane/methodsBane,563
teem-1.6.0-src,src/bane/clip,1387
teem-1.6.0-src,src/bane/gkmsHvol,2702
teem-1.6.0-src,src/bane/gkmsScat,1448
teem-1.6.0-src,src/bane/valid,2178
teem-1.6.0-src,src/bane/gkmsMite,1104
teem-1.6.0-src,src/bane/gkmsOpac,3065
teem-1.6.0-src,src/bane/gkmsTxf,2956
teem-1.6.0-src,src/bane/hvol,6313
teem-1.6.0-src,src/bane/scat,661
teem-1.6.0-src,src/bane/measr,1670
teem-1.6.0-src,src/bane/trnsf,4039
teem-1.6.0-src,src/bane/gkmsPvg,2850
teem-1.6.0-src,src/bane/gkmsInfo,1237
teem-1.6.0-src,src/bane/defaultsBane,29
teem-1.6.0-src,src/bane/test/sigma,141
teem-1.6.0-src,src/bane/test/pos,533
teem-1.6.0-src,src/bane/test/tblah,981
teem-1.6.0-src,src/bane/test/opac,430
teem-1.6.0-src,src/bane/test/tinfo,473
teem-1.6.0-src,src/bane/inc,3697
teem-1.6.0-src,src/bane/rangeBane,1645
teem-1.6.0-src,src/alan/methodsAlan,1932
teem-1.6.0-src,src/alan/coreAlan,3763
teem-1.6.0-src,src/alan/enumsAlan,2480
teem-1.6.0-src,src/alan/test/tspot,887
teem-1.6.0-src,src/echo/sqd,7013
teem-1.6.0-src,src/echo/set,912
teem-1.6.0-src,src/echo/renderEcho,4510
teem-1.6.0-src,src/echo/bounds,6267
teem-1.6.0-src,src/echo/matter,332
teem-1.6.0-src,src/echo/methodsEcho,505
teem-1.6.0-src,src/echo/model,1096
teem-1.6.0-src,src/echo/intx,13194
teem-1.6.0-src,src/echo/enumsEcho,13168
teem-1.6.0-src,src/echo/list,1224
teem-1.6.0-src,src/echo/color,7596
teem-1.6.0-src,src/echo/lightEcho,633
teem-1.6.0-src,src/echo/objmethods,1160
teem-1.6.0-src,src/echo/test/test,882
teem-1.6.0-src,src/echo/test/trend,6925
teem-1.6.0-src,src/nrrd/methodsNrrd,3569
teem-1.6.0-src,src/nrrd/endianNrrd,495
teem-1.6.0-src,src/nrrd/format,592
teem-1.6.0-src,src/nrrd/simple,4095
teem-1.6.0-src,src/nrrd/encodingRaw,1768
teem-1.6.0-src,src/nrrd/encodingGzip,561
teem-1.6.0-src,src/nrrd/range,568
teem-1.6.0-src,src/nrrd/apply1D,7174
teem-1.6.0-src,src/nrrd/histogram,5577
teem-1.6.0-src,src/nrrd/hestNrrd,959
teem-1.6.0-src,src/nrrd/keyvalue,673
teem-1.6.0-src,src/nrrd/measure,7932
teem-1.6.0-src,src/nrrd/formatPNG,626
teem-1.6.0-src,src/nrrd/encoding,584
teem-1.6.0-src,src/nrrd/winKernel,19032
teem-1.6.0-src,src/nrrd/gzio,0
teem-1.6.0-src,src/nrrd/encodingBzip2,494
teem-1.6.0-src,src/nrrd/reorder,7908
teem-1.6.0-src,src/nrrd/cc,9574
teem-1.6.0-src,src/nrrd/write,3626
teem-1.6.0-src,src/nrrd/comment,379
teem-1.6.0-src,src/nrrd/axis,2704
teem-1.6.0-src,src/nrrd/convertNrrd,3148
teem-1.6.0-src,src/nrrd/tmfKernel,155557
teem-1.6.0-src,src/nrrd/arraysNrrd,2368
teem-1.6.0-src,src/nrrd/formatText,2442
teem-1.6.0-src,src/nrrd/formatNRRD,3224
teem-1.6.0-src,src/nrrd/resampleNrrd,5840
teem-1.6.0-src,src/nrrd/enumsNrrd,86276
teem-1.6.0-src,src/nrrd/subset,2236
teem-1.6.0-src,src/nrrd/kernel,24150
teem-1.6.0-src,src/nrrd/defaultsNrrd,659
teem-1.6.0-src,src/nrrd/filt,5090
teem-1.6.0-src,src/nrrd/map,4687
teem-1.6.0-src,src/nrrd/formatPNM,2639
teem-1.6.0-src,src/nrrd/formatVTK,5127
teem-1.6.0-src,src/nrrd/superset,4060
teem-1.6.0-src,src/nrrd/iter,539
teem-1.6.0-src,src/nrrd/read,2455
teem-1.6.0-src,src/nrrd/encodingAscii,1353
teem-1.6.0-src,src/nrrd/encodingHex,1444
teem-1.6.0-src,src/nrrd/test/tread,252
teem-1.6.0-src,src/nrrd/test/typestest,364
teem-1.6.0-src,src/nrrd/test/minmax,276
teem-1.6.0-src,src/nrrd/test/convo,1653
teem-1.6.0-src,src/nrrd/test/tkernel,1731
teem-1.6.0-src,src/nrrd/test/tline,318
teem-1.6.0-src,src/nrrd/test/trand,153
teem-1.6.0-src,src/nrrd/test/kv,331
teem-1.6.0-src,src/nrrd/test/ax,2947
teem-1.6.0-src,src/nrrd/test/io,345
teem-1.6.0-src,src/nrrd/test/quadvol,1569
teem-1.6.0-src,src/nrrd/test/genvol,1515
teem-1.6.0-src,src/nrrd/ccmethods,1012
teem-1.6.0-src,src/nrrd/parseNrrd,5222
teem-1.6.0-src,src/nrrd/accessors,6163
teem-1.6.0-src,src/nrrd/formatEPS,2261
teem-1.6.0-src,src/nrrd/arith,5083
teem-1.6.0-src,src/hoover/defaultsHoover,19
teem-1.6.0-src,src/hoover/rays,3387
teem-1.6.0-src,src/hoover/stub,56
teem-1.6.0-src,src/hoover/methodsHoover,1562
teem-1.6.0-src,src/hest/methodsHest,1905
teem-1.6.0-src,src/hest/usage,2406
teem-1.6.0-src,src/hest/parseHest,10822
teem-1.6.0-src,src/hest/defaultsHest,12
teem-1.6.0-src,src/hest/test/strings,1091
teem-1.6.0-src,src/hest/test/ex0,401
teem-1.6.0-src,src/hest/test/ex3,1418
teem-1.6.0-src,src/hest/test/bday,970
teem-1.6.0-src,src/hest/test/ex5,733
teem-1.6.0-src,src/hest/test/ex4,1036
teem-1.6.0-src,src/hest/test/ex2,928
teem-1.6.0-src,src/hest/test/ex1,1019
teem-1.6.0-src,src/biff/test/test,212
teem-1.6.0-src,src/biff/biff,2115
teem-1.6.0-src,src/ten/tendShrink,896
teem-1.6.0-src,src/ten/tendSim,1288
teem-1.6.0-src,src/ten/defaultsTen,64
teem-1.6.0-src,src/ten/mod,2497
teem-1.6.0-src,src/ten/tendEvec,1574
teem-1.6.0-src,src/ten/tendMake,913
teem-1.6.0-src,src/ten/tendPoint,1480
teem-1.6.0-src,src/ten/chan,7653
teem-1.6.0-src,src/ten/tendAnhist,1111
teem-1.6.0-src,src/ten/tendEllipse,2349
teem-1.6.0-src,src/ten/tendSatin,5096
teem-1.6.0-src,src/ten/tendEpireg,4336
teem-1.6.0-src,src/ten/tendEvq,2117
teem-1.6.0-src,src/ten/tendEvaladd,924
teem-1.6.0-src,src/ten/tendSlice,945
teem-1.6.0-src,src/ten/tendEvalclamp,1212
teem-1.6.0-src,src/ten/glyph,4431
teem-1.6.0-src,src/ten/tendBmat,1289
teem-1.6.0-src,src/ten/tendAnplot,1593
teem-1.6.0-src,src/ten/tensor,5802
teem-1.6.0-src,src/ten/fiber,4182
teem-1.6.0-src,src/ten/tenGage,3325
teem-1.6.0-src,src/ten/tendSten,1278
teem-1.6.0-src,src/ten/tendFiber,2492
teem-1.6.0-src,src/ten/enumsTen,26184
teem-1.6.0-src,src/ten/tendEval,1532
teem-1.6.0-src,src/ten/tendEvecrgb,1827
teem-1.6.0-src,src/ten/tendEstim,3729
teem-1.6.0-src,src/ten/tendFlotsam,1258
teem-1.6.0-src,src/ten/tendGlyph,6424
teem-1.6.0-src,src/ten/fiberMethods,2401
teem-1.6.0-src,src/ten/miscTen,3205
teem-1.6.0-src,src/ten/tendNorm,1225
teem-1.6.0-src,src/ten/tendAnscale,1323
teem-1.6.0-src,src/ten/tendAnvol,1437
teem-1.6.0-src,src/ten/aniso,3211
teem-1.6.0-src,src/ten/tendEvalpow,835
teem-1.6.0-src,src/ten/test/tg,2311
teem-1.6.0-src,src/ten/test/tem,996
teem-1.6.0-src,src/ten/test/tt,2606
teem-1.6.0-src,src/ten/bimod,5553
teem-1.6.0-src,src/ten/tendExpand,1392
teem-1.6.0-src,src/ten/epireg,12091
teem-1.6.0-src,src/moss/hestMoss,1022
teem-1.6.0-src,src/moss/methodsMoss,896
teem-1.6.0-src,src/moss/sampler,2005
teem-1.6.0-src,src/moss/xform,3026
teem-1.6.0-src,src/moss/defaultsMoss,17
teem-1.6.0-src,src/moss/test/invert,288
teem-1.6.0-src,src/unrrdu/gamma,1274
teem-1.6.0-src,src/unrrdu/ccsettle,1014
teem-1.6.0-src,src/unrrdu/axsplit,1076
teem-1.6.0-src,src/unrrdu/swap,813
teem-1.6.0-src,src/unrrdu/unquantize,1119
teem-1.6.0-src,src/unrrdu/flotsam,2498
teem-1.6.0-src,src/unrrdu/imap,2382
teem-1.6.0-src,src/unrrdu/jhisto,2537
teem-1.6.0-src,src/unrrdu/join,1420
teem-1.6.0-src,src/unrrdu/data,1248
teem-1.6.0-src,src/unrrdu/block,1082
teem-1.6.0-src,src/unrrdu/cmedian,2428
teem-1.6.0-src,src/unrrdu/ccadj,1121
teem-1.6.0-src,src/unrrdu/inset,1301
teem-1.6.0-src,src/unrrdu/resample,3302
teem-1.6.0-src,src/unrrdu/unblock,1094
teem-1.6.0-src,src/unrrdu/minmax,1050
teem-1.6.0-src,src/unrrdu/project,1829
teem-1.6.0-src,src/unrrdu/head,1354
teem-1.6.0-src,src/unrrdu/permute,965
teem-1.6.0-src,src/unrrdu/ccmerge,2555
teem-1.6.0-src,src/unrrdu/1op,1615
teem-1.6.0-src,src/unrrdu/ccfind,1665
teem-1.6.0-src,src/unrrdu/lut,2001
teem-1.6.0-src,src/unrrdu/crop,1344
teem-1.6.0-src,src/unrrdu/rmap,2441
teem-1.6.0-src,src/unrrdu/axdelete,1346
teem-1.6.0-src,src/unrrdu/histo,1422
teem-1.6.0-src,src/unrrdu/flip,774
teem-1.6.0-src,src/unrrdu/convert,1108
teem-1.6.0-src,src/unrrdu/slice,1189
teem-1.6.0-src,src/unrrdu/2op,2102
teem-1.6.0-src,src/unrrdu/dice,1682
teem-1.6.0-src,src/unrrdu/save,2650
teem-1.6.0-src,src/unrrdu/3op,2216
teem-1.6.0-src,src/unrrdu/axinfo,1341
teem-1.6.0-src,src/unrrdu/axmerge,1283
teem-1.6.0-src,src/unrrdu/histax,1247
teem-1.6.0-src,src/unrrdu/pad,1696
teem-1.6.0-src,src/unrrdu/dhisto,1278
teem-1.6.0-src,src/unrrdu/reshape,942
teem-1.6.0-src,src/unrrdu/shuffle,1580
teem-1.6.0-src,src/unrrdu/axinsert,1049
teem-1.6.0-src,src/unrrdu/splice,1313
teem-1.6.0-src,src/unrrdu/make,6154
teem-1.6.0-src,src/unrrdu/quantize,1550
teem-1.6.0-src,src/unrrdu/about,2707
teem-1.6.0-src,src/unrrdu/heq,2009
teem-1.6.0-src,src/mite/renderMite,1025
teem-1.6.0-src,src/mite/ray,3854
teem-1.6.0-src,src/mite/txf,7015
teem-1.6.0-src,src/mite/thread,254
teem-1.6.0-src,src/mite/user,807
teem-1.6.0-src,src/mite/defaultsMite,37
teem-1.6.0-src,src/hex/dehex,1231
teem-1.6.0-src,src/hex/enhex,713
teem-1.6.0-src,src/dye/methodsDye,1886
teem-1.6.0-src,src/dye/test/bow,562
teem-1.6.0-src,src/dye/test/conv,356
teem-1.6.0-src,src/dye/convertDye,3212
teem-1.6.0-src,src/gage/sclprint,941
teem-1.6.0-src,src/gage/vecGage,13468
teem-1.6.0-src,src/gage/sclfilter,8901
teem-1.6.0-src,src/gage/scl,19232
teem-1.6.0-src,src/gage/update,4128
teem-1.6.0-src,src/gage/ctx,4008
teem-1.6.0-src,src/gage/print,5405
teem-1.6.0-src,src/gage/filter,2999
teem-1.6.0-src,src/gage/st,2895
teem-1.6.0-src,src/gage/sclanswer,6521
teem-1.6.0-src,src/gage/vecprint,52
teem-1.6.0-src,src/gage/defaultsGage,53
teem-1.6.0-src,src/gage/pvl,1303
teem-1.6.0-src,src/gage/miscGage,5187
teem-1.6.0-src,src/gage/shape,2872
teem-1.6.0-src,src/ell/miscEll,975
teem-1.6.0-src,src/ell/genmat,2839
teem-1.6.0-src,src/ell/vecEll,1442
teem-1.6.0-src,src/ell/eigen,4408
teem-1.6.0-src,src/ell/quat,14794
teem-1.6.0-src,src/ell/cubicEll,2012
teem-1.6.0-src,src/ell/mat,24386
teem-1.6.0-src,src/ell/test/sort3,602
teem-1.6.0-src,src/ell/test/invert,617
teem-1.6.0-src,src/ell/test/tq,5235
ttt-0.10.1.preproc,src/engine,1532
ttt-0.10.1.preproc,src/parse,1003
ttt-0.10.1.preproc,src/main,937
ttt-0.10.1.preproc,src/util,1708
ttt-0.10.1.preproc,src/ttt,4369
ttt-0.10.1.preproc,src/connect4,2817
unrarlib-0.4.0,samples/unix/getfile/getfile,729
unrarlib-0.4.0,samples/unix/listarchive/listarchive,910
unrarlib-0.4.0,unrarlib/unrarlib,9548
zlib-1.1.4,compress,114
zlib-1.1.4,crc32,1220
zlib-1.1.4,zutil,211
zlib-1.1.4,inffast,798
zlib-1.1.4,uncompr,94
zlib-1.1.4,adler32,196
zlib-1.1.4,deflate,4152
zlib-1.1.4,inftrees,6301
zlib-1.1.4,gzio,2591
zlib-1.1.4,trees,7584
zlib-1.1.4,inflate,1347
zlib-1.1.4,infutil,270
zlib-1.1.4,infblock,2230
zlib-1.1.4,infcodes,1398
