size
"2",,"","","","","arm-none-eabi-gcc (GCC) 8.2.0"
"","-Os -std=gnu89 -mcpu=cortex-m3"
bzip2-1.0.2,huffman,806
bzip2-1.0.2,decompress,6475
bzip2-1.0.2,bzip2recover,2801
bzip2-1.0.2,crctable,1024
bzip2-1.0.2,compress,5907
bzip2-1.0.2,randtable,2048
bzip2-1.0.2,bzlib,7987
bzip2-1.0.2,blocksort,4555
bzip2-1.0.2,bzip2,14229
cg_compiler_opensrc,support,17883
cg_compiler_opensrc,cgcmain,1855
cg_compiler_opensrc,constfold,3384
cg_compiler_opensrc,support_iter,1454
cg_compiler_opensrc,symbols,4857
cg_compiler_opensrc,printutils,7923
cg_compiler_opensrc,atom,2824
cg_compiler_opensrc,cpp,4854
cg_compiler_opensrc,compile,9426
cg_compiler_opensrc,cgstruct,80
cg_compiler_opensrc,tokens,2205
cg_compiler_opensrc,binding,1071
cg_compiler_opensrc,hal,1899
cg_compiler_opensrc,stdlib,3222
cg_compiler_opensrc,check,2549
cg_compiler_opensrc,generic_hal,2107
cg_compiler_opensrc,memory,348
cg_compiler_opensrc,tokenize,546
cg_compiler_opensrc,scanner,4555
cg_compiler_opensrc,parser,13559
cg_compiler_opensrc,semantic,3430
cg_compiler_opensrc,inline,2106
compiler,cg,2075
compiler,vam,3165
compiler,vas,5546
compiler,scanner,2771
compiler,parser,3644
compiler,main,1882
flex-2.5.31,regex,411
flex-2.5.31,yylex,744
flex-2.5.31,skel,94034
flex-2.5.31,filter,1737
flex-2.5.31,scanopt,2474
flex-2.5.31,ccl,768
flex-2.5.31,parse,7022
flex-2.5.31,nfa,2928
flex-2.5.31,misc,4222
flex-2.5.31,scan,37120
flex-2.5.31,dfa,5178
flex-2.5.31,tblcmp,2536
flex-2.5.31,tables,1493
flex-2.5.31,buf,707
flex-2.5.31,ecs,408
flex-2.5.31,sym,683
flex-2.5.31,libmain,12
flex-2.5.31,tables_shared,20
flex-2.5.31,options,2610
flex-2.5.31,libyywrap,4
flex-2.5.31,main,15754
flex-2.5.31,gen,20030
jikespg-1.3,src/mkstates,2194
jikespg-1.3,src/prntstat,2556
jikespg-1.3,src/resolve,8880
jikespg-1.3,src/globals,264
jikespg-1.3,src/ctabs,41608
jikespg-1.3,src/produce,7889
jikespg-1.3,src/mkred,5096
jikespg-1.3,src/ptables,2599
jikespg-1.3,src/lpgparse,35797
jikespg-1.3,src/lpgutil,3347
jikespg-1.3,src/spacetab,15024
jikespg-1.3,src/remsp,5554
jikespg-1.3,src/partset,1212
jikespg-1.3,src/mkfirst,10848
jikespg-1.3,src/main,4979
jikespg-1.3,src/tabutil,9942
jikespg-1.3,src/timetab,7492
jpeg-6b,jcmainct,280
jpeg-6b,wrtarga,704
jpeg-6b,jdmainct,1148
jpeg-6b,jdsample,1208
jpeg-6b,jdmaster,1288
jpeg-6b,jdpostct,604
jpeg-6b,jquant1,2108
jpeg-6b,wrbmp,1868
jpeg-6b,djpeg,5343
jpeg-6b,jcinit,144
jpeg-6b,rdjpgcom,1991
jpeg-6b,rdgif,81
jpeg-6b,jfdctint,588
jpeg-6b,wrppm,474
jpeg-6b,wrjpgcom,2743
jpeg-6b,jcapistd,360
jpeg-6b,jchuff,2468
jpeg-6b,jdcolor,936
jpeg-6b,jpegtran,3236
jpeg-6b,jcparam,2520
jpeg-6b,jdmerge,1124
jpeg-6b,jddctmgr,668
jpeg-6b,ansi2knr,2000
jpeg-6b,jfdctfst,400
jpeg-6b,jccolor,1116
jpeg-6b,jdphuff,2196
jpeg-6b,jmemmgr,2274
jpeg-6b,jfdctflt,788
jpeg-6b,wrrle,0
jpeg-6b,jidctfst,676
jpeg-6b,jcmaster,1948
jpeg-6b,jdatadst,204
jpeg-6b,jutils,402
jpeg-6b,rdswitch,1572
jpeg-6b,jcprepct,956
jpeg-6b,rdcolmap,1044
jpeg-6b,jcdctmgr,1184
jpeg-6b,jdapimin,780
jpeg-6b,jcomapi,98
jpeg-6b,rdbmp,1576
jpeg-6b,jdcoefct,2440
jpeg-6b,jerror,5394
jpeg-6b,jidctred,888
jpeg-6b,jidctint,848
jpeg-6b,cjpeg,4941
jpeg-6b,rdppm,1244
jpeg-6b,jquant2,3060
jpeg-6b,jdapistd,676
jpeg-6b,cdjpeg,80
jpeg-6b,transupp,3308
jpeg-6b,rdtarga,1388
jpeg-6b,wrgif,1688
jpeg-6b,jdhuff,2004
jpeg-6b,jctrans,1056
jpeg-6b,jdmarker,4580
jpeg-6b,jcmarker,1412
jpeg-6b,jccoefct,1344
jpeg-6b,jcsample,1508
jpeg-6b,jcapimin,568
jpeg-6b,jmemnobs,44
jpeg-6b,jidctflt,1104
jpeg-6b,jdtrans,244
jpeg-6b,jdatasrc,224
jpeg-6b,jdinput,972
jpeg-6b,jcphuff,1972
jpeg-6b,rdrle,0
libmspack,test/md5,2432
libmspack,test/cabd_md5,1053
libmspack,test/cabextract_md5,16650
libmspack,test/cabrip,365
libmspack,test/chmd_md5,966
libmspack,test/cabd_test,8338
libmspack,mspack/lzxc,0
libmspack,mspack/qtmc,0
libmspack,mspack/kwajc,6
libmspack,mspack/cabc,6
libmspack,mspack/szddc,6
libmspack,mspack/cabd,4156
libmspack,mspack/hlpd,6
libmspack,mspack/litd,6
libmspack,mspack/mszipd,18
libmspack,mspack/kwajd,6
libmspack,mspack/qtmd,3436
libmspack,mspack/litc,6
libmspack,mspack/lzxd,4440
libmspack,mspack/mszipc,0
libmspack,mspack/chmd,2356
libmspack,mspack/szddd,6
libmspack,mspack/chmc,6
libmspack,mspack/system,502
libmspack,mspack/hlpc,6
libpng-1.2.5,pngtrans,1836
libpng-1.2.5,pngwrite,4961
libpng-1.2.5,pngtest,5296
libpng-1.2.5,pngerror,723
libpng-1.2.5,pngpread,4603
libpng-1.2.5,pngrutil,12463
libpng-1.2.5,pngrio,269
libpng-1.2.5,pngread,5158
libpng-1.2.5,pngrtran,14284
libpng-1.2.5,pngwio,301
libpng-1.2.5,pngwtran,1322
libpng-1.2.5,png,2176
libpng-1.2.5,png2pnm,2165
libpng-1.2.5,pngwutil,9817
libpng-1.2.5,pngmem,341
libpng-1.2.5,pnm2png,2337
libpng-1.2.5,pngget,1900
libpng-1.2.5,pngset,4889
linux-2.4.23-pre3-testplatform,net/socket,4516
linux-2.4.23-pre3-testplatform,net/8021q/vlanproc,14
linux-2.4.23-pre3-testplatform,net/8021q/vlan,504
linux-2.4.23-pre3-testplatform,net/8021q/vlan_dev,2906
linux-2.4.23-pre3-testplatform,net/802/p8023,78
linux-2.4.23-pre3-testplatform,net/netlink/af_netlink,2824
linux-2.4.23-pre3-testplatform,net/ipv4/ip_sockglue,3456
linux-2.4.23-pre3-testplatform,net/ipv4/proc,2550
linux-2.4.23-pre3-testplatform,net/ipv4/inetpeer,1326
linux-2.4.23-pre3-testplatform,net/ipv4/tcp,9313
linux-2.4.23-pre3-testplatform,net/ipv4/tcp_timer,2502
linux-2.4.23-pre3-testplatform,net/ipv4/ip_forward,300
linux-2.4.23-pre3-testplatform,net/ipv4/ip_output,3159
linux-2.4.23-pre3-testplatform,net/ipv4/ip_input,496
linux-2.4.23-pre3-testplatform,net/ipv4/tcp_input,14975
linux-2.4.23-pre3-testplatform,net/ipv4/tcp_ipv4,9589
linux-2.4.23-pre3-testplatform,net/ipv4/sysctl_net_ipv4,0
linux-2.4.23-pre3-testplatform,net/ipv4/route,7560
linux-2.4.23-pre3-testplatform,net/ipv4/protocol,370
linux-2.4.23-pre3-testplatform,net/ipv4/devinet,3999
linux-2.4.23-pre3-testplatform,net/ipv4/tcp_output,6791
linux-2.4.23-pre3-testplatform,net/ipv4/udp,3840
linux-2.4.23-pre3-testplatform,net/ipv4/ip_options,2258
linux-2.4.23-pre3-testplatform,net/ipv4/tcp_minisocks,3039
linux-2.4.23-pre3-testplatform,net/ipv4/utils,52
linux-2.4.23-pre3-testplatform,net/ipv4/igmp,7106
linux-2.4.23-pre3-testplatform,net/ipv4/arp,3420
linux-2.4.23-pre3-testplatform,net/ipv4/af_inet,3621
linux-2.4.23-pre3-testplatform,net/ipv4/ip_fragment,2305
linux-2.4.23-pre3-testplatform,net/ipv4/fib_hash,2561
linux-2.4.23-pre3-testplatform,net/ipv4/tcp_diag,2294
linux-2.4.23-pre3-testplatform,net/ipv4/raw,2560
linux-2.4.23-pre3-testplatform,net/ipv4/fib_semantics,2202
linux-2.4.23-pre3-testplatform,net/ipv4/fib_frontend,1708
linux-2.4.23-pre3-testplatform,net/ipv4/icmp,2942
linux-2.4.23-pre3-testplatform,net/sunrpc/xprt,4178
linux-2.4.23-pre3-testplatform,net/sunrpc/timer,124
linux-2.4.23-pre3-testplatform,net/sunrpc/auth_null,240
linux-2.4.23-pre3-testplatform,net/sunrpc/sched,2675
linux-2.4.23-pre3-testplatform,net/sunrpc/sunrpc_syms,0
linux-2.4.23-pre3-testplatform,net/sunrpc/svcauth,480
linux-2.4.23-pre3-testplatform,net/sunrpc/svcsock,2993
linux-2.4.23-pre3-testplatform,net/sunrpc/xdr,1308
linux-2.4.23-pre3-testplatform,net/sunrpc/auth_unix,546
linux-2.4.23-pre3-testplatform,net/sunrpc/clnt,3192
linux-2.4.23-pre3-testplatform,net/sunrpc/pmap_clnt,629
linux-2.4.23-pre3-testplatform,net/sunrpc/auth,644
linux-2.4.23-pre3-testplatform,net/sunrpc/svc,1609
linux-2.4.23-pre3-testplatform,net/ethernet/eth,457
linux-2.4.23-pre3-testplatform,net/sched/sch_generic,1870
linux-2.4.23-pre3-testplatform,net/core/skbuff,4253
linux-2.4.23-pre3-testplatform,net/core/neighbour,5537
linux-2.4.23-pre3-testplatform,net/core/iovec,650
linux-2.4.23-pre3-testplatform,net/core/dst,596
linux-2.4.23-pre3-testplatform,net/core/dev_mcast,575
linux-2.4.23-pre3-testplatform,net/core/sock,2301
linux-2.4.23-pre3-testplatform,net/core/utils,181
linux-2.4.23-pre3-testplatform,net/core/rtnetlink,2209
linux-2.4.23-pre3-testplatform,net/core/scm,600
linux-2.4.23-pre3-testplatform,net/core/dev,6884
linux-2.4.23-pre3-testplatform,net/core/ethtool,96
linux-2.4.23-pre3-testplatform,net/core/datagram,1195
linux-2.4.23-pre3-testplatform,kernel/timer,1833
linux-2.4.23-pre3-testplatform,kernel/printk,1408
linux-2.4.23-pre3-testplatform,kernel/info,192
linux-2.4.23-pre3-testplatform,kernel/sched,2142
linux-2.4.23-pre3-testplatform,kernel/ptrace,588
linux-2.4.23-pre3-testplatform,kernel/kmod,184
linux-2.4.23-pre3-testplatform,kernel/dma,12
linux-2.4.23-pre3-testplatform,kernel/fork,917
linux-2.4.23-pre3-testplatform,kernel/time,456
linux-2.4.23-pre3-testplatform,kernel/acct,6
linux-2.4.23-pre3-testplatform,kernel/context,323
linux-2.4.23-pre3-testplatform,kernel/user,168
linux-2.4.23-pre3-testplatform,kernel/exit,543
linux-2.4.23-pre3-testplatform,kernel/capability,16
linux-2.4.23-pre3-testplatform,kernel/softirq,1510
linux-2.4.23-pre3-testplatform,kernel/sysctl,72
linux-2.4.23-pre3-testplatform,kernel/itimer,276
linux-2.4.23-pre3-testplatform,kernel/resource,865
linux-2.4.23-pre3-testplatform,kernel/exec_domain,451
linux-2.4.23-pre3-testplatform,kernel/sys,1516
linux-2.4.23-pre3-testplatform,kernel/module,747
linux-2.4.23-pre3-testplatform,kernel/signal,1879
linux-2.4.23-pre3-testplatform,kernel/panic,479
linux-2.4.23-pre3-testplatform,ipc/msg,1190
linux-2.4.23-pre3-testplatform,ipc/sem,2250
linux-2.4.23-pre3-testplatform,ipc/util,583
linux-2.4.23-pre3-testplatform,ipc/shm,1419
linux-2.4.23-pre3-testplatform,arch/testplatform/kernel/init_task,9916
linux-2.4.23-pre3-testplatform,arch/testplatform/kernel/head,2
linux-2.4.23-pre3-testplatform,arch/testplatform/kernel/sys_s390,456
linux-2.4.23-pre3-testplatform,arch/testplatform/kernel/s390fpu,16
linux-2.4.23-pre3-testplatform,arch/testplatform/kernel/entry,18
linux-2.4.23-pre3-testplatform,arch/testplatform/kernel/ptrace,944
linux-2.4.23-pre3-testplatform,arch/testplatform/kernel/cpcmd,2
linux-2.4.23-pre3-testplatform,arch/testplatform/kernel/traps,1844
linux-2.4.23-pre3-testplatform,arch/testplatform/kernel/time,10
linux-2.4.23-pre3-testplatform,arch/testplatform/kernel/debug,2806
linux-2.4.23-pre3-testplatform,arch/testplatform/kernel/s390_ext,224
linux-2.4.23-pre3-testplatform,arch/testplatform/kernel/reipl,2
linux-2.4.23-pre3-testplatform,arch/testplatform/kernel/bitmap,3
linux-2.4.23-pre3-testplatform,arch/testplatform/kernel/ebcdic,1536
linux-2.4.23-pre3-testplatform,arch/testplatform/kernel/needed,16
linux-2.4.23-pre3-testplatform,arch/testplatform/kernel/signal,536
linux-2.4.23-pre3-testplatform,arch/testplatform/kernel/setup,1624
linux-2.4.23-pre3-testplatform,arch/testplatform/kernel/irq,18
linux-2.4.23-pre3-testplatform,arch/testplatform/kernel/semaphore,42
linux-2.4.23-pre3-testplatform,arch/testplatform/kernel/process,480
linux-2.4.23-pre3-testplatform,arch/testplatform/mm/fault,154
linux-2.4.23-pre3-testplatform,arch/testplatform/mm/ioremap,523
linux-2.4.23-pre3-testplatform,arch/testplatform/mm/init,1392
linux-2.4.23-pre3-testplatform,arch/testplatform/mm/extable,64
linux-2.4.23-pre3-testplatform,arch/testplatform/lib/checksum,4
linux-2.4.23-pre3-testplatform,arch/testplatform/lib/strncpy,4
linux-2.4.23-pre3-testplatform,arch/testplatform/lib/uaccess,12
linux-2.4.23-pre3-testplatform,arch/testplatform/lib/delay,4
linux-2.4.23-pre3-testplatform,arch/testplatform/lib/misaligned,132
linux-2.4.23-pre3-testplatform,arch/testplatform/lib/strcmp,4
linux-2.4.23-pre3-testplatform,arch/testplatform/lib/memset,4
linux-2.4.23-pre3-testplatform,arch/testplatform/lib/memcpy,4
linux-2.4.23-pre3-testplatform,mm/mlock,452
linux-2.4.23-pre3-testplatform,mm/slab,2622
linux-2.4.23-pre3-testplatform,mm/swap,334
linux-2.4.23-pre3-testplatform,mm/shmem,3955
linux-2.4.23-pre3-testplatform,mm/swap_state,831
linux-2.4.23-pre3-testplatform,mm/oom_kill,459
linux-2.4.23-pre3-testplatform,mm/swapfile,2427
linux-2.4.23-pre3-testplatform,mm/vmalloc,1515
linux-2.4.23-pre3-testplatform,mm/mremap,520
linux-2.4.23-pre3-testplatform,mm/vmscan,38
linux-2.4.23-pre3-testplatform,mm/filemap,6957
linux-2.4.23-pre3-testplatform,mm/mmap,1718
linux-2.4.23-pre3-testplatform,mm/page_io,439
linux-2.4.23-pre3-testplatform,mm/page_alloc,2263
linux-2.4.23-pre3-testplatform,mm/memory,2652
linux-2.4.23-pre3-testplatform,mm/numa,876
linux-2.4.23-pre3-testplatform,mm/bootmem,1177
linux-2.4.23-pre3-testplatform,mm/mprotect,528
linux-2.4.23-pre3-testplatform,lib/dec_and_lock,0
linux-2.4.23-pre3-testplatform,lib/rbtree,582
linux-2.4.23-pre3-testplatform,lib/dump_stack,66
linux-2.4.23-pre3-testplatform,lib/zlib_inflate/inffast,702
linux-2.4.23-pre3-testplatform,lib/zlib_inflate/inftrees,6185
linux-2.4.23-pre3-testplatform,lib/zlib_inflate/infblock,1722
linux-2.4.23-pre3-testplatform,lib/zlib_inflate/infutil,246
linux-2.4.23-pre3-testplatform,lib/zlib_inflate/infcodes,1126
linux-2.4.23-pre3-testplatform,lib/zlib_inflate/inflate,1718
linux-2.4.23-pre3-testplatform,lib/zlib_inflate/inflate_syms,0
linux-2.4.23-pre3-testplatform,lib/zlib_deflate/deflate_syms,0
linux-2.4.23-pre3-testplatform,lib/zlib_deflate/deflate,3672
linux-2.4.23-pre3-testplatform,lib/zlib_deflate/deftree,5976
linux-2.4.23-pre3-testplatform,lib/rwsem-spinlock,264
linux-2.4.23-pre3-testplatform,lib/bust_spinlocks,46
linux-2.4.23-pre3-testplatform,lib/vsprintf,2369
linux-2.4.23-pre3-testplatform,lib/brlock,0
linux-2.4.23-pre3-testplatform,lib/string,488
linux-2.4.23-pre3-testplatform,lib/ctype,256
linux-2.4.23-pre3-testplatform,lib/errno,0
linux-2.4.23-pre3-testplatform,lib/cmdline,170
linux-2.4.23-pre3-testplatform,init/do_mounts,3237
linux-2.4.23-pre3-testplatform,init/version,499
linux-2.4.23-pre3-testplatform,init/main,922
linux-2.4.23-pre3-testplatform,fs/seq_file,1276
linux-2.4.23-pre3-testplatform,fs/block_dev,2561
linux-2.4.23-pre3-testplatform,fs/dnotify,204
linux-2.4.23-pre3-testplatform,fs/pipe,1454
linux-2.4.23-pre3-testplatform,fs/xattr,588
linux-2.4.23-pre3-testplatform,fs/binfmt_elf,0
linux-2.4.23-pre3-testplatform,fs/attr,418
linux-2.4.23-pre3-testplatform,fs/filesystems,0
linux-2.4.23-pre3-testplatform,fs/locks,3998
linux-2.4.23-pre3-testplatform,fs/partitions/check,1127
linux-2.4.23-pre3-testplatform,fs/partitions/msdos,756
linux-2.4.23-pre3-testplatform,fs/bad_inode,228
linux-2.4.23-pre3-testplatform,fs/iobuf,627
linux-2.4.23-pre3-testplatform,fs/nfsd/export,3541
linux-2.4.23-pre3-testplatform,fs/nfsd/nfsproc,2779
linux-2.4.23-pre3-testplatform,fs/nfsd/stats,40
linux-2.4.23-pre3-testplatform,fs/nfsd/nfsctl,10
linux-2.4.23-pre3-testplatform,fs/nfsd/nfsxdr,1572
linux-2.4.23-pre3-testplatform,fs/nfsd/nfsfh,3394
linux-2.4.23-pre3-testplatform,fs/nfsd/nfs3proc,2498
linux-2.4.23-pre3-testplatform,fs/nfsd/lockd,180
linux-2.4.23-pre3-testplatform,fs/nfsd/nfs3xdr,3236
linux-2.4.23-pre3-testplatform,fs/nfsd/nfssvc,577
linux-2.4.23-pre3-testplatform,fs/nfsd/auth,94
linux-2.4.23-pre3-testplatform,fs/nfsd/nfscache,1307
linux-2.4.23-pre3-testplatform,fs/nfsd/vfs,4892
linux-2.4.23-pre3-testplatform,fs/fifo,400
linux-2.4.23-pre3-testplatform,fs/exec,1555
linux-2.4.23-pre3-testplatform,fs/file_table,559
linux-2.4.23-pre3-testplatform,fs/buffer,7209
linux-2.4.23-pre3-testplatform,fs/open,2101
linux-2.4.23-pre3-testplatform,fs/devices,726
linux-2.4.23-pre3-testplatform,fs/select,364
linux-2.4.23-pre3-testplatform,fs/super,2250
linux-2.4.23-pre3-testplatform,fs/fcntl,986
linux-2.4.23-pre3-testplatform,fs/dcache,2910
linux-2.4.23-pre3-testplatform,fs/char_dev,299
linux-2.4.23-pre3-testplatform,fs/read_write,1492
linux-2.4.23-pre3-testplatform,fs/namespace,1519
linux-2.4.23-pre3-testplatform,fs/ext3/balloc,3900
linux-2.4.23-pre3-testplatform,fs/ext3/symlink,104
linux-2.4.23-pre3-testplatform,fs/ext3/ialloc,2407
linux-2.4.23-pre3-testplatform,fs/ext3/super,10560
linux-2.4.23-pre3-testplatform,fs/ext3/bitmap,116
linux-2.4.23-pre3-testplatform,fs/ext3/ioctl,263
linux-2.4.23-pre3-testplatform,fs/ext3/fsync,8
linux-2.4.23-pre3-testplatform,fs/ext3/inode,7300
linux-2.4.23-pre3-testplatform,fs/ext3/namei,5023
linux-2.4.23-pre3-testplatform,fs/ext3/dir,1048
linux-2.4.23-pre3-testplatform,fs/ext3/file,296
linux-2.4.23-pre3-testplatform,fs/lockd/host,1176
linux-2.4.23-pre3-testplatform,fs/lockd/svcsubs,883
linux-2.4.23-pre3-testplatform,fs/lockd/clntlock,531
linux-2.4.23-pre3-testplatform,fs/lockd/svc4proc,2148
linux-2.4.23-pre3-testplatform,fs/lockd/svclock,1607
linux-2.4.23-pre3-testplatform,fs/lockd/lockd_syms,0
linux-2.4.23-pre3-testplatform,fs/lockd/xdr4,2820
linux-2.4.23-pre3-testplatform,fs/lockd/xdr,2979
linux-2.4.23-pre3-testplatform,fs/lockd/clntproc,1325
linux-2.4.23-pre3-testplatform,fs/lockd/svcproc,2192
linux-2.4.23-pre3-testplatform,fs/lockd/svcshare,256
linux-2.4.23-pre3-testplatform,fs/lockd/mon,846
linux-2.4.23-pre3-testplatform,fs/lockd/svc,651
linux-2.4.23-pre3-testplatform,fs/ioctl,296
linux-2.4.23-pre3-testplatform,fs/readdir,1081
linux-2.4.23-pre3-testplatform,fs/nfs/proc,1232
linux-2.4.23-pre3-testplatform,fs/nfs/unlink,532
linux-2.4.23-pre3-testplatform,fs/nfs/symlink,300
linux-2.4.23-pre3-testplatform,fs/nfs/nfs2xdr,2836
linux-2.4.23-pre3-testplatform,fs/nfs/read,1580
linux-2.4.23-pre3-testplatform,fs/nfs/flushd,340
linux-2.4.23-pre3-testplatform,fs/nfs/nfs3proc,1944
linux-2.4.23-pre3-testplatform,fs/nfs/pagelist,1475
linux-2.4.23-pre3-testplatform,fs/nfs/write,3974
linux-2.4.23-pre3-testplatform,fs/nfs/nfs3xdr,3924
linux-2.4.23-pre3-testplatform,fs/nfs/inode,4965
linux-2.4.23-pre3-testplatform,fs/nfs/dir,3148
linux-2.4.23-pre3-testplatform,fs/nfs/file,744
linux-2.4.23-pre3-testplatform,fs/ramfs/inode,691
linux-2.4.23-pre3-testplatform,fs/stat,414
linux-2.4.23-pre3-testplatform,fs/jbd/commit,3234
linux-2.4.23-pre3-testplatform,fs/jbd/checkpoint,2546
linux-2.4.23-pre3-testplatform,fs/jbd/journal,5612
linux-2.4.23-pre3-testplatform,fs/jbd/transaction,6225
linux-2.4.23-pre3-testplatform,fs/jbd/revoke,1663
linux-2.4.23-pre3-testplatform,fs/jbd/recovery,1602
linux-2.4.23-pre3-testplatform,fs/binfmt_script,318
linux-2.4.23-pre3-testplatform,fs/inode,3309
linux-2.4.23-pre3-testplatform,fs/namei,3008
linux-2.4.23-pre3-testplatform,fs/quota,1866
linux-2.4.23-pre3-testplatform,fs/file,521
linux-2.4.23-pre3-testplatform,drivers/net/net_init,547
linux-2.4.23-pre3-testplatform,drivers/net/auto_irq,48
linux-2.4.23-pre3-testplatform,drivers/net/setup,32
linux-2.4.23-pre3-testplatform,drivers/net/loopback,264
linux-2.4.23-pre3-testplatform,drivers/net/Space,3352
linux-2.4.23-pre3-testplatform,drivers/char/n_tty,3555
linux-2.4.23-pre3-testplatform,drivers/char/misc,664
linux-2.4.23-pre3-testplatform,drivers/char/pty,1319
linux-2.4.23-pre3-testplatform,drivers/char/mem,1756
linux-2.4.23-pre3-testplatform,drivers/char/random,3460
linux-2.4.23-pre3-testplatform,drivers/char/raw,996
linux-2.4.23-pre3-testplatform,drivers/char/tty_io,7272
linux-2.4.23-pre3-testplatform,drivers/char/tty_ioctl,1227
linux-2.4.23-pre3-testplatform,drivers/block/blkpg,692
linux-2.4.23-pre3-testplatform,drivers/block/elevator,464
linux-2.4.23-pre3-testplatform,drivers/block/genhd,158
linux-2.4.23-pre3-testplatform,drivers/block/ll_rw_blk,3937
lwip-0.5.3.preproc,src/core/ipv4/ip_addr,4
lwip-0.5.3.preproc,src/core/ipv4/ip,896
lwip-0.5.3.preproc,src/core/ipv4/icmp,512
lwip-0.5.3.preproc,src/core/tcp,1995
lwip-0.5.3.preproc,src/core/pbuf,1048
lwip-0.5.3.preproc,src/core/inet,264
lwip-0.5.3.preproc,src/core/stats,16
lwip-0.5.3.preproc,src/core/tcp_input,3048
lwip-0.5.3.preproc,src/core/tcp_output,1752
lwip-0.5.3.preproc,src/core/mem,812
lwip-0.5.3.preproc,src/core/udp,700
lwip-0.5.3.preproc,src/core/sys,248
lwip-0.5.3.preproc,src/core/memp,648
lwip-0.5.3.preproc,src/core/netif,200
lwip-0.5.3.preproc,src/api/err,0
lwip-0.5.3.preproc,src/api/api_msg,1204
lwip-0.5.3.preproc,src/api/api_lib,1454
lwip-0.5.3.preproc,src/api/tcpip,248
lwip-0.5.3.preproc,src/api/sockets,788
lwip-0.5.3.preproc,src/netif/loopif,80
lwip-0.5.3.preproc,src/netif/arp,700
lwip-0.5.3.preproc,src/netif/tcpdump,839
lwip-0.5.3.preproc,proj/unixsim/simnode,310
lwip-0.5.3.preproc,proj/unixsim/apps/httpd,535
lwip-0.5.3.preproc,proj/unixsim/apps/shell,7805
lwip-0.5.3.preproc,proj/unixsim/apps/fs,39804
lwip-0.5.3.preproc,proj/unixsim/apps/tcpecho,112
lwip-0.5.3.preproc,proj/unixsim/apps/udpecho,124
lwip-0.5.3.preproc,proj/unixsim/simrouter,450
lwip-0.5.3.preproc,proj/unixsim/simhost,330
mpeg2dec-0.3.1,src/getopt,2320
mpeg2dec-0.3.1,src/extract_mpeg2,2576
mpeg2dec-0.3.1,src/gettimeofday,0
mpeg2dec-0.3.1,src/mpeg2dec,3562
mpeg2dec-0.3.1,libvo/video_out,146
mpeg2dec-0.3.1,libvo/yuv2rgb,3620
mpeg2dec-0.3.1,libvo/yuv2rgb_mlib,0
mpeg2dec-0.3.1,libvo/yuv2rgb_mmx,0
mpeg2dec-0.3.1,libvo/video_out_pgm,361
mpeg2dec-0.3.1,libvo/video_out_null,148
mpeg2dec-0.3.1,libvo/video_out_dx,0
mpeg2dec-0.3.1,libvo/video_out_x11,0
mpeg2dec-0.3.1,libvo/video_out_sdl,613
mpeg2dec-0.3.1,libmpeg2/cpu_accel,4
mpeg2dec-0.3.1,libmpeg2/cpu_state,2
mpeg2dec-0.3.1,libmpeg2/motion_comp_altivec,0
mpeg2dec-0.3.1,libmpeg2/idct,1224
mpeg2dec-0.3.1,libmpeg2/idct_alpha,0
mpeg2dec-0.3.1,libmpeg2/alloc,88
mpeg2dec-0.3.1,libmpeg2/idct_mlib,0
mpeg2dec-0.3.1,libmpeg2/idct_altivec,0
mpeg2dec-0.3.1,libmpeg2/decode,1576
mpeg2dec-0.3.1,libmpeg2/motion_comp_mlib,0
mpeg2dec-0.3.1,libmpeg2/motion_comp_alpha,0
mpeg2dec-0.3.1,libmpeg2/header,3192
mpeg2dec-0.3.1,libmpeg2/motion_comp,4228
mpeg2dec-0.3.1,libmpeg2/motion_comp_mmx,0
mpeg2dec-0.3.1,libmpeg2/slice,13616
mpeg2dec-0.3.1,libmpeg2/idct_mmx,0
mpgcut-1.1,mpgcut,8631
OpenTCP-1.0.4,tcp,3906
OpenTCP-1.0.4,dns/dns,996
OpenTCP-1.0.4,timers,184
OpenTCP-1.0.4,ip,1316
OpenTCP-1.0.4,http/http_server,960
OpenTCP-1.0.4,http/https_callbacks,584
OpenTCP-1.0.4,smtp/smtpc_callbacks,22
OpenTCP-1.0.4,smtp/smtp_client,1580
OpenTCP-1.0.4,tftp/tftps,572
OpenTCP-1.0.4,udp,1078
OpenTCP-1.0.4,pop3/pop3c_callbacks,20
OpenTCP-1.0.4,pop3/pop3_client,2603
OpenTCP-1.0.4,dhcp/dhcpc,1788
OpenTCP-1.0.4,arp,1641
OpenTCP-1.0.4,bootp/bootp,996
OpenTCP-1.0.4,system,712
OpenTCP-1.0.4,icmp,260
OpenTCP-1.0.4,ethernet,1460
OpenTCP-1.0.4,demo/udp_demo,184
OpenTCP-1.0.4,demo/main_demo,208
OpenTCP-1.0.4,demo/tcp_client_demo,280
OpenTCP-1.0.4,demo/tcp_server_demo,248
replaypc-0.4.0.preproc,headend,1530
replaypc-0.4.0.preproc,program,4338
replaypc-0.4.0.preproc,cg,1571
replaypc-0.4.0.preproc,bigfile,114
replaypc-0.4.0.preproc,ndx,349
replaypc-0.4.0.preproc,ReplayPC,3552
replaypc-0.4.0.preproc,dump-replayshows,224
replaypc-0.4.0.preproc,addressbook,539
replaypc-0.4.0.preproc,dump-addressbook,365
replaypc-0.4.0.preproc,un-protect,1074
replaypc-0.4.0.preproc,find-GOPs,156
replaypc-0.4.0.preproc,rtvguide,1410
replaypc-0.4.0.preproc,crypt,684
replaypc-0.4.0.preproc,dump,1198
replaypc-0.4.0.preproc,mark-commercial,1750
replaypc-0.4.0.preproc,rddns,433
replaypc-0.4.0.preproc,httpfs,5082
replaypc-0.4.0.preproc,filedarray,186
replaypc-0.4.0.preproc,rddnsclient,942
replaypc-0.4.0.preproc,dump-channelset,268
replaypc-0.4.0.preproc,httpclient,1660
replaypc-0.4.0.preproc,guide,5986
replaypc-0.4.0.preproc,dump-guide,338
replaypc-0.4.0.preproc,dump-filedarray,388
replaypc-0.4.0.preproc,guideclient,525
replaypc-0.4.0.preproc,version-test,134
replaypc-0.4.0.preproc,zipcode,347
replaypc-0.4.0.preproc,build-ndx,308
replaypc-0.4.0.preproc,dump-programset,497
replaypc-0.4.0.preproc,channelset,155
replaypc-0.4.0.preproc,rtv,496
replaypc-0.4.0.preproc,httpfsclient,1610
replaypc-0.4.0.preproc,ndx-dump,3252
replaypc-0.4.0.preproc,sleep,10
replaypc-0.4.0.preproc,dump-headend,238
replaypc-0.4.0.preproc,dump-replaychannels,234
replaypc-0.4.0.preproc,dump-cg2,371
replaypc-0.4.0.preproc,dump-zipcode2,210
replaypc-0.4.0.preproc,crypt-test,911
teem-1.6.0-src,src/echo/matter,296
teem-1.6.0-src,src/echo/color,7328
teem-1.6.0-src,src/echo/lightEcho,637
teem-1.6.0-src,src/echo/list,1160
teem-1.6.0-src,src/echo/enumsEcho,13165
teem-1.6.0-src,src/echo/renderEcho,4298
teem-1.6.0-src,src/echo/model,1048
teem-1.6.0-src,src/echo/test/test,882
teem-1.6.0-src,src/echo/test/trend,6801
teem-1.6.0-src,src/echo/sqd,6745
teem-1.6.0-src,src/echo/intx,12418
teem-1.6.0-src,src/echo/methodsEcho,473
teem-1.6.0-src,src/echo/objmethods,1044
teem-1.6.0-src,src/echo/bounds,5663
teem-1.6.0-src,src/echo/set,812
teem-1.6.0-src,src/dye/methodsDye,1862
teem-1.6.0-src,src/dye/convertDye,3096
teem-1.6.0-src,src/dye/test/bow,534
teem-1.6.0-src,src/dye/test/conv,352
teem-1.6.0-src,src/hex/enhex,705
teem-1.6.0-src,src/hex/dehex,1219
teem-1.6.0-src,src/mite/renderMite,1021
teem-1.6.0-src,src/mite/txf,7019
teem-1.6.0-src,src/mite/user,791
teem-1.6.0-src,src/mite/thread,246
teem-1.6.0-src,src/mite/defaultsMite,33
teem-1.6.0-src,src/mite/ray,3666
teem-1.6.0-src,src/biff/test/test,212
teem-1.6.0-src,src/biff/biff,2131
teem-1.6.0-src,src/air/mop,1347
teem-1.6.0-src,src/air/threadAir,997
teem-1.6.0-src,src/air/sane,3142
teem-1.6.0-src,src/air/dio,1852
teem-1.6.0-src,src/air/754,1363
teem-1.6.0-src,src/air/test/floatprint,548
teem-1.6.0-src,src/air/test/tline,369
teem-1.6.0-src,src/air/test/fp,1510
teem-1.6.0-src,src/air/test/tok,262
teem-1.6.0-src,src/air/test/tmop,547
teem-1.6.0-src,src/air/test/doubleprint,562
teem-1.6.0-src,src/air/parseAir,4650
teem-1.6.0-src,src/air/enum,560
teem-1.6.0-src,src/air/string,852
teem-1.6.0-src,src/air/endianAir,1338
teem-1.6.0-src,src/air/miscAir,3548
teem-1.6.0-src,src/air/array,372
teem-1.6.0-src,src/unrrdu/inset,1301
teem-1.6.0-src,src/unrrdu/crop,1328
teem-1.6.0-src,src/unrrdu/head,1366
teem-1.6.0-src,src/unrrdu/convert,1112
teem-1.6.0-src,src/unrrdu/reshape,946
teem-1.6.0-src,src/unrrdu/about,2703
teem-1.6.0-src,src/unrrdu/axinfo,1325
teem-1.6.0-src,src/unrrdu/swap,817
teem-1.6.0-src,src/unrrdu/jhisto,2501
teem-1.6.0-src,src/unrrdu/axmerge,1291
teem-1.6.0-src,src/unrrdu/histax,1247
teem-1.6.0-src,src/unrrdu/data,1248
teem-1.6.0-src,src/unrrdu/3op,2228
teem-1.6.0-src,src/unrrdu/permute,969
teem-1.6.0-src,src/unrrdu/quantize,1554
teem-1.6.0-src,src/unrrdu/lut,1989
teem-1.6.0-src,src/unrrdu/axinsert,1045
teem-1.6.0-src,src/unrrdu/ccsettle,994
teem-1.6.0-src,src/unrrdu/axdelete,1362
teem-1.6.0-src,src/unrrdu/imap,2378
teem-1.6.0-src,src/unrrdu/rmap,2429
teem-1.6.0-src,src/unrrdu/project,1833
teem-1.6.0-src,src/unrrdu/flip,778
teem-1.6.0-src,src/unrrdu/histo,1426
teem-1.6.0-src,src/unrrdu/save,2646
teem-1.6.0-src,src/unrrdu/gamma,1274
teem-1.6.0-src,src/unrrdu/splice,1321
teem-1.6.0-src,src/unrrdu/1op,1595
teem-1.6.0-src,src/unrrdu/ccfind,1649
teem-1.6.0-src,src/unrrdu/block,1086
teem-1.6.0-src,src/unrrdu/ccadj,1125
teem-1.6.0-src,src/unrrdu/dhisto,1282
teem-1.6.0-src,src/unrrdu/axsplit,1080
teem-1.6.0-src,src/unrrdu/resample,3274
teem-1.6.0-src,src/unrrdu/cmedian,2412
teem-1.6.0-src,src/unrrdu/join,1424
teem-1.6.0-src,src/unrrdu/unquantize,1095
teem-1.6.0-src,src/unrrdu/ccmerge,2555
teem-1.6.0-src,src/unrrdu/unblock,1094
teem-1.6.0-src,src/unrrdu/flotsam,2622
teem-1.6.0-src,src/unrrdu/shuffle,1572
teem-1.6.0-src,src/unrrdu/dice,1686
teem-1.6.0-src,src/unrrdu/minmax,1090
teem-1.6.0-src,src/unrrdu/heq,1985
teem-1.6.0-src,src/unrrdu/pad,1680
teem-1.6.0-src,src/unrrdu/make,6186
teem-1.6.0-src,src/unrrdu/slice,1197
teem-1.6.0-src,src/unrrdu/2op,2106
teem-1.6.0-src,src/moss/hestMoss,1042
teem-1.6.0-src,src/moss/methodsMoss,944
teem-1.6.0-src,src/moss/sampler,1953
teem-1.6.0-src,src/moss/test/invert,292
teem-1.6.0-src,src/moss/xform,2726
teem-1.6.0-src,src/moss/defaultsMoss,17
teem-1.6.0-src,src/gage/miscGage,5203
teem-1.6.0-src,src/gage/vecprint,48
teem-1.6.0-src,src/gage/sclfilter,9045
teem-1.6.0-src,src/gage/ctx,3960
teem-1.6.0-src,src/gage/filter,2883
teem-1.6.0-src,src/gage/sclprint,853
teem-1.6.0-src,src/gage/shape,2796
teem-1.6.0-src,src/gage/st,2843
teem-1.6.0-src,src/gage/print,5245
teem-1.6.0-src,src/gage/scl,19232
teem-1.6.0-src,src/gage/vecGage,13488
teem-1.6.0-src,src/gage/pvl,1311
teem-1.6.0-src,src/gage/defaultsGage,53
teem-1.6.0-src,src/gage/sclanswer,6665
teem-1.6.0-src,src/gage/update,4124
teem-1.6.0-src,src/bane/valid,2214
teem-1.6.0-src,src/bane/inc,3645
teem-1.6.0-src,src/bane/gkmsTxf,2928
teem-1.6.0-src,src/bane/rangeBane,1673
teem-1.6.0-src,src/bane/gkmsInfo,1253
teem-1.6.0-src,src/bane/clip,1431
teem-1.6.0-src,src/bane/measr,1694
teem-1.6.0-src,src/bane/trnsf,4055
teem-1.6.0-src,src/bane/gkmsMite,1112
teem-1.6.0-src,src/bane/gkmsOpac,3061
teem-1.6.0-src,src/bane/gkmsFlotsam,2886
teem-1.6.0-src,src/bane/gkmsScat,1452
teem-1.6.0-src,src/bane/hvol,6225
teem-1.6.0-src,src/bane/defaultsBane,29
teem-1.6.0-src,src/bane/gkmsHvol,2710
teem-1.6.0-src,src/bane/test/sigma,141
teem-1.6.0-src,src/bane/test/tinfo,469
teem-1.6.0-src,src/bane/test/tblah,945
teem-1.6.0-src,src/bane/test/pos,521
teem-1.6.0-src,src/bane/test/opac,426
teem-1.6.0-src,src/bane/gkmsPvg,2842
teem-1.6.0-src,src/bane/trex,342
teem-1.6.0-src,src/bane/methodsBane,511
teem-1.6.0-src,src/bane/scat,693
teem-1.6.0-src,src/hest/usage,2218
teem-1.6.0-src,src/hest/defaultsHest,12
teem-1.6.0-src,src/hest/parseHest,10242
teem-1.6.0-src,src/hest/methodsHest,1869
teem-1.6.0-src,src/hest/test/ex2,948
teem-1.6.0-src,src/hest/test/ex5,725
teem-1.6.0-src,src/hest/test/ex1,1055
teem-1.6.0-src,src/hest/test/ex0,401
teem-1.6.0-src,src/hest/test/bday,962
teem-1.6.0-src,src/hest/test/strings,1087
teem-1.6.0-src,src/hest/test/ex3,1442
teem-1.6.0-src,src/hest/test/ex4,1036
teem-1.6.0-src,src/hoover/stub,44
teem-1.6.0-src,src/hoover/methodsHoover,1582
teem-1.6.0-src,src/hoover/rays,3107
teem-1.6.0-src,src/hoover/defaultsHoover,19
teem-1.6.0-src,src/ell/vecEll,1448
teem-1.6.0-src,src/ell/cubicEll,1932
teem-1.6.0-src,src/ell/eigen,4252
teem-1.6.0-src,src/ell/miscEll,987
teem-1.6.0-src,src/ell/mat,24292
teem-1.6.0-src,src/ell/test/tq,5139
teem-1.6.0-src,src/ell/test/sort3,618
teem-1.6.0-src,src/ell/test/invert,621
teem-1.6.0-src,src/ell/quat,14566
teem-1.6.0-src,src/ell/genmat,2767
teem-1.6.0-src,src/nrrd/defaultsNrrd,659
teem-1.6.0-src,src/nrrd/encodingHex,1472
teem-1.6.0-src,src/nrrd/encoding,620
teem-1.6.0-src,src/nrrd/superset,3994
teem-1.6.0-src,src/nrrd/range,504
teem-1.6.0-src,src/nrrd/reorder,7852
teem-1.6.0-src,src/nrrd/encodingRaw,1784
teem-1.6.0-src,src/nrrd/encodingGzip,605
teem-1.6.0-src,src/nrrd/formatText,2462
teem-1.6.0-src,src/nrrd/hestNrrd,1027
teem-1.6.0-src,src/nrrd/read,2479
teem-1.6.0-src,src/nrrd/ccmethods,1012
teem-1.6.0-src,src/nrrd/formatNRRD,3264
teem-1.6.0-src,src/nrrd/apply1D,7034
teem-1.6.0-src,src/nrrd/formatVTK,5015
teem-1.6.0-src,src/nrrd/subset,2184
teem-1.6.0-src,src/nrrd/parseNrrd,5634
teem-1.6.0-src,src/nrrd/endianNrrd,411
teem-1.6.0-src,src/nrrd/keyvalue,605
teem-1.6.0-src,src/nrrd/encodingAscii,1365
teem-1.6.0-src,src/nrrd/gzio,0
teem-1.6.0-src,src/nrrd/measure,7712
teem-1.6.0-src,src/nrrd/test/genvol,1483
teem-1.6.0-src,src/nrrd/test/convo,1669
teem-1.6.0-src,src/nrrd/test/tkernel,1687
teem-1.6.0-src,src/nrrd/test/quadvol,1525
teem-1.6.0-src,src/nrrd/test/io,341
teem-1.6.0-src,src/nrrd/test/tread,252
teem-1.6.0-src,src/nrrd/test/tline,310
teem-1.6.0-src,src/nrrd/test/trand,149
teem-1.6.0-src,src/nrrd/test/ax,2827
teem-1.6.0-src,src/nrrd/test/kv,327
teem-1.6.0-src,src/nrrd/test/minmax,268
teem-1.6.0-src,src/nrrd/test/typestest,376
teem-1.6.0-src,src/nrrd/histogram,5421
teem-1.6.0-src,src/nrrd/arith,4799
teem-1.6.0-src,src/nrrd/accessors,5463
teem-1.6.0-src,src/nrrd/enumsNrrd,86275
teem-1.6.0-src,src/nrrd/formatPNM,2623
teem-1.6.0-src,src/nrrd/filt,4834
teem-1.6.0-src,src/nrrd/cc,9066
teem-1.6.0-src,src/nrrd/formatPNG,674
teem-1.6.0-src,src/nrrd/winKernel,18596
teem-1.6.0-src,src/nrrd/comment,343
teem-1.6.0-src,src/nrrd/write,3614
teem-1.6.0-src,src/nrrd/simple,4067
teem-1.6.0-src,src/nrrd/arraysNrrd,2364
teem-1.6.0-src,src/nrrd/kernel,21790
teem-1.6.0-src,src/nrrd/methodsNrrd,3561
teem-1.6.0-src,src/nrrd/axis,2328
teem-1.6.0-src,src/nrrd/map,4559
teem-1.6.0-src,src/nrrd/resampleNrrd,5516
teem-1.6.0-src,src/nrrd/convertNrrd,2760
teem-1.6.0-src,src/nrrd/tmfKernel,115525
teem-1.6.0-src,src/nrrd/format,640
teem-1.6.0-src,src/nrrd/encodingBzip2,530
teem-1.6.0-src,src/nrrd/iter,515
teem-1.6.0-src,src/nrrd/formatEPS,2249
teem-1.6.0-src,src/ten/tendSlice,949
teem-1.6.0-src,src/ten/tendEvecrgb,1831
teem-1.6.0-src,src/ten/tendEstim,3753
teem-1.6.0-src,src/ten/tensor,5695
teem-1.6.0-src,src/ten/tendEllipse,2265
teem-1.6.0-src,src/ten/epireg,11863
teem-1.6.0-src,src/ten/tendFlotsam,1246
teem-1.6.0-src,src/ten/tendNorm,1245
teem-1.6.0-src,src/ten/tendSten,1282
teem-1.6.0-src,src/ten/aniso,3219
teem-1.6.0-src,src/ten/fiberMethods,2481
teem-1.6.0-src,src/ten/fiber,4038
teem-1.6.0-src,src/ten/tendShrink,904
teem-1.6.0-src,src/ten/bimod,5377
teem-1.6.0-src,src/ten/tendPoint,1480
teem-1.6.0-src,src/ten/test/tt,2542
teem-1.6.0-src,src/ten/test/tg,2243
teem-1.6.0-src,src/ten/test/tem,968
teem-1.6.0-src,src/ten/tendAnhist,1115
teem-1.6.0-src,src/ten/enumsTen,26181
teem-1.6.0-src,src/ten/tendEvq,2121
teem-1.6.0-src,src/ten/tendMake,925
teem-1.6.0-src,src/ten/tendEvalpow,839
teem-1.6.0-src,src/ten/tendAnvol,1437
teem-1.6.0-src,src/ten/tendSim,1300
teem-1.6.0-src,src/ten/tendBmat,1293
teem-1.6.0-src,src/ten/chan,7481
teem-1.6.0-src,src/ten/tendGlyph,6352
teem-1.6.0-src,src/ten/tendEval,1548
teem-1.6.0-src,src/ten/miscTen,3157
teem-1.6.0-src,src/ten/mod,2669
teem-1.6.0-src,src/ten/glyph,4335
teem-1.6.0-src,src/ten/tendAnscale,1323
teem-1.6.0-src,src/ten/tendExpand,1396
teem-1.6.0-src,src/ten/tendEvaladd,928
teem-1.6.0-src,src/ten/tendEpireg,4356
teem-1.6.0-src,src/ten/defaultsTen,60
teem-1.6.0-src,src/ten/tendEvec,1594
teem-1.6.0-src,src/ten/tenGage,3161
teem-1.6.0-src,src/ten/tendSatin,4996
teem-1.6.0-src,src/ten/tendFiber,2476
teem-1.6.0-src,src/ten/tendEvalclamp,1212
teem-1.6.0-src,src/ten/tendAnplot,1597
teem-1.6.0-src,src/alan/enumsAlan,2480
teem-1.6.0-src,src/alan/methodsAlan,1980
teem-1.6.0-src,src/alan/test/tspot,879
teem-1.6.0-src,src/alan/coreAlan,3655
teem-1.6.0-src,src/limn/cam,4446
teem-1.6.0-src,src/limn/defaultsLimn,13
teem-1.6.0-src,src/limn/obj,656
teem-1.6.0-src,src/limn/io,705
teem-1.6.0-src,src/limn/splineMisc,14257
teem-1.6.0-src,src/limn/qn,2529
teem-1.6.0-src,src/limn/splineMethods,4343
teem-1.6.0-src,src/limn/test/tbc,1560
teem-1.6.0-src,src/limn/test/soid,3305
teem-1.6.0-src,src/limn/test/tspline,1909
teem-1.6.0-src,src/limn/test/tcam,1076
teem-1.6.0-src,src/limn/test/tcamanim,3059
teem-1.6.0-src,src/limn/test/light,440
teem-1.6.0-src,src/limn/test/tps,2324
teem-1.6.0-src,src/limn/test/map,254
teem-1.6.0-src,src/limn/methodsLimn,192
teem-1.6.0-src,src/limn/transform,2673
teem-1.6.0-src,src/limn/shapes,2900
teem-1.6.0-src,src/limn/renderLimn,2783
teem-1.6.0-src,src/limn/env,1104
teem-1.6.0-src,src/limn/splineEval,5341
teem-1.6.0-src,src/limn/light,710
teem-1.6.0-src,src/limn/hestLimn,954
ttt-0.10.1.preproc,src/ttt,4165
ttt-0.10.1.preproc,src/engine,1452
ttt-0.10.1.preproc,src/parse,991
ttt-0.10.1.preproc,src/util,1688
ttt-0.10.1.preproc,src/connect4,2901
ttt-0.10.1.preproc,src/main,949
unrarlib-0.4.0,unrarlib/unrarlib,9284
unrarlib-0.4.0,samples/unix/listarchive/listarchive,910
unrarlib-0.4.0,samples/unix/getfile/getfile,725
zlib-1.1.4,inffast,798
zlib-1.1.4,inftrees,6308
zlib-1.1.4,adler32,228
zlib-1.1.4,infblock,1914
zlib-1.1.4,infutil,246
zlib-1.1.4,infcodes,1186
zlib-1.1.4,inflate,1287
zlib-1.1.4,gzio,2427
zlib-1.1.4,compress,114
zlib-1.1.4,zutil,203
zlib-1.1.4,trees,7424
zlib-1.1.4,deflate,4093
zlib-1.1.4,uncompr,94
zlib-1.1.4,crc32,1240
