size
"2",,"","","","","arm-none-eabi-gcc (GCC) 4.8.5"
"","-Os -std=gnu89 -mcpu=cortex-m3"
bzip2-1.0.2,compress,6371
bzip2-1.0.2,huffman,814
bzip2-1.0.2,blocksort,4951
bzip2-1.0.2,crctable,1024
bzip2-1.0.2,decompress,6283
bzip2-1.0.2,bzip2,14309
bzip2-1.0.2,randtable,2048
bzip2-1.0.2,bzip2recover,2937
bzip2-1.0.2,bzlib,7915
cg_compiler_opensrc,cpp,5030
cg_compiler_opensrc,parser,13555
cg_compiler_opensrc,atom,2832
cg_compiler_opensrc,constfold,3228
cg_compiler_opensrc,printutils,7807
cg_compiler_opensrc,cgstruct,92
cg_compiler_opensrc,binding,1087
cg_compiler_opensrc,symbols,4857
cg_compiler_opensrc,compile,9502
cg_compiler_opensrc,memory,360
cg_compiler_opensrc,tokenize,542
cg_compiler_opensrc,inline,2134
cg_compiler_opensrc,semantic,3434
cg_compiler_opensrc,scanner,4707
cg_compiler_opensrc,stdlib,3222
cg_compiler_opensrc,support,18083
cg_compiler_opensrc,check,2585
cg_compiler_opensrc,tokens,2225
cg_compiler_opensrc,cgcmain,1891
cg_compiler_opensrc,support_iter,1478
cg_compiler_opensrc,hal,1967
cg_compiler_opensrc,generic_hal,2147
compiler,main,1866
compiler,parser,3664
compiler,scanner,2887
compiler,cg,2079
compiler,vam,3134
compiler,vas,5582
flex-2.5.31,parse,7218
flex-2.5.31,skel,94034
flex-2.5.31,tables,1517
flex-2.5.31,libmain,12
flex-2.5.31,regex,423
flex-2.5.31,main,16702
flex-2.5.31,ecs,412
flex-2.5.31,scan,37956
flex-2.5.31,tblcmp,2632
flex-2.5.31,sym,691
flex-2.5.31,ccl,864
flex-2.5.31,yylex,856
flex-2.5.31,nfa,2952
flex-2.5.31,filter,1741
flex-2.5.31,buf,715
flex-2.5.31,gen,20218
flex-2.5.31,tables_shared,20
flex-2.5.31,options,2610
flex-2.5.31,libyywrap,4
flex-2.5.31,dfa,5398
flex-2.5.31,scanopt,2586
flex-2.5.31,misc,4394
jikespg-1.3,src/ctabs,41944
jikespg-1.3,src/main,5039
jikespg-1.3,src/mkfirst,11196
jikespg-1.3,src/mkstates,2198
jikespg-1.3,src/spacetab,15592
jikespg-1.3,src/partset,1188
jikespg-1.3,src/tabutil,10302
jikespg-1.3,src/prntstat,2640
jikespg-1.3,src/lpgparse,36713
jikespg-1.3,src/timetab,7648
jikespg-1.3,src/remsp,5678
jikespg-1.3,src/globals,268
jikespg-1.3,src/resolve,9012
jikespg-1.3,src/mkred,5264
jikespg-1.3,src/produce,8425
jikespg-1.3,src/ptables,2595
jikespg-1.3,src/lpgutil,3551
jpeg-6b,wrjpgcom,2835
jpeg-6b,jcdctmgr,1132
jpeg-6b,jddctmgr,692
jpeg-6b,jerror,5398
jpeg-6b,jdmainct,1204
jpeg-6b,jidctfst,782
jpeg-6b,jfdctfst,386
jpeg-6b,jfdctint,592
jpeg-6b,jidctint,980
jpeg-6b,jdmarker,4700
jpeg-6b,rdgif,81
jpeg-6b,jctrans,1088
jpeg-6b,djpeg,5403
jpeg-6b,jdapistd,684
jpeg-6b,wrrle,0
jpeg-6b,jdtrans,242
jpeg-6b,jccolor,1136
jpeg-6b,cjpeg,4989
jpeg-6b,wrgif,2324
jpeg-6b,jcparam,2664
jpeg-6b,jchuff,2456
jpeg-6b,jdcolor,916
jpeg-6b,jcomapi,98
jpeg-6b,jdphuff,2276
jpeg-6b,jccoefct,1344
jpeg-6b,jcapimin,584
jpeg-6b,rdcolmap,1028
jpeg-6b,jdpostct,600
jpeg-6b,transupp,3610
jpeg-6b,jdhuff,2100
jpeg-6b,wrtarga,784
jpeg-6b,jcsample,1720
jpeg-6b,jdatasrc,224
jpeg-6b,jcmainct,276
jpeg-6b,wrbmp,2224
jpeg-6b,rdbmp,1620
jpeg-6b,jcinit,142
jpeg-6b,rdrle,0
jpeg-6b,jquant2,3244
jpeg-6b,jdinput,988
jpeg-6b,rdjpgcom,2039
jpeg-6b,jdsample,1244
jpeg-6b,jdmaster,1272
jpeg-6b,ansi2knr,2116
jpeg-6b,jdmerge,1116
jpeg-6b,jdatadst,200
jpeg-6b,jcmaster,2028
jpeg-6b,jcapistd,368
jpeg-6b,jcprepct,992
jpeg-6b,jpegtran,3264
jpeg-6b,jidctflt,1156
jpeg-6b,jmemnobs,48
jpeg-6b,rdswitch,1564
jpeg-6b,wrppm,462
jpeg-6b,jidctred,972
jpeg-6b,rdppm,1280
jpeg-6b,jdcoefct,2508
jpeg-6b,jquant1,2200
jpeg-6b,jfdctflt,796
jpeg-6b,jdapimin,820
jpeg-6b,jcmarker,1428
jpeg-6b,rdtarga,1360
jpeg-6b,jcphuff,1964
jpeg-6b,jmemmgr,2306
jpeg-6b,jutils,410
jpeg-6b,cdjpeg,84
libmspack,mspack/system,498
libmspack,mspack/chmd,3008
libmspack,mspack/hlpc,6
libmspack,mspack/qtmc,0
libmspack,mspack/kwajd,6
libmspack,mspack/chmc,6
libmspack,mspack/litc,6
libmspack,mspack/qtmd,3888
libmspack,mspack/lzxc,0
libmspack,mspack/cabc,6
libmspack,mspack/litd,6
libmspack,mspack/hlpd,6
libmspack,mspack/mszipc,0
libmspack,mspack/lzxd,5012
libmspack,mspack/cabd,4632
libmspack,mspack/mszipd,20
libmspack,mspack/kwajc,6
libmspack,mspack/szddd,6
libmspack,mspack/szddc,6
libmspack,test/cabd_md5,1073
libmspack,test/cabextract_md5,17738
libmspack,test/md5,2600
libmspack,test/chmd_md5,954
libmspack,test/cabrip,365
libmspack,test/cabd_test,8880
libpng-1.2.5,pngtest,5208
libpng-1.2.5,png2pnm,2173
libpng-1.2.5,pngrtran,14576
libpng-1.2.5,pngrio,277
libpng-1.2.5,pngwtran,1280
libpng-1.2.5,pngget,1964
libpng-1.2.5,pngtrans,1768
libpng-1.2.5,pngread,5222
libpng-1.2.5,pnm2png,2365
libpng-1.2.5,pngerror,723
libpng-1.2.5,png,2249
libpng-1.2.5,pngwio,305
libpng-1.2.5,pngwrite,4957
libpng-1.2.5,pngpread,4703
libpng-1.2.5,pngwutil,10045
libpng-1.2.5,pngset,5213
libpng-1.2.5,pngrutil,12679
libpng-1.2.5,pngmem,373
linux-2.4.23-pre3-testplatform,arch/testplatform/mm/init,1619
linux-2.4.23-pre3-testplatform,arch/testplatform/mm/ioremap,515
linux-2.4.23-pre3-testplatform,arch/testplatform/mm/fault,2140
linux-2.4.23-pre3-testplatform,arch/testplatform/mm/extable,64
linux-2.4.23-pre3-testplatform,arch/testplatform/lib/checksum,4
linux-2.4.23-pre3-testplatform,arch/testplatform/lib/strcmp,4
linux-2.4.23-pre3-testplatform,arch/testplatform/lib/misaligned,132
linux-2.4.23-pre3-testplatform,arch/testplatform/lib/memcpy,4
linux-2.4.23-pre3-testplatform,arch/testplatform/lib/delay,4
linux-2.4.23-pre3-testplatform,arch/testplatform/lib/strncpy,4
linux-2.4.23-pre3-testplatform,arch/testplatform/lib/memset,4
linux-2.4.23-pre3-testplatform,arch/testplatform/lib/uaccess,12
linux-2.4.23-pre3-testplatform,arch/testplatform/kernel/s390_ext,220
linux-2.4.23-pre3-testplatform,arch/testplatform/kernel/sys_s390,597
linux-2.4.23-pre3-testplatform,arch/testplatform/kernel/cpcmd,2
linux-2.4.23-pre3-testplatform,arch/testplatform/kernel/init_task,16384
linux-2.4.23-pre3-testplatform,arch/testplatform/kernel/signal,1824
linux-2.4.23-pre3-testplatform,arch/testplatform/kernel/ebcdic,1536
linux-2.4.23-pre3-testplatform,arch/testplatform/kernel/entry,18
linux-2.4.23-pre3-testplatform,arch/testplatform/kernel/head,2
linux-2.4.23-pre3-testplatform,arch/testplatform/kernel/ptrace,1040
linux-2.4.23-pre3-testplatform,arch/testplatform/kernel/irq,18
linux-2.4.23-pre3-testplatform,arch/testplatform/kernel/bitmap,3
linux-2.4.23-pre3-testplatform,arch/testplatform/kernel/semaphore,180
linux-2.4.23-pre3-testplatform,arch/testplatform/kernel/time,10
linux-2.4.23-pre3-testplatform,arch/testplatform/kernel/s390fpu,16
linux-2.4.23-pre3-testplatform,arch/testplatform/kernel/debug,2894
linux-2.4.23-pre3-testplatform,arch/testplatform/kernel/needed,16
linux-2.4.23-pre3-testplatform,arch/testplatform/kernel/setup,1966
linux-2.4.23-pre3-testplatform,arch/testplatform/kernel/traps,2986
linux-2.4.23-pre3-testplatform,arch/testplatform/kernel/process,759
linux-2.4.23-pre3-testplatform,arch/testplatform/kernel/reipl,2
linux-2.4.23-pre3-testplatform,fs/char_dev,331
linux-2.4.23-pre3-testplatform,fs/namespace,3283
linux-2.4.23-pre3-testplatform,fs/xattr,596
linux-2.4.23-pre3-testplatform,fs/attr,542
linux-2.4.23-pre3-testplatform,fs/partitions/msdos,280
linux-2.4.23-pre3-testplatform,fs/partitions/check,1175
linux-2.4.23-pre3-testplatform,fs/exec,3148
linux-2.4.23-pre3-testplatform,fs/locks,5564
linux-2.4.23-pre3-testplatform,fs/iobuf,703
linux-2.4.23-pre3-testplatform,fs/binfmt_script,314
linux-2.4.23-pre3-testplatform,fs/dnotify,428
linux-2.4.23-pre3-testplatform,fs/fcntl,1118
linux-2.4.23-pre3-testplatform,fs/pipe,2136
linux-2.4.23-pre3-testplatform,fs/quota,1810
linux-2.4.23-pre3-testplatform,fs/nfsd/nfsctl,599
linux-2.4.23-pre3-testplatform,fs/nfsd/vfs,5404
linux-2.4.23-pre3-testplatform,fs/nfsd/nfscache,1359
linux-2.4.23-pre3-testplatform,fs/nfsd/nfssvc,1034
linux-2.4.23-pre3-testplatform,fs/nfsd/stats,40
linux-2.4.23-pre3-testplatform,fs/nfsd/lockd,180
linux-2.4.23-pre3-testplatform,fs/nfsd/auth,100
linux-2.4.23-pre3-testplatform,fs/nfsd/nfsproc,2835
linux-2.4.23-pre3-testplatform,fs/nfsd/export,3765
linux-2.4.23-pre3-testplatform,fs/nfsd/nfsxdr,1600
linux-2.4.23-pre3-testplatform,fs/nfsd/nfs3xdr,3324
linux-2.4.23-pre3-testplatform,fs/nfsd/nfs3proc,2542
linux-2.4.23-pre3-testplatform,fs/nfsd/nfsfh,3446
linux-2.4.23-pre3-testplatform,fs/fifo,492
linux-2.4.23-pre3-testplatform,fs/ramfs/inode,1007
linux-2.4.23-pre3-testplatform,fs/filesystems,0
linux-2.4.23-pre3-testplatform,fs/file_table,623
linux-2.4.23-pre3-testplatform,fs/block_dev,2629
linux-2.4.23-pre3-testplatform,fs/readdir,1129
linux-2.4.23-pre3-testplatform,fs/binfmt_elf,0
linux-2.4.23-pre3-testplatform,fs/inode,3469
linux-2.4.23-pre3-testplatform,fs/nfs/unlink,532
linux-2.4.23-pre3-testplatform,fs/nfs/symlink,300
linux-2.4.23-pre3-testplatform,fs/nfs/proc,1264
linux-2.4.23-pre3-testplatform,fs/nfs/write,4198
linux-2.4.23-pre3-testplatform,fs/nfs/inode,5248
linux-2.4.23-pre3-testplatform,fs/nfs/file,748
linux-2.4.23-pre3-testplatform,fs/nfs/dir,3280
linux-2.4.23-pre3-testplatform,fs/nfs/nfs3xdr,3868
linux-2.4.23-pre3-testplatform,fs/nfs/pagelist,1615
linux-2.4.23-pre3-testplatform,fs/nfs/read,1616
linux-2.4.23-pre3-testplatform,fs/nfs/flushd,332
linux-2.4.23-pre3-testplatform,fs/nfs/nfs2xdr,2880
linux-2.4.23-pre3-testplatform,fs/nfs/nfs3proc,2008
linux-2.4.23-pre3-testplatform,fs/devices,722
linux-2.4.23-pre3-testplatform,fs/lockd/svcproc,2168
linux-2.4.23-pre3-testplatform,fs/lockd/svcshare,254
linux-2.4.23-pre3-testplatform,fs/lockd/xdr,3031
linux-2.4.23-pre3-testplatform,fs/lockd/svc4proc,2128
linux-2.4.23-pre3-testplatform,fs/lockd/clntproc,2179
linux-2.4.23-pre3-testplatform,fs/lockd/svcsubs,919
linux-2.4.23-pre3-testplatform,fs/lockd/mon,858
linux-2.4.23-pre3-testplatform,fs/lockd/host,1200
linux-2.4.23-pre3-testplatform,fs/lockd/xdr4,2924
linux-2.4.23-pre3-testplatform,fs/lockd/svc,1204
linux-2.4.23-pre3-testplatform,fs/lockd/svclock,1695
linux-2.4.23-pre3-testplatform,fs/lockd/clntlock,652
linux-2.4.23-pre3-testplatform,fs/lockd/lockd_syms,0
linux-2.4.23-pre3-testplatform,fs/file,529
linux-2.4.23-pre3-testplatform,fs/jbd/commit,3406
linux-2.4.23-pre3-testplatform,fs/jbd/journal,6055
linux-2.4.23-pre3-testplatform,fs/jbd/transaction,7152
linux-2.4.23-pre3-testplatform,fs/jbd/checkpoint,2562
linux-2.4.23-pre3-testplatform,fs/jbd/revoke,1655
linux-2.4.23-pre3-testplatform,fs/jbd/recovery,1602
linux-2.4.23-pre3-testplatform,fs/bad_inode,228
linux-2.4.23-pre3-testplatform,fs/stat,410
linux-2.4.23-pre3-testplatform,fs/open,2688
linux-2.4.23-pre3-testplatform,fs/super,2254
linux-2.4.23-pre3-testplatform,fs/select,1484
linux-2.4.23-pre3-testplatform,fs/seq_file,1492
linux-2.4.23-pre3-testplatform,fs/namei,6161
linux-2.4.23-pre3-testplatform,fs/read_write,1528
linux-2.4.23-pre3-testplatform,fs/ioctl,338
linux-2.4.23-pre3-testplatform,fs/buffer,8009
linux-2.4.23-pre3-testplatform,fs/dcache,3118
linux-2.4.23-pre3-testplatform,fs/ext3/fsync,237
linux-2.4.23-pre3-testplatform,fs/ext3/ialloc,2051
linux-2.4.23-pre3-testplatform,fs/ext3/symlink,102
linux-2.4.23-pre3-testplatform,fs/ext3/inode,7433
linux-2.4.23-pre3-testplatform,fs/ext3/file,302
linux-2.4.23-pre3-testplatform,fs/ext3/balloc,3152
linux-2.4.23-pre3-testplatform,fs/ext3/bitmap,112
linux-2.4.23-pre3-testplatform,fs/ext3/dir,828
linux-2.4.23-pre3-testplatform,fs/ext3/super,8084
linux-2.4.23-pre3-testplatform,fs/ext3/namei,4659
linux-2.4.23-pre3-testplatform,fs/ext3/ioctl,559
linux-2.4.23-pre3-testplatform,mm/swap,278
linux-2.4.23-pre3-testplatform,mm/vmalloc,1551
linux-2.4.23-pre3-testplatform,mm/numa,876
linux-2.4.23-pre3-testplatform,mm/mmap,3155
linux-2.4.23-pre3-testplatform,mm/mprotect,1290
linux-2.4.23-pre3-testplatform,mm/bootmem,1189
linux-2.4.23-pre3-testplatform,mm/memory,4910
linux-2.4.23-pre3-testplatform,mm/swapfile,4888
linux-2.4.23-pre3-testplatform,mm/shmem,4839
linux-2.4.23-pre3-testplatform,mm/mlock,936
linux-2.4.23-pre3-testplatform,mm/filemap,9121
linux-2.4.23-pre3-testplatform,mm/page_io,439
linux-2.4.23-pre3-testplatform,mm/page_alloc,2839
linux-2.4.23-pre3-testplatform,mm/slab,2662
linux-2.4.23-pre3-testplatform,mm/swap_state,831
linux-2.4.23-pre3-testplatform,mm/oom_kill,451
linux-2.4.23-pre3-testplatform,mm/vmscan,1746
linux-2.4.23-pre3-testplatform,mm/mremap,1462
linux-2.4.23-pre3-testplatform,lib/string,480
linux-2.4.23-pre3-testplatform,lib/zlib_inflate/inffast,738
linux-2.4.23-pre3-testplatform,lib/zlib_inflate/inflate_syms,0
linux-2.4.23-pre3-testplatform,lib/zlib_inflate/inftrees,6197
linux-2.4.23-pre3-testplatform,lib/zlib_inflate/inflate,1702
linux-2.4.23-pre3-testplatform,lib/zlib_inflate/infutil,252
linux-2.4.23-pre3-testplatform,lib/zlib_inflate/infblock,1834
linux-2.4.23-pre3-testplatform,lib/zlib_inflate/infcodes,1266
linux-2.4.23-pre3-testplatform,lib/vsprintf,2433
linux-2.4.23-pre3-testplatform,lib/bust_spinlocks,46
linux-2.4.23-pre3-testplatform,lib/errno,0
linux-2.4.23-pre3-testplatform,lib/brlock,0
linux-2.4.23-pre3-testplatform,lib/zlib_deflate/deflate_syms,0
linux-2.4.23-pre3-testplatform,lib/zlib_deflate/deflate,3664
linux-2.4.23-pre3-testplatform,lib/zlib_deflate/deftree,5960
linux-2.4.23-pre3-testplatform,lib/dec_and_lock,0
linux-2.4.23-pre3-testplatform,lib/cmdline,174
linux-2.4.23-pre3-testplatform,lib/ctype,256
linux-2.4.23-pre3-testplatform,lib/dump_stack,66
linux-2.4.23-pre3-testplatform,lib/rbtree,588
linux-2.4.23-pre3-testplatform,lib/rwsem-spinlock,358
linux-2.4.23-pre3-testplatform,net/core/sock,2613
linux-2.4.23-pre3-testplatform,net/core/scm,690
linux-2.4.23-pre3-testplatform,net/core/iovec,668
linux-2.4.23-pre3-testplatform,net/core/skbuff,4329
linux-2.4.23-pre3-testplatform,net/core/ethtool,1660
linux-2.4.23-pre3-testplatform,net/core/datagram,1387
linux-2.4.23-pre3-testplatform,net/core/utils,189
linux-2.4.23-pre3-testplatform,net/core/dev_mcast,603
linux-2.4.23-pre3-testplatform,net/core/dst,608
linux-2.4.23-pre3-testplatform,net/core/neighbour,5593
linux-2.4.23-pre3-testplatform,net/core/dev,7174
linux-2.4.23-pre3-testplatform,net/core/rtnetlink,2273
linux-2.4.23-pre3-testplatform,net/socket,4774
linux-2.4.23-pre3-testplatform,net/802/p8023,78
linux-2.4.23-pre3-testplatform,net/ethernet/eth,453
linux-2.4.23-pre3-testplatform,net/8021q/vlan,1974
linux-2.4.23-pre3-testplatform,net/8021q/vlanproc,14
linux-2.4.23-pre3-testplatform,net/8021q/vlan_dev,2902
linux-2.4.23-pre3-testplatform,net/sunrpc/xdr,1332
linux-2.4.23-pre3-testplatform,net/sunrpc/auth_null,264
linux-2.4.23-pre3-testplatform,net/sunrpc/timer,120
linux-2.4.23-pre3-testplatform,net/sunrpc/auth,676
linux-2.4.23-pre3-testplatform,net/sunrpc/clnt,3340
linux-2.4.23-pre3-testplatform,net/sunrpc/svcsock,4116
linux-2.4.23-pre3-testplatform,net/sunrpc/xprt,4865
linux-2.4.23-pre3-testplatform,net/sunrpc/pmap_clnt,625
linux-2.4.23-pre3-testplatform,net/sunrpc/svcauth,484
linux-2.4.23-pre3-testplatform,net/sunrpc/auth_unix,662
linux-2.4.23-pre3-testplatform,net/sunrpc/sched,3400
linux-2.4.23-pre3-testplatform,net/sunrpc/svc,1625
linux-2.4.23-pre3-testplatform,net/sunrpc/sunrpc_syms,0
linux-2.4.23-pre3-testplatform,net/sched/sch_generic,1890
linux-2.4.23-pre3-testplatform,net/netlink/af_netlink,3256
linux-2.4.23-pre3-testplatform,net/ipv4/tcp_output,6928
linux-2.4.23-pre3-testplatform,net/ipv4/tcp_ipv4,9897
linux-2.4.23-pre3-testplatform,net/ipv4/tcp,12017
linux-2.4.23-pre3-testplatform,net/ipv4/route,7788
linux-2.4.23-pre3-testplatform,net/ipv4/ip_input,543
linux-2.4.23-pre3-testplatform,net/ipv4/sysctl_net_ipv4,0
linux-2.4.23-pre3-testplatform,net/ipv4/ip_options,2330
linux-2.4.23-pre3-testplatform,net/ipv4/tcp_timer,2694
linux-2.4.23-pre3-testplatform,net/ipv4/fib_hash,2609
linux-2.4.23-pre3-testplatform,net/ipv4/icmp,3002
linux-2.4.23-pre3-testplatform,net/ipv4/ip_fragment,2341
linux-2.4.23-pre3-testplatform,net/ipv4/proc,2522
linux-2.4.23-pre3-testplatform,net/ipv4/fib_semantics,2238
linux-2.4.23-pre3-testplatform,net/ipv4/igmp,7266
linux-2.4.23-pre3-testplatform,net/ipv4/fib_frontend,1856
linux-2.4.23-pre3-testplatform,net/ipv4/udp,3872
linux-2.4.23-pre3-testplatform,net/ipv4/af_inet,4025
linux-2.4.23-pre3-testplatform,net/ipv4/utils,52
linux-2.4.23-pre3-testplatform,net/ipv4/inetpeer,1386
linux-2.4.23-pre3-testplatform,net/ipv4/ip_forward,324
linux-2.4.23-pre3-testplatform,net/ipv4/protocol,386
linux-2.4.23-pre3-testplatform,net/ipv4/tcp_diag,2350
linux-2.4.23-pre3-testplatform,net/ipv4/tcp_input,15600
linux-2.4.23-pre3-testplatform,net/ipv4/ip_output,3307
linux-2.4.23-pre3-testplatform,net/ipv4/ip_sockglue,3504
linux-2.4.23-pre3-testplatform,net/ipv4/tcp_minisocks,3155
linux-2.4.23-pre3-testplatform,net/ipv4/raw,2536
linux-2.4.23-pre3-testplatform,net/ipv4/devinet,4043
linux-2.4.23-pre3-testplatform,net/ipv4/arp,3484
linux-2.4.23-pre3-testplatform,init/main,1187
linux-2.4.23-pre3-testplatform,init/do_mounts,3418
linux-2.4.23-pre3-testplatform,init/version,502
linux-2.4.23-pre3-testplatform,drivers/block/genhd,154
linux-2.4.23-pre3-testplatform,drivers/block/blkpg,808
linux-2.4.23-pre3-testplatform,drivers/block/ll_rw_blk,4141
linux-2.4.23-pre3-testplatform,drivers/block/elevator,500
linux-2.4.23-pre3-testplatform,drivers/net/loopback,272
linux-2.4.23-pre3-testplatform,drivers/net/net_init,567
linux-2.4.23-pre3-testplatform,drivers/net/Space,3364
linux-2.4.23-pre3-testplatform,drivers/net/auto_irq,48
linux-2.4.23-pre3-testplatform,drivers/net/setup,36
linux-2.4.23-pre3-testplatform,drivers/char/n_tty,3587
linux-2.4.23-pre3-testplatform,drivers/char/random,3840
linux-2.4.23-pre3-testplatform,drivers/char/mem,2036
linux-2.4.23-pre3-testplatform,drivers/char/tty_io,8257
linux-2.4.23-pre3-testplatform,drivers/char/pty,1339
linux-2.4.23-pre3-testplatform,drivers/char/tty_ioctl,1359
linux-2.4.23-pre3-testplatform,drivers/char/raw,1068
linux-2.4.23-pre3-testplatform,drivers/char/misc,712
linux-2.4.23-pre3-testplatform,kernel/sys,2999
linux-2.4.23-pre3-testplatform,kernel/resource,869
linux-2.4.23-pre3-testplatform,kernel/softirq,1542
linux-2.4.23-pre3-testplatform,kernel/signal,2755
linux-2.4.23-pre3-testplatform,kernel/fork,2941
linux-2.4.23-pre3-testplatform,kernel/acct,6
linux-2.4.23-pre3-testplatform,kernel/itimer,448
linux-2.4.23-pre3-testplatform,kernel/timer,2109
linux-2.4.23-pre3-testplatform,kernel/context,535
linux-2.4.23-pre3-testplatform,kernel/exit,1731
linux-2.4.23-pre3-testplatform,kernel/dma,12
linux-2.4.23-pre3-testplatform,kernel/module,747
linux-2.4.23-pre3-testplatform,kernel/ptrace,872
linux-2.4.23-pre3-testplatform,kernel/capability,64
linux-2.4.23-pre3-testplatform,kernel/printk,1588
linux-2.4.23-pre3-testplatform,kernel/kmod,580
linux-2.4.23-pre3-testplatform,kernel/exec_domain,579
linux-2.4.23-pre3-testplatform,kernel/sched,3121
linux-2.4.23-pre3-testplatform,kernel/time,1132
linux-2.4.23-pre3-testplatform,kernel/info,200
linux-2.4.23-pre3-testplatform,kernel/user,184
linux-2.4.23-pre3-testplatform,kernel/panic,534
linux-2.4.23-pre3-testplatform,kernel/sysctl,72
linux-2.4.23-pre3-testplatform,ipc/sem,3443
linux-2.4.23-pre3-testplatform,ipc/util,727
linux-2.4.23-pre3-testplatform,ipc/shm,2243
linux-2.4.23-pre3-testplatform,ipc/msg,1918
lwip-0.5.3.preproc,proj/unixsim/simhost,334
lwip-0.5.3.preproc,proj/unixsim/simnode,310
lwip-0.5.3.preproc,proj/unixsim/apps/fs,39805
lwip-0.5.3.preproc,proj/unixsim/apps/udpecho,120
lwip-0.5.3.preproc,proj/unixsim/apps/shell,7865
lwip-0.5.3.preproc,proj/unixsim/apps/httpd,531
lwip-0.5.3.preproc,proj/unixsim/apps/tcpecho,112
lwip-0.5.3.preproc,proj/unixsim/simrouter,454
lwip-0.5.3.preproc,src/netif/tcpdump,855
lwip-0.5.3.preproc,src/netif/loopif,80
lwip-0.5.3.preproc,src/netif/arp,692
lwip-0.5.3.preproc,src/core/tcp_output,1812
lwip-0.5.3.preproc,src/core/sys,248
lwip-0.5.3.preproc,src/core/tcp,1969
lwip-0.5.3.preproc,src/core/pbuf,1096
lwip-0.5.3.preproc,src/core/inet,254
lwip-0.5.3.preproc,src/core/stats,16
lwip-0.5.3.preproc,src/core/udp,684
lwip-0.5.3.preproc,src/core/mem,832
lwip-0.5.3.preproc,src/core/memp,628
lwip-0.5.3.preproc,src/core/tcp_input,3028
lwip-0.5.3.preproc,src/core/netif,196
lwip-0.5.3.preproc,src/core/ipv4/ip_addr,4
lwip-0.5.3.preproc,src/core/ipv4/icmp,488
lwip-0.5.3.preproc,src/core/ipv4/ip,896
lwip-0.5.3.preproc,src/api/err,0
lwip-0.5.3.preproc,src/api/api_msg,1200
lwip-0.5.3.preproc,src/api/api_lib,1428
lwip-0.5.3.preproc,src/api/tcpip,248
lwip-0.5.3.preproc,src/api/sockets,828
mpeg2dec-0.3.1,libvo/video_out_sdl,621
mpeg2dec-0.3.1,libvo/video_out_pgm,365
mpeg2dec-0.3.1,libvo/video_out_dx,0
mpeg2dec-0.3.1,libvo/video_out_null,148
mpeg2dec-0.3.1,libvo/video_out,146
mpeg2dec-0.3.1,libvo/video_out_x11,0
mpeg2dec-0.3.1,libvo/yuv2rgb,3656
mpeg2dec-0.3.1,libvo/yuv2rgb_mmx,0
mpeg2dec-0.3.1,libvo/yuv2rgb_mlib,0
mpeg2dec-0.3.1,src/getopt,2336
mpeg2dec-0.3.1,src/gettimeofday,0
mpeg2dec-0.3.1,src/extract_mpeg2,2700
mpeg2dec-0.3.1,src/mpeg2dec,3890
mpeg2dec-0.3.1,libmpeg2/idct_alpha,0
mpeg2dec-0.3.1,libmpeg2/cpu_accel,4
mpeg2dec-0.3.1,libmpeg2/motion_comp,4936
mpeg2dec-0.3.1,libmpeg2/motion_comp_alpha,0
mpeg2dec-0.3.1,libmpeg2/cpu_state,2
mpeg2dec-0.3.1,libmpeg2/idct_mmx,0
mpeg2dec-0.3.1,libmpeg2/decode,1644
mpeg2dec-0.3.1,libmpeg2/slice,13988
mpeg2dec-0.3.1,libmpeg2/idct_mlib,0
mpeg2dec-0.3.1,libmpeg2/idct_altivec,0
mpeg2dec-0.3.1,libmpeg2/motion_comp_mlib,0
mpeg2dec-0.3.1,libmpeg2/idct,1232
mpeg2dec-0.3.1,libmpeg2/header,3292
mpeg2dec-0.3.1,libmpeg2/motion_comp_altivec,0
mpeg2dec-0.3.1,libmpeg2/motion_comp_mmx,0
mpeg2dec-0.3.1,libmpeg2/alloc,84
mpgcut-1.1,mpgcut,8723
OpenTCP-1.0.4,bootp/bootp,968
OpenTCP-1.0.4,system,768
OpenTCP-1.0.4,tcp,3614
OpenTCP-1.0.4,smtp/smtp_client,1488
OpenTCP-1.0.4,smtp/smtpc_callbacks,16
OpenTCP-1.0.4,dns/dns,1016
OpenTCP-1.0.4,icmp,248
OpenTCP-1.0.4,timers,176
OpenTCP-1.0.4,ethernet,1476
OpenTCP-1.0.4,pop3/pop3_client,2559
OpenTCP-1.0.4,pop3/pop3c_callbacks,18
OpenTCP-1.0.4,ip,1288
OpenTCP-1.0.4,udp,1042
OpenTCP-1.0.4,dhcp/dhcpc,1760
OpenTCP-1.0.4,demo/udp_demo,184
OpenTCP-1.0.4,demo/main_demo,212
OpenTCP-1.0.4,demo/tcp_client_demo,284
OpenTCP-1.0.4,demo/tcp_server_demo,248
OpenTCP-1.0.4,tftp/tftps,612
OpenTCP-1.0.4,http/https_callbacks,584
OpenTCP-1.0.4,http/http_server,1012
OpenTCP-1.0.4,arp,1649
replaypc-0.4.0.preproc,dump-addressbook,365
replaypc-0.4.0.preproc,zipcode,351
replaypc-0.4.0.preproc,dump-guide,334
replaypc-0.4.0.preproc,rddnsclient,910
replaypc-0.4.0.preproc,headend,1530
replaypc-0.4.0.preproc,ndx-dump,3276
replaypc-0.4.0.preproc,addressbook,567
replaypc-0.4.0.preproc,rtv,528
replaypc-0.4.0.preproc,ndx,365
replaypc-0.4.0.preproc,dump-cg2,371
replaypc-0.4.0.preproc,dump-filedarray,376
replaypc-0.4.0.preproc,un-protect,1066
replaypc-0.4.0.preproc,dump-programset,485
replaypc-0.4.0.preproc,dump-channelset,260
replaypc-0.4.0.preproc,crypt-test,903
replaypc-0.4.0.preproc,guide,6034
replaypc-0.4.0.preproc,httpfsclient,1610
replaypc-0.4.0.preproc,program,4346
replaypc-0.4.0.preproc,bigfile,126
replaypc-0.4.0.preproc,rtvguide,1386
replaypc-0.4.0.preproc,httpclient,1648
replaypc-0.4.0.preproc,find-GOPs,156
replaypc-0.4.0.preproc,sleep,10
replaypc-0.4.0.preproc,cg,1583
replaypc-0.4.0.preproc,dump-replayshows,220
replaypc-0.4.0.preproc,rddns,429
replaypc-0.4.0.preproc,dump-replaychannels,226
replaypc-0.4.0.preproc,dump-headend,238
replaypc-0.4.0.preproc,channelset,159
replaypc-0.4.0.preproc,crypt,688
replaypc-0.4.0.preproc,mark-commercial,1750
replaypc-0.4.0.preproc,httpfs,5118
replaypc-0.4.0.preproc,filedarray,190
replaypc-0.4.0.preproc,build-ndx,368
replaypc-0.4.0.preproc,version-test,126
replaypc-0.4.0.preproc,dump,1221
replaypc-0.4.0.preproc,dump-zipcode2,206
replaypc-0.4.0.preproc,ReplayPC,3532
replaypc-0.4.0.preproc,guideclient,529
teem-1.6.0-src,src/air/sane,3134
teem-1.6.0-src,src/air/string,852
teem-1.6.0-src,src/air/754,1443
teem-1.6.0-src,src/air/array,442
teem-1.6.0-src,src/air/parseAir,4632
teem-1.6.0-src,src/air/threadAir,997
teem-1.6.0-src,src/air/endianAir,1340
teem-1.6.0-src,src/air/dio,1852
teem-1.6.0-src,src/air/enum,572
teem-1.6.0-src,src/air/miscAir,3616
teem-1.6.0-src,src/air/mop,1359
teem-1.6.0-src,src/air/test/doubleprint,578
teem-1.6.0-src,src/air/test/floatprint,556
teem-1.6.0-src,src/air/test/tline,361
teem-1.6.0-src,src/air/test/fp,1510
teem-1.6.0-src,src/air/test/tmop,555
teem-1.6.0-src,src/air/test/tok,242
teem-1.6.0-src,src/limn/hestLimn,966
teem-1.6.0-src,src/limn/qn,2509
teem-1.6.0-src,src/limn/splineEval,5553
teem-1.6.0-src,src/limn/splineMethods,4407
teem-1.6.0-src,src/limn/renderLimn,2839
teem-1.6.0-src,src/limn/obj,680
teem-1.6.0-src,src/limn/shapes,3400
teem-1.6.0-src,src/limn/methodsLimn,192
teem-1.6.0-src,src/limn/transform,2837
teem-1.6.0-src,src/limn/cam,4586
teem-1.6.0-src,src/limn/light,766
teem-1.6.0-src,src/limn/splineMisc,14258
teem-1.6.0-src,src/limn/env,1128
teem-1.6.0-src,src/limn/io,685
teem-1.6.0-src,src/limn/test/soid,3293
teem-1.6.0-src,src/limn/test/tps,2400
teem-1.6.0-src,src/limn/test/tcam,1156
teem-1.6.0-src,src/limn/test/tbc,1596
teem-1.6.0-src,src/limn/test/tcamanim,3079
teem-1.6.0-src,src/limn/test/light,448
teem-1.6.0-src,src/limn/test/map,254
teem-1.6.0-src,src/limn/test/tspline,1905
teem-1.6.0-src,src/limn/defaultsLimn,13
teem-1.6.0-src,src/bane/gkmsFlotsam,2906
teem-1.6.0-src,src/bane/trex,342
teem-1.6.0-src,src/bane/methodsBane,531
teem-1.6.0-src,src/bane/clip,1435
teem-1.6.0-src,src/bane/gkmsHvol,2738
teem-1.6.0-src,src/bane/gkmsScat,1468
teem-1.6.0-src,src/bane/valid,2218
teem-1.6.0-src,src/bane/gkmsMite,1120
teem-1.6.0-src,src/bane/gkmsOpac,3065
teem-1.6.0-src,src/bane/gkmsTxf,2940
teem-1.6.0-src,src/bane/hvol,6173
teem-1.6.0-src,src/bane/scat,689
teem-1.6.0-src,src/bane/measr,1694
teem-1.6.0-src,src/bane/trnsf,4055
teem-1.6.0-src,src/bane/gkmsPvg,2882
teem-1.6.0-src,src/bane/gkmsInfo,1269
teem-1.6.0-src,src/bane/defaultsBane,29
teem-1.6.0-src,src/bane/test/sigma,141
teem-1.6.0-src,src/bane/test/pos,525
teem-1.6.0-src,src/bane/test/tblah,929
teem-1.6.0-src,src/bane/test/opac,422
teem-1.6.0-src,src/bane/test/tinfo,469
teem-1.6.0-src,src/bane/inc,3645
teem-1.6.0-src,src/bane/rangeBane,1661
teem-1.6.0-src,src/alan/methodsAlan,2000
teem-1.6.0-src,src/alan/coreAlan,3839
teem-1.6.0-src,src/alan/enumsAlan,2480
teem-1.6.0-src,src/alan/test/tspot,855
teem-1.6.0-src,src/echo/sqd,6933
teem-1.6.0-src,src/echo/set,828
teem-1.6.0-src,src/echo/renderEcho,4474
teem-1.6.0-src,src/echo/bounds,6011
teem-1.6.0-src,src/echo/matter,296
teem-1.6.0-src,src/echo/methodsEcho,481
teem-1.6.0-src,src/echo/model,1072
teem-1.6.0-src,src/echo/intx,12650
teem-1.6.0-src,src/echo/enumsEcho,13168
teem-1.6.0-src,src/echo/list,1280
teem-1.6.0-src,src/echo/color,7540
teem-1.6.0-src,src/echo/lightEcho,645
teem-1.6.0-src,src/echo/objmethods,1056
teem-1.6.0-src,src/echo/test/test,866
teem-1.6.0-src,src/echo/test/trend,7053
teem-1.6.0-src,src/nrrd/methodsNrrd,3645
teem-1.6.0-src,src/nrrd/endianNrrd,643
teem-1.6.0-src,src/nrrd/format,644
teem-1.6.0-src,src/nrrd/simple,4135
teem-1.6.0-src,src/nrrd/encodingRaw,1788
teem-1.6.0-src,src/nrrd/encodingGzip,605
teem-1.6.0-src,src/nrrd/range,504
teem-1.6.0-src,src/nrrd/apply1D,7106
teem-1.6.0-src,src/nrrd/histogram,5517
teem-1.6.0-src,src/nrrd/hestNrrd,1027
teem-1.6.0-src,src/nrrd/keyvalue,629
teem-1.6.0-src,src/nrrd/measure,7532
teem-1.6.0-src,src/nrrd/formatPNG,678
teem-1.6.0-src,src/nrrd/encoding,620
teem-1.6.0-src,src/nrrd/winKernel,19160
teem-1.6.0-src,src/nrrd/gzio,0
teem-1.6.0-src,src/nrrd/encodingBzip2,530
teem-1.6.0-src,src/nrrd/reorder,8048
teem-1.6.0-src,src/nrrd/cc,9426
teem-1.6.0-src,src/nrrd/write,3586
teem-1.6.0-src,src/nrrd/comment,339
teem-1.6.0-src,src/nrrd/axis,2544
teem-1.6.0-src,src/nrrd/convertNrrd,3294
teem-1.6.0-src,src/nrrd/tmfKernel,146389
teem-1.6.0-src,src/nrrd/arraysNrrd,2368
teem-1.6.0-src,src/nrrd/formatText,2442
teem-1.6.0-src,src/nrrd/formatNRRD,3272
teem-1.6.0-src,src/nrrd/resampleNrrd,5840
teem-1.6.0-src,src/nrrd/enumsNrrd,86276
teem-1.6.0-src,src/nrrd/subset,2284
teem-1.6.0-src,src/nrrd/kernel,22462
teem-1.6.0-src,src/nrrd/defaultsNrrd,659
teem-1.6.0-src,src/nrrd/filt,5058
teem-1.6.0-src,src/nrrd/map,4679
teem-1.6.0-src,src/nrrd/formatPNM,2687
teem-1.6.0-src,src/nrrd/formatVTK,5083
teem-1.6.0-src,src/nrrd/superset,4052
teem-1.6.0-src,src/nrrd/iter,507
teem-1.6.0-src,src/nrrd/read,2467
teem-1.6.0-src,src/nrrd/encodingAscii,1353
teem-1.6.0-src,src/nrrd/encodingHex,1464
teem-1.6.0-src,src/nrrd/test/tread,252
teem-1.6.0-src,src/nrrd/test/typestest,368
teem-1.6.0-src,src/nrrd/test/minmax,276
teem-1.6.0-src,src/nrrd/test/convo,1645
teem-1.6.0-src,src/nrrd/test/tkernel,1699
teem-1.6.0-src,src/nrrd/test/tline,310
teem-1.6.0-src,src/nrrd/test/trand,145
teem-1.6.0-src,src/nrrd/test/kv,327
teem-1.6.0-src,src/nrrd/test/ax,2819
teem-1.6.0-src,src/nrrd/test/io,341
teem-1.6.0-src,src/nrrd/test/quadvol,1573
teem-1.6.0-src,src/nrrd/test/genvol,1511
teem-1.6.0-src,src/nrrd/ccmethods,1008
teem-1.6.0-src,src/nrrd/parseNrrd,5654
teem-1.6.0-src,src/nrrd/accessors,5779
teem-1.6.0-src,src/nrrd/formatEPS,2297
teem-1.6.0-src,src/nrrd/arith,4835
teem-1.6.0-src,src/hoover/defaultsHoover,19
teem-1.6.0-src,src/hoover/rays,3251
teem-1.6.0-src,src/hoover/stub,44
teem-1.6.0-src,src/hoover/methodsHoover,1550
teem-1.6.0-src,src/hest/methodsHest,1881
teem-1.6.0-src,src/hest/usage,2194
teem-1.6.0-src,src/hest/parseHest,10342
teem-1.6.0-src,src/hest/defaultsHest,12
teem-1.6.0-src,src/hest/test/strings,1087
teem-1.6.0-src,src/hest/test/ex0,401
teem-1.6.0-src,src/hest/test/ex3,1462
teem-1.6.0-src,src/hest/test/bday,970
teem-1.6.0-src,src/hest/test/ex5,721
teem-1.6.0-src,src/hest/test/ex4,1032
teem-1.6.0-src,src/hest/test/ex2,952
teem-1.6.0-src,src/hest/test/ex1,1051
teem-1.6.0-src,src/biff/test/test,212
teem-1.6.0-src,src/biff/biff,2159
teem-1.6.0-src,src/ten/tendShrink,912
teem-1.6.0-src,src/ten/tendSim,1316
teem-1.6.0-src,src/ten/defaultsTen,64
teem-1.6.0-src,src/ten/mod,2657
teem-1.6.0-src,src/ten/tendEvec,1618
teem-1.6.0-src,src/ten/tendMake,929
teem-1.6.0-src,src/ten/tendPoint,1496
teem-1.6.0-src,src/ten/chan,7541
teem-1.6.0-src,src/ten/tendAnhist,1123
teem-1.6.0-src,src/ten/tendEllipse,2337
teem-1.6.0-src,src/ten/tendSatin,5120
teem-1.6.0-src,src/ten/tendEpireg,4344
teem-1.6.0-src,src/ten/tendEvq,2133
teem-1.6.0-src,src/ten/tendEvaladd,944
teem-1.6.0-src,src/ten/tendSlice,965
teem-1.6.0-src,src/ten/tendEvalclamp,1228
teem-1.6.0-src,src/ten/glyph,4759
teem-1.6.0-src,src/ten/tendBmat,1293
teem-1.6.0-src,src/ten/tendAnplot,1601
teem-1.6.0-src,src/ten/tensor,5826
teem-1.6.0-src,src/ten/fiber,4134
teem-1.6.0-src,src/ten/tenGage,3473
teem-1.6.0-src,src/ten/tendSten,1298
teem-1.6.0-src,src/ten/tendFiber,2536
teem-1.6.0-src,src/ten/enumsTen,26184
teem-1.6.0-src,src/ten/tendEval,1552
teem-1.6.0-src,src/ten/tendEvecrgb,1843
teem-1.6.0-src,src/ten/tendEstim,3733
teem-1.6.0-src,src/ten/tendFlotsam,1262
teem-1.6.0-src,src/ten/tendGlyph,6464
teem-1.6.0-src,src/ten/fiberMethods,2457
teem-1.6.0-src,src/ten/miscTen,3277
teem-1.6.0-src,src/ten/tendNorm,1273
teem-1.6.0-src,src/ten/tendAnscale,1335
teem-1.6.0-src,src/ten/tendAnvol,1457
teem-1.6.0-src,src/ten/aniso,3243
teem-1.6.0-src,src/ten/tendEvalpow,855
teem-1.6.0-src,src/ten/test/tg,2327
teem-1.6.0-src,src/ten/test/tem,1000
teem-1.6.0-src,src/ten/test/tt,2638
teem-1.6.0-src,src/ten/bimod,5505
teem-1.6.0-src,src/ten/tendExpand,1404
teem-1.6.0-src,src/ten/epireg,12151
teem-1.6.0-src,src/moss/hestMoss,1050
teem-1.6.0-src,src/moss/methodsMoss,960
teem-1.6.0-src,src/moss/sampler,1981
teem-1.6.0-src,src/moss/xform,2874
teem-1.6.0-src,src/moss/defaultsMoss,17
teem-1.6.0-src,src/moss/test/invert,296
teem-1.6.0-src,src/unrrdu/gamma,1290
teem-1.6.0-src,src/unrrdu/ccsettle,1018
teem-1.6.0-src,src/unrrdu/axsplit,1104
teem-1.6.0-src,src/unrrdu/swap,841
teem-1.6.0-src,src/unrrdu/unquantize,1111
teem-1.6.0-src,src/unrrdu/flotsam,2654
teem-1.6.0-src,src/unrrdu/imap,2410
teem-1.6.0-src,src/unrrdu/jhisto,2493
teem-1.6.0-src,src/unrrdu/join,1440
teem-1.6.0-src,src/unrrdu/data,1264
teem-1.6.0-src,src/unrrdu/block,1102
teem-1.6.0-src,src/unrrdu/cmedian,2444
teem-1.6.0-src,src/unrrdu/ccadj,1149
teem-1.6.0-src,src/unrrdu/inset,1341
teem-1.6.0-src,src/unrrdu/resample,3302
teem-1.6.0-src,src/unrrdu/unblock,1122
teem-1.6.0-src,src/unrrdu/minmax,1074
teem-1.6.0-src,src/unrrdu/project,1841
teem-1.6.0-src,src/unrrdu/head,1362
teem-1.6.0-src,src/unrrdu/permute,997
teem-1.6.0-src,src/unrrdu/ccmerge,2595
teem-1.6.0-src,src/unrrdu/1op,1623
teem-1.6.0-src,src/unrrdu/ccfind,1669
teem-1.6.0-src,src/unrrdu/lut,2025
teem-1.6.0-src,src/unrrdu/crop,1372
teem-1.6.0-src,src/unrrdu/rmap,2465
teem-1.6.0-src,src/unrrdu/axdelete,1370
teem-1.6.0-src,src/unrrdu/histo,1454
teem-1.6.0-src,src/unrrdu/flip,802
teem-1.6.0-src,src/unrrdu/convert,1140
teem-1.6.0-src,src/unrrdu/slice,1197
teem-1.6.0-src,src/unrrdu/2op,2122
teem-1.6.0-src,src/unrrdu/dice,1730
teem-1.6.0-src,src/unrrdu/save,2702
teem-1.6.0-src,src/unrrdu/3op,2236
teem-1.6.0-src,src/unrrdu/axinfo,1345
teem-1.6.0-src,src/unrrdu/axmerge,1319
teem-1.6.0-src,src/unrrdu/histax,1283
teem-1.6.0-src,src/unrrdu/pad,1720
teem-1.6.0-src,src/unrrdu/dhisto,1286
teem-1.6.0-src,src/unrrdu/reshape,974
teem-1.6.0-src,src/unrrdu/shuffle,1612
teem-1.6.0-src,src/unrrdu/axinsert,1081
teem-1.6.0-src,src/unrrdu/splice,1345
teem-1.6.0-src,src/unrrdu/make,6178
teem-1.6.0-src,src/unrrdu/quantize,1590
teem-1.6.0-src,src/unrrdu/about,2711
teem-1.6.0-src,src/unrrdu/heq,2017
teem-1.6.0-src,src/mite/renderMite,993
teem-1.6.0-src,src/mite/ray,3698
teem-1.6.0-src,src/mite/txf,7055
teem-1.6.0-src,src/mite/thread,262
teem-1.6.0-src,src/mite/user,799
teem-1.6.0-src,src/mite/defaultsMite,37
teem-1.6.0-src,src/hex/dehex,1223
teem-1.6.0-src,src/hex/enhex,701
teem-1.6.0-src,src/dye/methodsDye,1870
teem-1.6.0-src,src/dye/test/bow,558
teem-1.6.0-src,src/dye/test/conv,356
teem-1.6.0-src,src/dye/convertDye,3244
teem-1.6.0-src,src/gage/sclprint,873
teem-1.6.0-src,src/gage/vecGage,13696
teem-1.6.0-src,src/gage/sclfilter,9665
teem-1.6.0-src,src/gage/scl,19232
teem-1.6.0-src,src/gage/update,4092
teem-1.6.0-src,src/gage/ctx,3992
teem-1.6.0-src,src/gage/print,5185
teem-1.6.0-src,src/gage/filter,2971
teem-1.6.0-src,src/gage/st,2859
teem-1.6.0-src,src/gage/sclanswer,6697
teem-1.6.0-src,src/gage/vecprint,48
teem-1.6.0-src,src/gage/defaultsGage,53
teem-1.6.0-src,src/gage/pvl,1347
teem-1.6.0-src,src/gage/miscGage,5199
teem-1.6.0-src,src/gage/shape,2852
teem-1.6.0-src,src/ell/miscEll,987
teem-1.6.0-src,src/ell/genmat,2903
teem-1.6.0-src,src/ell/vecEll,1456
teem-1.6.0-src,src/ell/eigen,4308
teem-1.6.0-src,src/ell/quat,14638
teem-1.6.0-src,src/ell/cubicEll,1964
teem-1.6.0-src,src/ell/mat,24756
teem-1.6.0-src,src/ell/test/sort3,590
teem-1.6.0-src,src/ell/test/invert,621
teem-1.6.0-src,src/ell/test/tq,5299
ttt-0.10.1.preproc,src/engine,1468
ttt-0.10.1.preproc,src/parse,1047
ttt-0.10.1.preproc,src/main,945
ttt-0.10.1.preproc,src/util,1680
ttt-0.10.1.preproc,src/ttt,4173
ttt-0.10.1.preproc,src/connect4,2885
unrarlib-0.4.0,samples/unix/getfile/getfile,725
unrarlib-0.4.0,samples/unix/listarchive/listarchive,906
unrarlib-0.4.0,unrarlib/unrarlib,9464
zlib-1.1.4,compress,110
zlib-1.1.4,crc32,1232
zlib-1.1.4,zutil,203
zlib-1.1.4,inffast,818
zlib-1.1.4,uncompr,90
zlib-1.1.4,adler32,182
zlib-1.1.4,deflate,4140
zlib-1.1.4,inftrees,6329
zlib-1.1.4,gzio,2467
zlib-1.1.4,trees,7460
zlib-1.1.4,inflate,1327
zlib-1.1.4,infutil,252
zlib-1.1.4,infblock,2046
zlib-1.1.4,infcodes,1286
