size
"2",,"","","","","arm-none-eabi-gcc (GCC) 7.2.0"
"","-Os -std=gnu89 -mcpu=cortex-m3"
bzip2-1.0.2,huffman,790
bzip2-1.0.2,decompress,6491
bzip2-1.0.2,bzip2recover,2805
bzip2-1.0.2,crctable,1024
bzip2-1.0.2,compress,5899
bzip2-1.0.2,randtable,2048
bzip2-1.0.2,bzlib,7955
bzip2-1.0.2,blocksort,4579
bzip2-1.0.2,bzip2,14269
cg_compiler_opensrc,support,17911
cg_compiler_opensrc,cgcmain,1855
cg_compiler_opensrc,constfold,3384
cg_compiler_opensrc,support_iter,1454
cg_compiler_opensrc,symbols,4941
cg_compiler_opensrc,printutils,7931
cg_compiler_opensrc,atom,2836
cg_compiler_opensrc,cpp,4878
cg_compiler_opensrc,compile,9438
cg_compiler_opensrc,cgstruct,80
cg_compiler_opensrc,tokens,2209
cg_compiler_opensrc,binding,1071
cg_compiler_opensrc,hal,1895
cg_compiler_opensrc,stdlib,3222
cg_compiler_opensrc,check,2549
cg_compiler_opensrc,generic_hal,2107
cg_compiler_opensrc,memory,356
cg_compiler_opensrc,tokenize,546
cg_compiler_opensrc,scanner,4563
cg_compiler_opensrc,parser,13583
cg_compiler_opensrc,semantic,3418
cg_compiler_opensrc,inline,2114
compiler,cg,2063
compiler,vam,3201
compiler,vas,5538
compiler,scanner,2775
compiler,parser,3648
compiler,main,1882
flex-2.5.31,regex,411
flex-2.5.31,yylex,748
flex-2.5.31,skel,94034
flex-2.5.31,filter,1737
flex-2.5.31,scanopt,2474
flex-2.5.31,ccl,768
flex-2.5.31,parse,7054
flex-2.5.31,nfa,2936
flex-2.5.31,misc,4230
flex-2.5.31,scan,37144
flex-2.5.31,dfa,5186
flex-2.5.31,tblcmp,2556
flex-2.5.31,tables,1493
flex-2.5.31,buf,715
flex-2.5.31,ecs,392
flex-2.5.31,sym,683
flex-2.5.31,libmain,12
flex-2.5.31,tables_shared,20
flex-2.5.31,options,2610
flex-2.5.31,libyywrap,4
flex-2.5.31,main,15766
flex-2.5.31,gen,20122
jikespg-1.3,src/mkstates,2214
jikespg-1.3,src/prntstat,2556
jikespg-1.3,src/resolve,8928
jikespg-1.3,src/globals,264
jikespg-1.3,src/ctabs,41748
jikespg-1.3,src/produce,8069
jikespg-1.3,src/mkred,5128
jikespg-1.3,src/ptables,2627
jikespg-1.3,src/lpgparse,35945
jikespg-1.3,src/lpgutil,3427
jikespg-1.3,src/spacetab,15124
jikespg-1.3,src/remsp,5586
jikespg-1.3,src/partset,1192
jikespg-1.3,src/mkfirst,11028
jikespg-1.3,src/main,4967
jikespg-1.3,src/tabutil,9922
jikespg-1.3,src/timetab,7524
jpeg-6b,jcmainct,280
jpeg-6b,wrtarga,712
jpeg-6b,jdmainct,1164
jpeg-6b,jdsample,1176
jpeg-6b,jdmaster,1284
jpeg-6b,jdpostct,608
jpeg-6b,jquant1,2128
jpeg-6b,wrbmp,1932
jpeg-6b,djpeg,5323
jpeg-6b,jcinit,144
jpeg-6b,rdjpgcom,1995
jpeg-6b,rdgif,81
jpeg-6b,jfdctint,588
jpeg-6b,wrppm,474
jpeg-6b,wrjpgcom,2743
jpeg-6b,jcapistd,362
jpeg-6b,jchuff,2500
jpeg-6b,jdcolor,936
jpeg-6b,jpegtran,3220
jpeg-6b,jcparam,2528
jpeg-6b,jdmerge,1124
jpeg-6b,jddctmgr,684
jpeg-6b,ansi2knr,1996
jpeg-6b,jfdctfst,400
jpeg-6b,jccolor,1124
jpeg-6b,jdphuff,2192
jpeg-6b,jmemmgr,2274
jpeg-6b,jfdctflt,788
jpeg-6b,wrrle,0
jpeg-6b,jidctfst,714
jpeg-6b,jcmaster,1952
jpeg-6b,jdatadst,204
jpeg-6b,jutils,402
jpeg-6b,rdswitch,1572
jpeg-6b,jcprepct,968
jpeg-6b,rdcolmap,1044
jpeg-6b,jcdctmgr,1112
jpeg-6b,jdapimin,780
jpeg-6b,jcomapi,98
jpeg-6b,rdbmp,1576
jpeg-6b,jdcoefct,2456
jpeg-6b,jerror,5398
jpeg-6b,jidctred,944
jpeg-6b,jidctint,904
jpeg-6b,cjpeg,4945
jpeg-6b,rdppm,1244
jpeg-6b,jquant2,3236
jpeg-6b,jdapistd,682
jpeg-6b,cdjpeg,84
jpeg-6b,transupp,3250
jpeg-6b,rdtarga,1360
jpeg-6b,wrgif,1684
jpeg-6b,jdhuff,2008
jpeg-6b,jctrans,1048
jpeg-6b,jdmarker,4560
jpeg-6b,jcmarker,1432
jpeg-6b,jccoefct,1356
jpeg-6b,jcsample,1492
jpeg-6b,jcapimin,568
jpeg-6b,jmemnobs,44
jpeg-6b,jidctflt,1148
jpeg-6b,jdtrans,244
jpeg-6b,jdatasrc,224
jpeg-6b,jdinput,976
jpeg-6b,jcphuff,1948
jpeg-6b,rdrle,0
libmspack,test/md5,2440
libmspack,test/cabd_md5,1053
libmspack,test/cabextract_md5,16690
libmspack,test/cabrip,365
libmspack,test/chmd_md5,958
libmspack,test/cabd_test,8338
libmspack,mspack/lzxc,0
libmspack,mspack/qtmc,0
libmspack,mspack/kwajc,6
libmspack,mspack/cabc,6
libmspack,mspack/szddc,6
libmspack,mspack/cabd,4172
libmspack,mspack/hlpd,6
libmspack,mspack/litd,6
libmspack,mspack/mszipd,18
libmspack,mspack/kwajd,6
libmspack,mspack/qtmd,3444
libmspack,mspack/litc,6
libmspack,mspack/lzxd,4548
libmspack,mspack/mszipc,0
libmspack,mspack/chmd,2344
libmspack,mspack/szddd,6
libmspack,mspack/chmc,6
libmspack,mspack/system,490
libmspack,mspack/hlpc,6
libpng-1.2.5,pngtrans,1844
libpng-1.2.5,pngwrite,4981
libpng-1.2.5,pngtest,5308
libpng-1.2.5,pngerror,715
libpng-1.2.5,pngpread,4615
libpng-1.2.5,pngrutil,12499
libpng-1.2.5,pngrio,269
libpng-1.2.5,pngread,5186
libpng-1.2.5,pngrtran,14548
libpng-1.2.5,pngwio,297
libpng-1.2.5,pngwtran,1326
libpng-1.2.5,png,2204
libpng-1.2.5,png2pnm,2169
libpng-1.2.5,pngwutil,9885
libpng-1.2.5,pngmem,349
libpng-1.2.5,pnm2png,2337
libpng-1.2.5,pngget,1900
libpng-1.2.5,pngset,5113
linux-2.4.23-pre3-testplatform,net/socket,4704
linux-2.4.23-pre3-testplatform,net/8021q/vlanproc,14
linux-2.4.23-pre3-testplatform,net/8021q/vlan,1962
linux-2.4.23-pre3-testplatform,net/8021q/vlan_dev,2906
linux-2.4.23-pre3-testplatform,net/802/p8023,78
linux-2.4.23-pre3-testplatform,net/netlink/af_netlink,3192
linux-2.4.23-pre3-testplatform,net/ipv4/ip_sockglue,3496
linux-2.4.23-pre3-testplatform,net/ipv4/proc,2558
linux-2.4.23-pre3-testplatform,net/ipv4/inetpeer,1334
linux-2.4.23-pre3-testplatform,net/ipv4/tcp,11757
linux-2.4.23-pre3-testplatform,net/ipv4/tcp_timer,2622
linux-2.4.23-pre3-testplatform,net/ipv4/ip_forward,300
linux-2.4.23-pre3-testplatform,net/ipv4/ip_output,3179
linux-2.4.23-pre3-testplatform,net/ipv4/ip_input,547
linux-2.4.23-pre3-testplatform,net/ipv4/tcp_input,15431
linux-2.4.23-pre3-testplatform,net/ipv4/tcp_ipv4,9749
linux-2.4.23-pre3-testplatform,net/ipv4/sysctl_net_ipv4,0
linux-2.4.23-pre3-testplatform,net/ipv4/route,7560
linux-2.4.23-pre3-testplatform,net/ipv4/protocol,370
linux-2.4.23-pre3-testplatform,net/ipv4/devinet,4043
linux-2.4.23-pre3-testplatform,net/ipv4/tcp_output,6775
linux-2.4.23-pre3-testplatform,net/ipv4/udp,3820
linux-2.4.23-pre3-testplatform,net/ipv4/ip_options,2266
linux-2.4.23-pre3-testplatform,net/ipv4/tcp_minisocks,3103
linux-2.4.23-pre3-testplatform,net/ipv4/utils,52
linux-2.4.23-pre3-testplatform,net/ipv4/igmp,7134
linux-2.4.23-pre3-testplatform,net/ipv4/arp,3520
linux-2.4.23-pre3-testplatform,net/ipv4/af_inet,3957
linux-2.4.23-pre3-testplatform,net/ipv4/ip_fragment,2317
linux-2.4.23-pre3-testplatform,net/ipv4/fib_hash,2581
linux-2.4.23-pre3-testplatform,net/ipv4/tcp_diag,2302
linux-2.4.23-pre3-testplatform,net/ipv4/raw,2548
linux-2.4.23-pre3-testplatform,net/ipv4/fib_semantics,2190
linux-2.4.23-pre3-testplatform,net/ipv4/fib_frontend,1860
linux-2.4.23-pre3-testplatform,net/ipv4/icmp,2958
linux-2.4.23-pre3-testplatform,net/sunrpc/xprt,4785
linux-2.4.23-pre3-testplatform,net/sunrpc/timer,126
linux-2.4.23-pre3-testplatform,net/sunrpc/auth_null,272
linux-2.4.23-pre3-testplatform,net/sunrpc/sched,3340
linux-2.4.23-pre3-testplatform,net/sunrpc/sunrpc_syms,0
linux-2.4.23-pre3-testplatform,net/sunrpc/svcauth,472
linux-2.4.23-pre3-testplatform,net/sunrpc/svcsock,4012
linux-2.4.23-pre3-testplatform,net/sunrpc/xdr,1296
linux-2.4.23-pre3-testplatform,net/sunrpc/auth_unix,674
linux-2.4.23-pre3-testplatform,net/sunrpc/clnt,3412
linux-2.4.23-pre3-testplatform,net/sunrpc/pmap_clnt,625
linux-2.4.23-pre3-testplatform,net/sunrpc/auth,660
linux-2.4.23-pre3-testplatform,net/sunrpc/svc,1625
linux-2.4.23-pre3-testplatform,net/ethernet/eth,453
linux-2.4.23-pre3-testplatform,net/sched/sch_generic,1866
linux-2.4.23-pre3-testplatform,net/core/skbuff,4245
linux-2.4.23-pre3-testplatform,net/core/neighbour,5529
linux-2.4.23-pre3-testplatform,net/core/iovec,650
linux-2.4.23-pre3-testplatform,net/core/dst,592
linux-2.4.23-pre3-testplatform,net/core/dev_mcast,575
linux-2.4.23-pre3-testplatform,net/core/sock,2605
linux-2.4.23-pre3-testplatform,net/core/utils,181
linux-2.4.23-pre3-testplatform,net/core/rtnetlink,2213
linux-2.4.23-pre3-testplatform,net/core/scm,690
linux-2.4.23-pre3-testplatform,net/core/dev,7126
linux-2.4.23-pre3-testplatform,net/core/ethtool,1636
linux-2.4.23-pre3-testplatform,net/core/datagram,1359
linux-2.4.23-pre3-testplatform,kernel/timer,2093
linux-2.4.23-pre3-testplatform,kernel/printk,1484
linux-2.4.23-pre3-testplatform,kernel/info,192
linux-2.4.23-pre3-testplatform,kernel/sched,3069
linux-2.4.23-pre3-testplatform,kernel/ptrace,856
linux-2.4.23-pre3-testplatform,kernel/kmod,528
linux-2.4.23-pre3-testplatform,kernel/dma,12
linux-2.4.23-pre3-testplatform,kernel/fork,2521
linux-2.4.23-pre3-testplatform,kernel/time,1088
linux-2.4.23-pre3-testplatform,kernel/acct,6
linux-2.4.23-pre3-testplatform,kernel/context,531
linux-2.4.23-pre3-testplatform,kernel/user,164
linux-2.4.23-pre3-testplatform,kernel/exit,1691
linux-2.4.23-pre3-testplatform,kernel/capability,76
linux-2.4.23-pre3-testplatform,kernel/softirq,1522
linux-2.4.23-pre3-testplatform,kernel/sysctl,72
linux-2.4.23-pre3-testplatform,kernel/itimer,452
linux-2.4.23-pre3-testplatform,kernel/resource,869
linux-2.4.23-pre3-testplatform,kernel/exec_domain,591
linux-2.4.23-pre3-testplatform,kernel/sys,2903
linux-2.4.23-pre3-testplatform,kernel/module,747
linux-2.4.23-pre3-testplatform,kernel/signal,2675
linux-2.4.23-pre3-testplatform,kernel/panic,526
linux-2.4.23-pre3-testplatform,ipc/msg,1894
linux-2.4.23-pre3-testplatform,ipc/sem,3347
linux-2.4.23-pre3-testplatform,ipc/util,711
linux-2.4.23-pre3-testplatform,ipc/shm,2175
linux-2.4.23-pre3-testplatform,arch/testplatform/kernel/init_task,9916
linux-2.4.23-pre3-testplatform,arch/testplatform/kernel/head,2
linux-2.4.23-pre3-testplatform,arch/testplatform/kernel/sys_s390,597
linux-2.4.23-pre3-testplatform,arch/testplatform/kernel/s390fpu,16
linux-2.4.23-pre3-testplatform,arch/testplatform/kernel/entry,18
linux-2.4.23-pre3-testplatform,arch/testplatform/kernel/ptrace,1012
linux-2.4.23-pre3-testplatform,arch/testplatform/kernel/cpcmd,2
linux-2.4.23-pre3-testplatform,arch/testplatform/kernel/traps,2010
linux-2.4.23-pre3-testplatform,arch/testplatform/kernel/time,10
linux-2.4.23-pre3-testplatform,arch/testplatform/kernel/debug,2858
linux-2.4.23-pre3-testplatform,arch/testplatform/kernel/s390_ext,224
linux-2.4.23-pre3-testplatform,arch/testplatform/kernel/reipl,2
linux-2.4.23-pre3-testplatform,arch/testplatform/kernel/bitmap,3
linux-2.4.23-pre3-testplatform,arch/testplatform/kernel/ebcdic,1536
linux-2.4.23-pre3-testplatform,arch/testplatform/kernel/needed,16
linux-2.4.23-pre3-testplatform,arch/testplatform/kernel/signal,1828
linux-2.4.23-pre3-testplatform,arch/testplatform/kernel/setup,1620
linux-2.4.23-pre3-testplatform,arch/testplatform/kernel/irq,18
linux-2.4.23-pre3-testplatform,arch/testplatform/kernel/semaphore,176
linux-2.4.23-pre3-testplatform,arch/testplatform/kernel/process,731
linux-2.4.23-pre3-testplatform,arch/testplatform/mm/fault,234
linux-2.4.23-pre3-testplatform,arch/testplatform/mm/ioremap,523
linux-2.4.23-pre3-testplatform,arch/testplatform/mm/init,1368
linux-2.4.23-pre3-testplatform,arch/testplatform/mm/extable,64
linux-2.4.23-pre3-testplatform,arch/testplatform/lib/checksum,4
linux-2.4.23-pre3-testplatform,arch/testplatform/lib/strncpy,4
linux-2.4.23-pre3-testplatform,arch/testplatform/lib/uaccess,12
linux-2.4.23-pre3-testplatform,arch/testplatform/lib/delay,4
linux-2.4.23-pre3-testplatform,arch/testplatform/lib/misaligned,132
linux-2.4.23-pre3-testplatform,arch/testplatform/lib/strcmp,4
linux-2.4.23-pre3-testplatform,arch/testplatform/lib/memset,4
linux-2.4.23-pre3-testplatform,arch/testplatform/lib/memcpy,4
linux-2.4.23-pre3-testplatform,mm/mlock,928
linux-2.4.23-pre3-testplatform,mm/slab,2670
linux-2.4.23-pre3-testplatform,mm/swap,278
linux-2.4.23-pre3-testplatform,mm/shmem,4651
linux-2.4.23-pre3-testplatform,mm/swap_state,827
linux-2.4.23-pre3-testplatform,mm/oom_kill,443
linux-2.4.23-pre3-testplatform,mm/swapfile,4864
linux-2.4.23-pre3-testplatform,mm/vmalloc,1511
linux-2.4.23-pre3-testplatform,mm/mremap,1490
linux-2.4.23-pre3-testplatform,mm/vmscan,1794
linux-2.4.23-pre3-testplatform,mm/filemap,8981
linux-2.4.23-pre3-testplatform,mm/mmap,3115
linux-2.4.23-pre3-testplatform,mm/page_io,443
linux-2.4.23-pre3-testplatform,mm/page_alloc,2867
linux-2.4.23-pre3-testplatform,mm/memory,4354
linux-2.4.23-pre3-testplatform,mm/numa,876
linux-2.4.23-pre3-testplatform,mm/bootmem,1137
linux-2.4.23-pre3-testplatform,mm/mprotect,1278
linux-2.4.23-pre3-testplatform,lib/dec_and_lock,0
linux-2.4.23-pre3-testplatform,lib/rbtree,588
linux-2.4.23-pre3-testplatform,lib/dump_stack,66
linux-2.4.23-pre3-testplatform,lib/zlib_inflate/inffast,682
linux-2.4.23-pre3-testplatform,lib/zlib_inflate/inftrees,6205
linux-2.4.23-pre3-testplatform,lib/zlib_inflate/infblock,1722
linux-2.4.23-pre3-testplatform,lib/zlib_inflate/infutil,246
linux-2.4.23-pre3-testplatform,lib/zlib_inflate/infcodes,1134
linux-2.4.23-pre3-testplatform,lib/zlib_inflate/inflate,1730
linux-2.4.23-pre3-testplatform,lib/zlib_inflate/inflate_syms,0
linux-2.4.23-pre3-testplatform,lib/zlib_deflate/deflate_syms,0
linux-2.4.23-pre3-testplatform,lib/zlib_deflate/deflate,3676
linux-2.4.23-pre3-testplatform,lib/zlib_deflate/deftree,5960
linux-2.4.23-pre3-testplatform,lib/rwsem-spinlock,352
linux-2.4.23-pre3-testplatform,lib/bust_spinlocks,46
linux-2.4.23-pre3-testplatform,lib/vsprintf,2385
linux-2.4.23-pre3-testplatform,lib/brlock,0
linux-2.4.23-pre3-testplatform,lib/string,484
linux-2.4.23-pre3-testplatform,lib/ctype,256
linux-2.4.23-pre3-testplatform,lib/errno,0
linux-2.4.23-pre3-testplatform,lib/cmdline,174
linux-2.4.23-pre3-testplatform,init/do_mounts,3426
linux-2.4.23-pre3-testplatform,init/version,497
linux-2.4.23-pre3-testplatform,init/main,1243
linux-2.4.23-pre3-testplatform,fs/seq_file,1452
linux-2.4.23-pre3-testplatform,fs/block_dev,2613
linux-2.4.23-pre3-testplatform,fs/dnotify,396
linux-2.4.23-pre3-testplatform,fs/pipe,1718
linux-2.4.23-pre3-testplatform,fs/xattr,598
linux-2.4.23-pre3-testplatform,fs/binfmt_elf,0
linux-2.4.23-pre3-testplatform,fs/attr,538
linux-2.4.23-pre3-testplatform,fs/filesystems,0
linux-2.4.23-pre3-testplatform,fs/locks,5460
linux-2.4.23-pre3-testplatform,fs/partitions/check,1139
linux-2.4.23-pre3-testplatform,fs/partitions/msdos,256
linux-2.4.23-pre3-testplatform,fs/bad_inode,228
linux-2.4.23-pre3-testplatform,fs/iobuf,679
linux-2.4.23-pre3-testplatform,fs/nfsd/export,3741
linux-2.4.23-pre3-testplatform,fs/nfsd/nfsproc,2799
linux-2.4.23-pre3-testplatform,fs/nfsd/stats,40
linux-2.4.23-pre3-testplatform,fs/nfsd/nfsctl,643
linux-2.4.23-pre3-testplatform,fs/nfsd/nfsxdr,1580
linux-2.4.23-pre3-testplatform,fs/nfsd/nfsfh,3426
linux-2.4.23-pre3-testplatform,fs/nfsd/nfs3proc,2502
linux-2.4.23-pre3-testplatform,fs/nfsd/lockd,180
linux-2.4.23-pre3-testplatform,fs/nfsd/nfs3xdr,3296
linux-2.4.23-pre3-testplatform,fs/nfsd/nfssvc,1034
linux-2.4.23-pre3-testplatform,fs/nfsd/auth,102
linux-2.4.23-pre3-testplatform,fs/nfsd/nfscache,1303
linux-2.4.23-pre3-testplatform,fs/nfsd/vfs,5340
linux-2.4.23-pre3-testplatform,fs/fifo,496
linux-2.4.23-pre3-testplatform,fs/exec,3072
linux-2.4.23-pre3-testplatform,fs/file_table,627
linux-2.4.23-pre3-testplatform,fs/buffer,7993
linux-2.4.23-pre3-testplatform,fs/open,2644
linux-2.4.23-pre3-testplatform,fs/devices,726
linux-2.4.23-pre3-testplatform,fs/select,1480
linux-2.4.23-pre3-testplatform,fs/super,2254
linux-2.4.23-pre3-testplatform,fs/fcntl,1098
linux-2.4.23-pre3-testplatform,fs/dcache,3090
linux-2.4.23-pre3-testplatform,fs/char_dev,315
linux-2.4.23-pre3-testplatform,fs/read_write,1484
linux-2.4.23-pre3-testplatform,fs/namespace,3299
linux-2.4.23-pre3-testplatform,fs/ext3/balloc,3212
linux-2.4.23-pre3-testplatform,fs/ext3/symlink,104
linux-2.4.23-pre3-testplatform,fs/ext3/ialloc,2043
linux-2.4.23-pre3-testplatform,fs/ext3/super,8028
linux-2.4.23-pre3-testplatform,fs/ext3/bitmap,116
linux-2.4.23-pre3-testplatform,fs/ext3/ioctl,543
linux-2.4.23-pre3-testplatform,fs/ext3/fsync,237
linux-2.4.23-pre3-testplatform,fs/ext3/inode,7353
linux-2.4.23-pre3-testplatform,fs/ext3/namei,4679
linux-2.4.23-pre3-testplatform,fs/ext3/dir,848
linux-2.4.23-pre3-testplatform,fs/ext3/file,296
linux-2.4.23-pre3-testplatform,fs/lockd/host,1176
linux-2.4.23-pre3-testplatform,fs/lockd/svcsubs,875
linux-2.4.23-pre3-testplatform,fs/lockd/clntlock,640
linux-2.4.23-pre3-testplatform,fs/lockd/svc4proc,2144
linux-2.4.23-pre3-testplatform,fs/lockd/svclock,1659
linux-2.4.23-pre3-testplatform,fs/lockd/lockd_syms,0
linux-2.4.23-pre3-testplatform,fs/lockd/xdr4,2928
linux-2.4.23-pre3-testplatform,fs/lockd/xdr,3027
linux-2.4.23-pre3-testplatform,fs/lockd/clntproc,2131
linux-2.4.23-pre3-testplatform,fs/lockd/svcproc,2192
linux-2.4.23-pre3-testplatform,fs/lockd/svcshare,256
linux-2.4.23-pre3-testplatform,fs/lockd/mon,842
linux-2.4.23-pre3-testplatform,fs/lockd/svc,1200
linux-2.4.23-pre3-testplatform,fs/ioctl,326
linux-2.4.23-pre3-testplatform,fs/readdir,1105
linux-2.4.23-pre3-testplatform,fs/nfs/proc,1232
linux-2.4.23-pre3-testplatform,fs/nfs/unlink,536
linux-2.4.23-pre3-testplatform,fs/nfs/symlink,304
linux-2.4.23-pre3-testplatform,fs/nfs/nfs2xdr,2844
linux-2.4.23-pre3-testplatform,fs/nfs/read,1572
linux-2.4.23-pre3-testplatform,fs/nfs/flushd,340
linux-2.4.23-pre3-testplatform,fs/nfs/nfs3proc,1968
linux-2.4.23-pre3-testplatform,fs/nfs/pagelist,1615
linux-2.4.23-pre3-testplatform,fs/nfs/write,4094
linux-2.4.23-pre3-testplatform,fs/nfs/nfs3xdr,3920
linux-2.4.23-pre3-testplatform,fs/nfs/inode,5276
linux-2.4.23-pre3-testplatform,fs/nfs/dir,3292
linux-2.4.23-pre3-testplatform,fs/nfs/file,744
linux-2.4.23-pre3-testplatform,fs/ramfs/inode,1007
linux-2.4.23-pre3-testplatform,fs/stat,408
linux-2.4.23-pre3-testplatform,fs/jbd/commit,3398
linux-2.4.23-pre3-testplatform,fs/jbd/checkpoint,2574
linux-2.4.23-pre3-testplatform,fs/jbd/journal,6027
linux-2.4.23-pre3-testplatform,fs/jbd/transaction,7204
linux-2.4.23-pre3-testplatform,fs/jbd/revoke,1671
linux-2.4.23-pre3-testplatform,fs/jbd/recovery,1606
linux-2.4.23-pre3-testplatform,fs/binfmt_script,318
linux-2.4.23-pre3-testplatform,fs/inode,3393
linux-2.4.23-pre3-testplatform,fs/namei,6133
linux-2.4.23-pre3-testplatform,fs/quota,1934
linux-2.4.23-pre3-testplatform,fs/file,509
linux-2.4.23-pre3-testplatform,drivers/net/net_init,547
linux-2.4.23-pre3-testplatform,drivers/net/auto_irq,48
linux-2.4.23-pre3-testplatform,drivers/net/setup,36
linux-2.4.23-pre3-testplatform,drivers/net/loopback,264
linux-2.4.23-pre3-testplatform,drivers/net/Space,3364
linux-2.4.23-pre3-testplatform,drivers/char/n_tty,3471
linux-2.4.23-pre3-testplatform,drivers/char/misc,680
linux-2.4.23-pre3-testplatform,drivers/char/pty,1315
linux-2.4.23-pre3-testplatform,drivers/char/mem,1988
linux-2.4.23-pre3-testplatform,drivers/char/random,3824
linux-2.4.23-pre3-testplatform,drivers/char/raw,1096
linux-2.4.23-pre3-testplatform,drivers/char/tty_io,8203
linux-2.4.23-pre3-testplatform,drivers/char/tty_ioctl,1347
linux-2.4.23-pre3-testplatform,drivers/block/blkpg,804
linux-2.4.23-pre3-testplatform,drivers/block/elevator,472
linux-2.4.23-pre3-testplatform,drivers/block/genhd,158
linux-2.4.23-pre3-testplatform,drivers/block/ll_rw_blk,4049
lwip-0.5.3.preproc,src/core/ipv4/ip_addr,4
lwip-0.5.3.preproc,src/core/ipv4/ip,896
lwip-0.5.3.preproc,src/core/ipv4/icmp,512
lwip-0.5.3.preproc,src/core/tcp,2007
lwip-0.5.3.preproc,src/core/pbuf,1052
lwip-0.5.3.preproc,src/core/inet,268
lwip-0.5.3.preproc,src/core/stats,16
lwip-0.5.3.preproc,src/core/tcp_input,3060
lwip-0.5.3.preproc,src/core/tcp_output,1760
lwip-0.5.3.preproc,src/core/mem,812
lwip-0.5.3.preproc,src/core/udp,700
lwip-0.5.3.preproc,src/core/sys,246
lwip-0.5.3.preproc,src/core/memp,644
lwip-0.5.3.preproc,src/core/netif,200
lwip-0.5.3.preproc,src/api/err,0
lwip-0.5.3.preproc,src/api/api_msg,1200
lwip-0.5.3.preproc,src/api/api_lib,1468
lwip-0.5.3.preproc,src/api/tcpip,248
lwip-0.5.3.preproc,src/api/sockets,808
lwip-0.5.3.preproc,src/netif/loopif,76
lwip-0.5.3.preproc,src/netif/arp,692
lwip-0.5.3.preproc,src/netif/tcpdump,839
lwip-0.5.3.preproc,proj/unixsim/simnode,310
lwip-0.5.3.preproc,proj/unixsim/apps/httpd,535
lwip-0.5.3.preproc,proj/unixsim/apps/shell,7805
lwip-0.5.3.preproc,proj/unixsim/apps/fs,39804
lwip-0.5.3.preproc,proj/unixsim/apps/tcpecho,112
lwip-0.5.3.preproc,proj/unixsim/apps/udpecho,124
lwip-0.5.3.preproc,proj/unixsim/simrouter,454
lwip-0.5.3.preproc,proj/unixsim/simhost,334
mpeg2dec-0.3.1,src/getopt,2244
mpeg2dec-0.3.1,src/extract_mpeg2,2580
mpeg2dec-0.3.1,src/gettimeofday,0
mpeg2dec-0.3.1,src/mpeg2dec,3574
mpeg2dec-0.3.1,libvo/video_out,146
mpeg2dec-0.3.1,libvo/yuv2rgb,3632
mpeg2dec-0.3.1,libvo/yuv2rgb_mlib,0
mpeg2dec-0.3.1,libvo/yuv2rgb_mmx,0
mpeg2dec-0.3.1,libvo/video_out_pgm,361
mpeg2dec-0.3.1,libvo/video_out_null,148
mpeg2dec-0.3.1,libvo/video_out_dx,0
mpeg2dec-0.3.1,libvo/video_out_x11,0
mpeg2dec-0.3.1,libvo/video_out_sdl,613
mpeg2dec-0.3.1,libmpeg2/cpu_accel,4
mpeg2dec-0.3.1,libmpeg2/cpu_state,2
mpeg2dec-0.3.1,libmpeg2/motion_comp_altivec,0
mpeg2dec-0.3.1,libmpeg2/idct,1232
mpeg2dec-0.3.1,libmpeg2/idct_alpha,0
mpeg2dec-0.3.1,libmpeg2/alloc,88
mpeg2dec-0.3.1,libmpeg2/idct_mlib,0
mpeg2dec-0.3.1,libmpeg2/idct_altivec,0
mpeg2dec-0.3.1,libmpeg2/decode,1612
mpeg2dec-0.3.1,libmpeg2/motion_comp_mlib,0
mpeg2dec-0.3.1,libmpeg2/motion_comp_alpha,0
mpeg2dec-0.3.1,libmpeg2/header,3268
mpeg2dec-0.3.1,libmpeg2/motion_comp,4228
mpeg2dec-0.3.1,libmpeg2/motion_comp_mmx,0
mpeg2dec-0.3.1,libmpeg2/slice,13616
mpeg2dec-0.3.1,libmpeg2/idct_mmx,0
mpgcut-1.1,mpgcut,8643
OpenTCP-1.0.4,tcp,3894
OpenTCP-1.0.4,dns/dns,1000
OpenTCP-1.0.4,timers,176
OpenTCP-1.0.4,ip,1296
OpenTCP-1.0.4,http/http_server,956
OpenTCP-1.0.4,http/https_callbacks,584
OpenTCP-1.0.4,smtp/smtpc_callbacks,22
OpenTCP-1.0.4,smtp/smtp_client,1584
OpenTCP-1.0.4,tftp/tftps,572
OpenTCP-1.0.4,udp,1078
OpenTCP-1.0.4,pop3/pop3c_callbacks,20
OpenTCP-1.0.4,pop3/pop3_client,2607
OpenTCP-1.0.4,dhcp/dhcpc,1780
OpenTCP-1.0.4,arp,1653
OpenTCP-1.0.4,bootp/bootp,1000
OpenTCP-1.0.4,system,740
OpenTCP-1.0.4,icmp,260
OpenTCP-1.0.4,ethernet,1456
OpenTCP-1.0.4,demo/udp_demo,184
OpenTCP-1.0.4,demo/main_demo,208
OpenTCP-1.0.4,demo/tcp_client_demo,284
OpenTCP-1.0.4,demo/tcp_server_demo,248
replaypc-0.4.0.preproc,headend,1530
replaypc-0.4.0.preproc,program,4342
replaypc-0.4.0.preproc,cg,1591
replaypc-0.4.0.preproc,bigfile,114
replaypc-0.4.0.preproc,ndx,361
replaypc-0.4.0.preproc,ReplayPC,3552
replaypc-0.4.0.preproc,dump-replayshows,224
replaypc-0.4.0.preproc,addressbook,563
replaypc-0.4.0.preproc,dump-addressbook,365
replaypc-0.4.0.preproc,un-protect,1058
replaypc-0.4.0.preproc,find-GOPs,156
replaypc-0.4.0.preproc,rtvguide,1414
replaypc-0.4.0.preproc,crypt,696
replaypc-0.4.0.preproc,dump,1202
replaypc-0.4.0.preproc,mark-commercial,1758
replaypc-0.4.0.preproc,rddns,433
replaypc-0.4.0.preproc,httpfs,5110
replaypc-0.4.0.preproc,filedarray,190
replaypc-0.4.0.preproc,rddnsclient,942
replaypc-0.4.0.preproc,dump-channelset,268
replaypc-0.4.0.preproc,httpclient,1660
replaypc-0.4.0.preproc,guide,6030
replaypc-0.4.0.preproc,dump-guide,338
replaypc-0.4.0.preproc,dump-filedarray,388
replaypc-0.4.0.preproc,guideclient,525
replaypc-0.4.0.preproc,version-test,134
replaypc-0.4.0.preproc,zipcode,347
replaypc-0.4.0.preproc,build-ndx,328
replaypc-0.4.0.preproc,dump-programset,497
replaypc-0.4.0.preproc,channelset,159
replaypc-0.4.0.preproc,rtv,516
replaypc-0.4.0.preproc,httpfsclient,1614
replaypc-0.4.0.preproc,ndx-dump,3240
replaypc-0.4.0.preproc,sleep,10
replaypc-0.4.0.preproc,dump-headend,238
replaypc-0.4.0.preproc,dump-replaychannels,234
replaypc-0.4.0.preproc,dump-cg2,371
replaypc-0.4.0.preproc,dump-zipcode2,210
replaypc-0.4.0.preproc,crypt-test,911
teem-1.6.0-src,src/echo/matter,296
teem-1.6.0-src,src/echo/color,7396
teem-1.6.0-src,src/echo/lightEcho,637
teem-1.6.0-src,src/echo/list,1156
teem-1.6.0-src,src/echo/enumsEcho,13165
teem-1.6.0-src,src/echo/renderEcho,4342
teem-1.6.0-src,src/echo/model,1056
teem-1.6.0-src,src/echo/test/test,882
teem-1.6.0-src,src/echo/test/trend,6881
teem-1.6.0-src,src/echo/sqd,6765
teem-1.6.0-src,src/echo/intx,12410
teem-1.6.0-src,src/echo/methodsEcho,473
teem-1.6.0-src,src/echo/objmethods,1048
teem-1.6.0-src,src/echo/bounds,5759
teem-1.6.0-src,src/echo/set,816
teem-1.6.0-src,src/dye/methodsDye,1862
teem-1.6.0-src,src/dye/convertDye,3096
teem-1.6.0-src,src/dye/test/bow,534
teem-1.6.0-src,src/dye/test/conv,352
teem-1.6.0-src,src/hex/enhex,705
teem-1.6.0-src,src/hex/dehex,1219
teem-1.6.0-src,src/mite/renderMite,1021
teem-1.6.0-src,src/mite/txf,7023
teem-1.6.0-src,src/mite/user,791
teem-1.6.0-src,src/mite/thread,246
teem-1.6.0-src,src/mite/defaultsMite,33
teem-1.6.0-src,src/mite/ray,3682
teem-1.6.0-src,src/biff/test/test,212
teem-1.6.0-src,src/biff/biff,2135
teem-1.6.0-src,src/air/mop,1347
teem-1.6.0-src,src/air/threadAir,997
teem-1.6.0-src,src/air/sane,3142
teem-1.6.0-src,src/air/dio,1852
teem-1.6.0-src,src/air/754,1367
teem-1.6.0-src,src/air/test/floatprint,548
teem-1.6.0-src,src/air/test/tline,369
teem-1.6.0-src,src/air/test/fp,1510
teem-1.6.0-src,src/air/test/tok,262
teem-1.6.0-src,src/air/test/tmop,555
teem-1.6.0-src,src/air/test/doubleprint,562
teem-1.6.0-src,src/air/parseAir,4654
teem-1.6.0-src,src/air/enum,560
teem-1.6.0-src,src/air/string,808
teem-1.6.0-src,src/air/endianAir,1338
teem-1.6.0-src,src/air/miscAir,3532
teem-1.6.0-src,src/air/array,430
teem-1.6.0-src,src/unrrdu/inset,1305
teem-1.6.0-src,src/unrrdu/crop,1332
teem-1.6.0-src,src/unrrdu/head,1370
teem-1.6.0-src,src/unrrdu/convert,1116
teem-1.6.0-src,src/unrrdu/reshape,950
teem-1.6.0-src,src/unrrdu/about,2703
teem-1.6.0-src,src/unrrdu/axinfo,1333
teem-1.6.0-src,src/unrrdu/swap,821
teem-1.6.0-src,src/unrrdu/jhisto,2537
teem-1.6.0-src,src/unrrdu/axmerge,1295
teem-1.6.0-src,src/unrrdu/histax,1255
teem-1.6.0-src,src/unrrdu/data,1248
teem-1.6.0-src,src/unrrdu/3op,2240
teem-1.6.0-src,src/unrrdu/permute,973
teem-1.6.0-src,src/unrrdu/quantize,1562
teem-1.6.0-src,src/unrrdu/lut,1993
teem-1.6.0-src,src/unrrdu/axinsert,1053
teem-1.6.0-src,src/unrrdu/ccsettle,994
teem-1.6.0-src,src/unrrdu/axdelete,1362
teem-1.6.0-src,src/unrrdu/imap,2374
teem-1.6.0-src,src/unrrdu/rmap,2433
teem-1.6.0-src,src/unrrdu/project,1837
teem-1.6.0-src,src/unrrdu/flip,782
teem-1.6.0-src,src/unrrdu/histo,1438
teem-1.6.0-src,src/unrrdu/save,2646
teem-1.6.0-src,src/unrrdu/gamma,1282
teem-1.6.0-src,src/unrrdu/splice,1333
teem-1.6.0-src,src/unrrdu/1op,1603
teem-1.6.0-src,src/unrrdu/ccfind,1649
teem-1.6.0-src,src/unrrdu/block,1094
teem-1.6.0-src,src/unrrdu/ccadj,1129
teem-1.6.0-src,src/unrrdu/dhisto,1286
teem-1.6.0-src,src/unrrdu/axsplit,1084
teem-1.6.0-src,src/unrrdu/resample,3286
teem-1.6.0-src,src/unrrdu/cmedian,2420
teem-1.6.0-src,src/unrrdu/join,1428
teem-1.6.0-src,src/unrrdu/unquantize,1111
teem-1.6.0-src,src/unrrdu/ccmerge,2563
teem-1.6.0-src,src/unrrdu/unblock,1098
teem-1.6.0-src,src/unrrdu/flotsam,2622
teem-1.6.0-src,src/unrrdu/shuffle,1576
teem-1.6.0-src,src/unrrdu/dice,1686
teem-1.6.0-src,src/unrrdu/minmax,1094
teem-1.6.0-src,src/unrrdu/heq,1993
teem-1.6.0-src,src/unrrdu/pad,1684
teem-1.6.0-src,src/unrrdu/make,6186
teem-1.6.0-src,src/unrrdu/slice,1201
teem-1.6.0-src,src/unrrdu/2op,2118
teem-1.6.0-src,src/moss/hestMoss,1046
teem-1.6.0-src,src/moss/methodsMoss,944
teem-1.6.0-src,src/moss/sampler,1977
teem-1.6.0-src,src/moss/test/invert,296
teem-1.6.0-src,src/moss/xform,2750
teem-1.6.0-src,src/moss/defaultsMoss,17
teem-1.6.0-src,src/gage/miscGage,5191
teem-1.6.0-src,src/gage/vecprint,48
teem-1.6.0-src,src/gage/sclfilter,9037
teem-1.6.0-src,src/gage/ctx,3960
teem-1.6.0-src,src/gage/filter,2867
teem-1.6.0-src,src/gage/sclprint,853
teem-1.6.0-src,src/gage/shape,2792
teem-1.6.0-src,src/gage/st,2911
teem-1.6.0-src,src/gage/print,5245
teem-1.6.0-src,src/gage/scl,19232
teem-1.6.0-src,src/gage/vecGage,13496
teem-1.6.0-src,src/gage/pvl,1311
teem-1.6.0-src,src/gage/defaultsGage,53
teem-1.6.0-src,src/gage/sclanswer,6805
teem-1.6.0-src,src/gage/update,4096
teem-1.6.0-src,src/bane/valid,2218
teem-1.6.0-src,src/bane/inc,3637
teem-1.6.0-src,src/bane/gkmsTxf,2912
teem-1.6.0-src,src/bane/rangeBane,1705
teem-1.6.0-src,src/bane/gkmsInfo,1253
teem-1.6.0-src,src/bane/clip,1431
teem-1.6.0-src,src/bane/measr,1694
teem-1.6.0-src,src/bane/trnsf,4063
teem-1.6.0-src,src/bane/gkmsMite,1112
teem-1.6.0-src,src/bane/gkmsOpac,3061
teem-1.6.0-src,src/bane/gkmsFlotsam,2882
teem-1.6.0-src,src/bane/gkmsScat,1456
teem-1.6.0-src,src/bane/hvol,6301
teem-1.6.0-src,src/bane/defaultsBane,29
teem-1.6.0-src,src/bane/gkmsHvol,2710
teem-1.6.0-src,src/bane/test/sigma,141
teem-1.6.0-src,src/bane/test/tinfo,469
teem-1.6.0-src,src/bane/test/tblah,953
teem-1.6.0-src,src/bane/test/pos,521
teem-1.6.0-src,src/bane/test/opac,426
teem-1.6.0-src,src/bane/gkmsPvg,2834
teem-1.6.0-src,src/bane/trex,342
teem-1.6.0-src,src/bane/methodsBane,527
teem-1.6.0-src,src/bane/scat,693
teem-1.6.0-src,src/hest/usage,2210
teem-1.6.0-src,src/hest/defaultsHest,12
teem-1.6.0-src,src/hest/parseHest,10130
teem-1.6.0-src,src/hest/methodsHest,1869
teem-1.6.0-src,src/hest/test/ex2,948
teem-1.6.0-src,src/hest/test/ex5,725
teem-1.6.0-src,src/hest/test/ex1,1055
teem-1.6.0-src,src/hest/test/ex0,401
teem-1.6.0-src,src/hest/test/bday,962
teem-1.6.0-src,src/hest/test/strings,1087
teem-1.6.0-src,src/hest/test/ex3,1442
teem-1.6.0-src,src/hest/test/ex4,1036
teem-1.6.0-src,src/hoover/stub,44
teem-1.6.0-src,src/hoover/methodsHoover,1582
teem-1.6.0-src,src/hoover/rays,3227
teem-1.6.0-src,src/hoover/defaultsHoover,19
teem-1.6.0-src,src/ell/vecEll,1438
teem-1.6.0-src,src/ell/cubicEll,1932
teem-1.6.0-src,src/ell/eigen,4264
teem-1.6.0-src,src/ell/miscEll,987
teem-1.6.0-src,src/ell/mat,24292
teem-1.6.0-src,src/ell/test/tq,5139
teem-1.6.0-src,src/ell/test/sort3,614
teem-1.6.0-src,src/ell/test/invert,621
teem-1.6.0-src,src/ell/quat,14730
teem-1.6.0-src,src/ell/genmat,2783
teem-1.6.0-src,src/nrrd/defaultsNrrd,659
teem-1.6.0-src,src/nrrd/encodingHex,1472
teem-1.6.0-src,src/nrrd/encoding,620
teem-1.6.0-src,src/nrrd/superset,3900
teem-1.6.0-src,src/nrrd/range,504
teem-1.6.0-src,src/nrrd/reorder,7828
teem-1.6.0-src,src/nrrd/encodingRaw,1784
teem-1.6.0-src,src/nrrd/encodingGzip,605
teem-1.6.0-src,src/nrrd/formatText,2470
teem-1.6.0-src,src/nrrd/hestNrrd,1027
teem-1.6.0-src,src/nrrd/read,2479
teem-1.6.0-src,src/nrrd/ccmethods,1012
teem-1.6.0-src,src/nrrd/formatNRRD,3264
teem-1.6.0-src,src/nrrd/apply1D,7054
teem-1.6.0-src,src/nrrd/formatVTK,5011
teem-1.6.0-src,src/nrrd/subset,2188
teem-1.6.0-src,src/nrrd/parseNrrd,5646
teem-1.6.0-src,src/nrrd/endianNrrd,463
teem-1.6.0-src,src/nrrd/keyvalue,601
teem-1.6.0-src,src/nrrd/encodingAscii,1365
teem-1.6.0-src,src/nrrd/gzio,0
teem-1.6.0-src,src/nrrd/measure,7696
teem-1.6.0-src,src/nrrd/test/genvol,1487
teem-1.6.0-src,src/nrrd/test/convo,1629
teem-1.6.0-src,src/nrrd/test/tkernel,1719
teem-1.6.0-src,src/nrrd/test/quadvol,1553
teem-1.6.0-src,src/nrrd/test/io,341
teem-1.6.0-src,src/nrrd/test/tread,252
teem-1.6.0-src,src/nrrd/test/tline,310
teem-1.6.0-src,src/nrrd/test/trand,149
teem-1.6.0-src,src/nrrd/test/ax,2835
teem-1.6.0-src,src/nrrd/test/kv,327
teem-1.6.0-src,src/nrrd/test/minmax,268
teem-1.6.0-src,src/nrrd/test/typestest,372
teem-1.6.0-src,src/nrrd/histogram,5429
teem-1.6.0-src,src/nrrd/arith,4803
teem-1.6.0-src,src/nrrd/accessors,5435
teem-1.6.0-src,src/nrrd/enumsNrrd,86275
teem-1.6.0-src,src/nrrd/formatPNM,2595
teem-1.6.0-src,src/nrrd/filt,4814
teem-1.6.0-src,src/nrrd/cc,9022
teem-1.6.0-src,src/nrrd/formatPNG,674
teem-1.6.0-src,src/nrrd/winKernel,18596
teem-1.6.0-src,src/nrrd/comment,343
teem-1.6.0-src,src/nrrd/write,3614
teem-1.6.0-src,src/nrrd/simple,4119
teem-1.6.0-src,src/nrrd/arraysNrrd,2364
teem-1.6.0-src,src/nrrd/kernel,21790
teem-1.6.0-src,src/nrrd/methodsNrrd,3589
teem-1.6.0-src,src/nrrd/axis,2356
teem-1.6.0-src,src/nrrd/map,4571
teem-1.6.0-src,src/nrrd/resampleNrrd,5508
teem-1.6.0-src,src/nrrd/convertNrrd,2760
teem-1.6.0-src,src/nrrd/tmfKernel,115525
teem-1.6.0-src,src/nrrd/format,640
teem-1.6.0-src,src/nrrd/encodingBzip2,530
teem-1.6.0-src,src/nrrd/iter,515
teem-1.6.0-src,src/nrrd/formatEPS,2249
teem-1.6.0-src,src/ten/tendSlice,961
teem-1.6.0-src,src/ten/tendEvecrgb,1839
teem-1.6.0-src,src/ten/tendEstim,3753
teem-1.6.0-src,src/ten/tensor,5726
teem-1.6.0-src,src/ten/tendEllipse,2273
teem-1.6.0-src,src/ten/epireg,11919
teem-1.6.0-src,src/ten/tendFlotsam,1254
teem-1.6.0-src,src/ten/tendNorm,1249
teem-1.6.0-src,src/ten/tendSten,1294
teem-1.6.0-src,src/ten/aniso,3219
teem-1.6.0-src,src/ten/fiberMethods,2481
teem-1.6.0-src,src/ten/fiber,4042
teem-1.6.0-src,src/ten/tendShrink,912
teem-1.6.0-src,src/ten/bimod,5369
teem-1.6.0-src,src/ten/tendPoint,1484
teem-1.6.0-src,src/ten/test/tt,2606
teem-1.6.0-src,src/ten/test/tg,2319
teem-1.6.0-src,src/ten/test/tem,976
teem-1.6.0-src,src/ten/tendAnhist,1123
teem-1.6.0-src,src/ten/enumsTen,26181
teem-1.6.0-src,src/ten/tendEvq,2129
teem-1.6.0-src,src/ten/tendMake,929
teem-1.6.0-src,src/ten/tendEvalpow,851
teem-1.6.0-src,src/ten/tendAnvol,1449
teem-1.6.0-src,src/ten/tendSim,1304
teem-1.6.0-src,src/ten/tendBmat,1297
teem-1.6.0-src,src/ten/chan,7493
teem-1.6.0-src,src/ten/tendGlyph,6360
teem-1.6.0-src,src/ten/tendEval,1556
teem-1.6.0-src,src/ten/miscTen,3165
teem-1.6.0-src,src/ten/mod,2669
teem-1.6.0-src,src/ten/glyph,4327
teem-1.6.0-src,src/ten/tendAnscale,1331
teem-1.6.0-src,src/ten/tendExpand,1404
teem-1.6.0-src,src/ten/tendEvaladd,940
teem-1.6.0-src,src/ten/tendEpireg,4372
teem-1.6.0-src,src/ten/defaultsTen,60
teem-1.6.0-src,src/ten/tendEvec,1606
teem-1.6.0-src,src/ten/tenGage,3229
teem-1.6.0-src,src/ten/tendSatin,5000
teem-1.6.0-src,src/ten/tendFiber,2504
teem-1.6.0-src,src/ten/tendEvalclamp,1224
teem-1.6.0-src,src/ten/tendAnplot,1601
teem-1.6.0-src,src/alan/enumsAlan,2480
teem-1.6.0-src,src/alan/methodsAlan,1980
teem-1.6.0-src,src/alan/test/tspot,879
teem-1.6.0-src,src/alan/coreAlan,3727
teem-1.6.0-src,src/limn/cam,4550
teem-1.6.0-src,src/limn/defaultsLimn,13
teem-1.6.0-src,src/limn/obj,664
teem-1.6.0-src,src/limn/io,705
teem-1.6.0-src,src/limn/splineMisc,14253
teem-1.6.0-src,src/limn/qn,2529
teem-1.6.0-src,src/limn/splineMethods,4339
teem-1.6.0-src,src/limn/test/tbc,1572
teem-1.6.0-src,src/limn/test/soid,3305
teem-1.6.0-src,src/limn/test/tspline,1909
teem-1.6.0-src,src/limn/test/tcam,1152
teem-1.6.0-src,src/limn/test/tcamanim,3047
teem-1.6.0-src,src/limn/test/light,440
teem-1.6.0-src,src/limn/test/tps,2332
teem-1.6.0-src,src/limn/test/map,254
teem-1.6.0-src,src/limn/methodsLimn,192
teem-1.6.0-src,src/limn/transform,2693
teem-1.6.0-src,src/limn/shapes,2892
teem-1.6.0-src,src/limn/renderLimn,2791
teem-1.6.0-src,src/limn/env,1104
teem-1.6.0-src,src/limn/splineEval,5345
teem-1.6.0-src,src/limn/light,746
teem-1.6.0-src,src/limn/hestLimn,966
ttt-0.10.1.preproc,src/ttt,4165
ttt-0.10.1.preproc,src/engine,1452
ttt-0.10.1.preproc,src/parse,983
ttt-0.10.1.preproc,src/util,1692
ttt-0.10.1.preproc,src/connect4,2965
ttt-0.10.1.preproc,src/main,949
unrarlib-0.4.0,unrarlib/unrarlib,9288
unrarlib-0.4.0,samples/unix/listarchive/listarchive,910
unrarlib-0.4.0,samples/unix/getfile/getfile,725
zlib-1.1.4,inffast,794
zlib-1.1.4,inftrees,6320
zlib-1.1.4,adler32,228
zlib-1.1.4,infblock,1918
zlib-1.1.4,infutil,246
zlib-1.1.4,infcodes,1198
zlib-1.1.4,inflate,1287
zlib-1.1.4,gzio,2447
zlib-1.1.4,compress,114
zlib-1.1.4,zutil,203
zlib-1.1.4,trees,7396
zlib-1.1.4,deflate,4097
zlib-1.1.4,uncompr,94
zlib-1.1.4,crc32,1260
