size
"2",,"","","","","arm-none-eabi-gcc (GCC) 5.3.0"
"","-Os -std=gnu89 -mcpu=cortex-m3"
bzip2-1.0.2,compress,7035
bzip2-1.0.2,huffman,784
bzip2-1.0.2,blocksort,4663
bzip2-1.0.2,crctable,1024
bzip2-1.0.2,decompress,6651
bzip2-1.0.2,bzip2,14305
bzip2-1.0.2,randtable,2048
bzip2-1.0.2,bzip2recover,2837
bzip2-1.0.2,bzlib,7995
cg_compiler_opensrc,cpp,5030
cg_compiler_opensrc,parser,13603
cg_compiler_opensrc,atom,2832
cg_compiler_opensrc,constfold,3620
cg_compiler_opensrc,printutils,7819
cg_compiler_opensrc,cgstruct,92
cg_compiler_opensrc,binding,1079
cg_compiler_opensrc,symbols,4889
cg_compiler_opensrc,compile,9382
cg_compiler_opensrc,memory,352
cg_compiler_opensrc,tokenize,542
cg_compiler_opensrc,inline,2122
cg_compiler_opensrc,semantic,3406
cg_compiler_opensrc,scanner,4695
cg_compiler_opensrc,stdlib,3222
cg_compiler_opensrc,support,17891
cg_compiler_opensrc,check,2561
cg_compiler_opensrc,tokens,2209
cg_compiler_opensrc,cgcmain,1879
cg_compiler_opensrc,support_iter,1478
cg_compiler_opensrc,hal,1955
cg_compiler_opensrc,generic_hal,2143
compiler,main,1886
compiler,parser,3660
compiler,scanner,2903
compiler,cg,2067
compiler,vam,3189
compiler,vas,5566
flex-2.5.31,parse,7186
flex-2.5.31,skel,94034
flex-2.5.31,tables,1513
flex-2.5.31,libmain,12
flex-2.5.31,regex,419
flex-2.5.31,main,16566
flex-2.5.31,ecs,404
flex-2.5.31,scan,39020
flex-2.5.31,tblcmp,2584
flex-2.5.31,sym,687
flex-2.5.31,ccl,852
flex-2.5.31,yylex,860
flex-2.5.31,nfa,2952
flex-2.5.31,filter,1729
flex-2.5.31,buf,715
flex-2.5.31,gen,20110
flex-2.5.31,tables_shared,24
flex-2.5.31,options,2610
flex-2.5.31,libyywrap,4
flex-2.5.31,dfa,5266
flex-2.5.31,scanopt,2502
flex-2.5.31,misc,4290
jikespg-1.3,src/ctabs,41728
jikespg-1.3,src/main,5039
jikespg-1.3,src/mkfirst,11164
jikespg-1.3,src/mkstates,2182
jikespg-1.3,src/spacetab,15440
jikespg-1.3,src/partset,1172
jikespg-1.3,src/tabutil,9966
jikespg-1.3,src/prntstat,2680
jikespg-1.3,src/lpgparse,36425
jikespg-1.3,src/timetab,7692
jikespg-1.3,src/remsp,5658
jikespg-1.3,src/globals,268
jikespg-1.3,src/resolve,9000
jikespg-1.3,src/mkred,5172
jikespg-1.3,src/produce,8281
jikespg-1.3,src/ptables,2587
jikespg-1.3,src/lpgutil,3463
jpeg-6b,wrjpgcom,2835
jpeg-6b,jcdctmgr,1136
jpeg-6b,jddctmgr,680
jpeg-6b,jerror,5398
jpeg-6b,jdmainct,1200
jpeg-6b,jidctfst,710
jpeg-6b,jfdctfst,408
jpeg-6b,jfdctint,592
jpeg-6b,jidctint,904
jpeg-6b,jdmarker,4744
jpeg-6b,rdgif,81
jpeg-6b,jctrans,1076
jpeg-6b,djpeg,5371
jpeg-6b,jdapistd,688
jpeg-6b,wrrle,0
jpeg-6b,jdtrans,242
jpeg-6b,jccolor,1140
jpeg-6b,cjpeg,4969
jpeg-6b,wrgif,2292
jpeg-6b,jcparam,2668
jpeg-6b,jchuff,2496
jpeg-6b,jdcolor,936
jpeg-6b,jcomapi,98
jpeg-6b,jdphuff,2276
jpeg-6b,jccoefct,1360
jpeg-6b,jcapimin,584
jpeg-6b,rdcolmap,1044
jpeg-6b,jdpostct,600
jpeg-6b,transupp,3330
jpeg-6b,jdhuff,2092
jpeg-6b,wrtarga,788
jpeg-6b,jcsample,1632
jpeg-6b,jdatasrc,224
jpeg-6b,jcmainct,284
jpeg-6b,wrbmp,2216
jpeg-6b,rdbmp,1616
jpeg-6b,jcinit,144
jpeg-6b,rdrle,0
jpeg-6b,jquant2,3104
jpeg-6b,jdinput,996
jpeg-6b,rdjpgcom,2023
jpeg-6b,jdsample,1204
jpeg-6b,jdmaster,1276
jpeg-6b,ansi2knr,2068
jpeg-6b,jdmerge,1140
jpeg-6b,jdatadst,204
jpeg-6b,jcmaster,2036
jpeg-6b,jcapistd,364
jpeg-6b,jcprepct,952
jpeg-6b,jpegtran,3244
jpeg-6b,jidctflt,1100
jpeg-6b,jmemnobs,44
jpeg-6b,rdswitch,1580
jpeg-6b,wrppm,474
jpeg-6b,jidctred,988
jpeg-6b,rdppm,1284
jpeg-6b,jdcoefct,2456
jpeg-6b,jquant1,2160
jpeg-6b,jfdctflt,796
jpeg-6b,jdapimin,820
jpeg-6b,jcmarker,1436
jpeg-6b,rdtarga,1400
jpeg-6b,jcphuff,1976
jpeg-6b,jmemmgr,2294
jpeg-6b,jutils,402
jpeg-6b,cdjpeg,88
libmspack,mspack/system,498
libmspack,mspack/chmd,2364
libmspack,mspack/hlpc,6
libmspack,mspack/qtmc,0
libmspack,mspack/kwajd,6
libmspack,mspack/chmc,6
libmspack,mspack/litc,6
libmspack,mspack/qtmd,3732
libmspack,mspack/lzxc,0
libmspack,mspack/cabc,6
libmspack,mspack/litd,6
libmspack,mspack/hlpd,6
libmspack,mspack/mszipc,0
libmspack,mspack/lzxd,4772
libmspack,mspack/cabd,4244
libmspack,mspack/mszipd,18
libmspack,mspack/kwajc,6
libmspack,mspack/szddd,6
libmspack,mspack/szddc,6
libmspack,test/cabd_md5,1025
libmspack,test/cabextract_md5,16674
libmspack,test/md5,2400
libmspack,test/chmd_md5,962
libmspack,test/cabrip,357
libmspack,test/cabd_test,8396
libpng-1.2.5,pngtest,5248
libpng-1.2.5,png2pnm,2177
libpng-1.2.5,pngrtran,14888
libpng-1.2.5,pngrio,269
libpng-1.2.5,pngwtran,1362
libpng-1.2.5,pngget,1984
libpng-1.2.5,pngtrans,1868
libpng-1.2.5,pngread,5162
libpng-1.2.5,pnm2png,2409
libpng-1.2.5,pngerror,719
libpng-1.2.5,png,2221
libpng-1.2.5,pngwio,293
libpng-1.2.5,pngwrite,4977
libpng-1.2.5,pngpread,4659
libpng-1.2.5,pngwutil,9917
libpng-1.2.5,pngset,5173
libpng-1.2.5,pngrutil,12647
libpng-1.2.5,pngmem,365
linux-2.4.23-pre3-testplatform,arch/testplatform/mm/init,1368
linux-2.4.23-pre3-testplatform,arch/testplatform/mm/ioremap,495
linux-2.4.23-pre3-testplatform,arch/testplatform/mm/fault,230
linux-2.4.23-pre3-testplatform,arch/testplatform/mm/extable,64
linux-2.4.23-pre3-testplatform,arch/testplatform/lib/checksum,4
linux-2.4.23-pre3-testplatform,arch/testplatform/lib/strcmp,4
linux-2.4.23-pre3-testplatform,arch/testplatform/lib/misaligned,132
linux-2.4.23-pre3-testplatform,arch/testplatform/lib/memcpy,4
linux-2.4.23-pre3-testplatform,arch/testplatform/lib/delay,4
linux-2.4.23-pre3-testplatform,arch/testplatform/lib/strncpy,4
linux-2.4.23-pre3-testplatform,arch/testplatform/lib/memset,4
linux-2.4.23-pre3-testplatform,arch/testplatform/lib/uaccess,12
linux-2.4.23-pre3-testplatform,arch/testplatform/kernel/s390_ext,220
linux-2.4.23-pre3-testplatform,arch/testplatform/kernel/sys_s390,593
linux-2.4.23-pre3-testplatform,arch/testplatform/kernel/cpcmd,2
linux-2.4.23-pre3-testplatform,arch/testplatform/kernel/init_task,16384
linux-2.4.23-pre3-testplatform,arch/testplatform/kernel/signal,1792
linux-2.4.23-pre3-testplatform,arch/testplatform/kernel/ebcdic,1536
linux-2.4.23-pre3-testplatform,arch/testplatform/kernel/entry,18
linux-2.4.23-pre3-testplatform,arch/testplatform/kernel/head,2
linux-2.4.23-pre3-testplatform,arch/testplatform/kernel/ptrace,992
linux-2.4.23-pre3-testplatform,arch/testplatform/kernel/irq,18
linux-2.4.23-pre3-testplatform,arch/testplatform/kernel/bitmap,3
linux-2.4.23-pre3-testplatform,arch/testplatform/kernel/semaphore,180
linux-2.4.23-pre3-testplatform,arch/testplatform/kernel/time,10
linux-2.4.23-pre3-testplatform,arch/testplatform/kernel/s390fpu,16
linux-2.4.23-pre3-testplatform,arch/testplatform/kernel/debug,2910
linux-2.4.23-pre3-testplatform,arch/testplatform/kernel/needed,16
linux-2.4.23-pre3-testplatform,arch/testplatform/kernel/setup,1596
linux-2.4.23-pre3-testplatform,arch/testplatform/kernel/traps,1978
linux-2.4.23-pre3-testplatform,arch/testplatform/kernel/process,739
linux-2.4.23-pre3-testplatform,arch/testplatform/kernel/reipl,2
linux-2.4.23-pre3-testplatform,fs/char_dev,323
linux-2.4.23-pre3-testplatform,fs/namespace,3271
linux-2.4.23-pre3-testplatform,fs/xattr,598
linux-2.4.23-pre3-testplatform,fs/attr,538
linux-2.4.23-pre3-testplatform,fs/partitions/msdos,272
linux-2.4.23-pre3-testplatform,fs/partitions/check,1151
linux-2.4.23-pre3-testplatform,fs/exec,3112
linux-2.4.23-pre3-testplatform,fs/locks,5516
linux-2.4.23-pre3-testplatform,fs/iobuf,699
linux-2.4.23-pre3-testplatform,fs/binfmt_script,304
linux-2.4.23-pre3-testplatform,fs/dnotify,400
linux-2.4.23-pre3-testplatform,fs/fcntl,1106
linux-2.4.23-pre3-testplatform,fs/pipe,1718
linux-2.4.23-pre3-testplatform,fs/quota,1906
linux-2.4.23-pre3-testplatform,fs/nfsd/nfsctl,599
linux-2.4.23-pre3-testplatform,fs/nfsd/vfs,5432
linux-2.4.23-pre3-testplatform,fs/nfsd/nfscache,1323
linux-2.4.23-pre3-testplatform,fs/nfsd/nfssvc,1038
linux-2.4.23-pre3-testplatform,fs/nfsd/stats,40
linux-2.4.23-pre3-testplatform,fs/nfsd/lockd,180
linux-2.4.23-pre3-testplatform,fs/nfsd/auth,100
linux-2.4.23-pre3-testplatform,fs/nfsd/nfsproc,2811
linux-2.4.23-pre3-testplatform,fs/nfsd/export,3705
linux-2.4.23-pre3-testplatform,fs/nfsd/nfsxdr,1600
linux-2.4.23-pre3-testplatform,fs/nfsd/nfs3xdr,3280
linux-2.4.23-pre3-testplatform,fs/nfsd/nfs3proc,2530
linux-2.4.23-pre3-testplatform,fs/nfsd/nfsfh,3430
linux-2.4.23-pre3-testplatform,fs/fifo,492
linux-2.4.23-pre3-testplatform,fs/ramfs/inode,1011
linux-2.4.23-pre3-testplatform,fs/filesystems,0
linux-2.4.23-pre3-testplatform,fs/file_table,631
linux-2.4.23-pre3-testplatform,fs/block_dev,2633
linux-2.4.23-pre3-testplatform,fs/readdir,1101
linux-2.4.23-pre3-testplatform,fs/binfmt_elf,0
linux-2.4.23-pre3-testplatform,fs/inode,3461
linux-2.4.23-pre3-testplatform,fs/nfs/unlink,532
linux-2.4.23-pre3-testplatform,fs/nfs/symlink,304
linux-2.4.23-pre3-testplatform,fs/nfs/proc,1252
linux-2.4.23-pre3-testplatform,fs/nfs/write,4142
linux-2.4.23-pre3-testplatform,fs/nfs/inode,5232
linux-2.4.23-pre3-testplatform,fs/nfs/file,756
linux-2.4.23-pre3-testplatform,fs/nfs/dir,3296
linux-2.4.23-pre3-testplatform,fs/nfs/nfs3xdr,3884
linux-2.4.23-pre3-testplatform,fs/nfs/pagelist,1611
linux-2.4.23-pre3-testplatform,fs/nfs/read,1612
linux-2.4.23-pre3-testplatform,fs/nfs/flushd,348
linux-2.4.23-pre3-testplatform,fs/nfs/nfs2xdr,2832
linux-2.4.23-pre3-testplatform,fs/nfs/nfs3proc,2000
linux-2.4.23-pre3-testplatform,fs/devices,722
linux-2.4.23-pre3-testplatform,fs/lockd/svcproc,2164
linux-2.4.23-pre3-testplatform,fs/lockd/svcshare,254
linux-2.4.23-pre3-testplatform,fs/lockd/xdr,3003
linux-2.4.23-pre3-testplatform,fs/lockd/svc4proc,2128
linux-2.4.23-pre3-testplatform,fs/lockd/clntproc,2155
linux-2.4.23-pre3-testplatform,fs/lockd/svcsubs,911
linux-2.4.23-pre3-testplatform,fs/lockd/mon,850
linux-2.4.23-pre3-testplatform,fs/lockd/host,1204
linux-2.4.23-pre3-testplatform,fs/lockd/xdr4,2904
linux-2.4.23-pre3-testplatform,fs/lockd/svc,1212
linux-2.4.23-pre3-testplatform,fs/lockd/svclock,1663
linux-2.4.23-pre3-testplatform,fs/lockd/clntlock,648
linux-2.4.23-pre3-testplatform,fs/lockd/lockd_syms,0
linux-2.4.23-pre3-testplatform,fs/file,529
linux-2.4.23-pre3-testplatform,fs/jbd/commit,3382
linux-2.4.23-pre3-testplatform,fs/jbd/journal,6047
linux-2.4.23-pre3-testplatform,fs/jbd/transaction,7156
linux-2.4.23-pre3-testplatform,fs/jbd/checkpoint,2566
linux-2.4.23-pre3-testplatform,fs/jbd/revoke,1659
linux-2.4.23-pre3-testplatform,fs/jbd/recovery,1606
linux-2.4.23-pre3-testplatform,fs/bad_inode,228
linux-2.4.23-pre3-testplatform,fs/stat,406
linux-2.4.23-pre3-testplatform,fs/open,2652
linux-2.4.23-pre3-testplatform,fs/super,2274
linux-2.4.23-pre3-testplatform,fs/select,1496
linux-2.4.23-pre3-testplatform,fs/seq_file,1468
linux-2.4.23-pre3-testplatform,fs/namei,6121
linux-2.4.23-pre3-testplatform,fs/read_write,1504
linux-2.4.23-pre3-testplatform,fs/ioctl,316
linux-2.4.23-pre3-testplatform,fs/buffer,7997
linux-2.4.23-pre3-testplatform,fs/dcache,3106
linux-2.4.23-pre3-testplatform,fs/ext3/fsync,237
linux-2.4.23-pre3-testplatform,fs/ext3/ialloc,2035
linux-2.4.23-pre3-testplatform,fs/ext3/symlink,104
linux-2.4.23-pre3-testplatform,fs/ext3/inode,7345
linux-2.4.23-pre3-testplatform,fs/ext3/file,308
linux-2.4.23-pre3-testplatform,fs/ext3/balloc,3128
linux-2.4.23-pre3-testplatform,fs/ext3/bitmap,112
linux-2.4.23-pre3-testplatform,fs/ext3/dir,820
linux-2.4.23-pre3-testplatform,fs/ext3/super,8080
linux-2.4.23-pre3-testplatform,fs/ext3/namei,4655
linux-2.4.23-pre3-testplatform,fs/ext3/ioctl,547
linux-2.4.23-pre3-testplatform,mm/swap,278
linux-2.4.23-pre3-testplatform,mm/vmalloc,1531
linux-2.4.23-pre3-testplatform,mm/numa,876
linux-2.4.23-pre3-testplatform,mm/mmap,3167
linux-2.4.23-pre3-testplatform,mm/mprotect,1290
linux-2.4.23-pre3-testplatform,mm/bootmem,1161
linux-2.4.23-pre3-testplatform,mm/memory,4526
linux-2.4.23-pre3-testplatform,mm/swapfile,4936
linux-2.4.23-pre3-testplatform,mm/shmem,4619
linux-2.4.23-pre3-testplatform,mm/mlock,940
linux-2.4.23-pre3-testplatform,mm/filemap,9017
linux-2.4.23-pre3-testplatform,mm/page_io,447
linux-2.4.23-pre3-testplatform,mm/page_alloc,2895
linux-2.4.23-pre3-testplatform,mm/slab,2650
linux-2.4.23-pre3-testplatform,mm/swap_state,835
linux-2.4.23-pre3-testplatform,mm/oom_kill,443
linux-2.4.23-pre3-testplatform,mm/vmscan,1794
linux-2.4.23-pre3-testplatform,mm/mremap,1490
linux-2.4.23-pre3-testplatform,lib/string,504
linux-2.4.23-pre3-testplatform,lib/zlib_inflate/inffast,774
linux-2.4.23-pre3-testplatform,lib/zlib_inflate/inflate_syms,0
linux-2.4.23-pre3-testplatform,lib/zlib_inflate/inftrees,6169
linux-2.4.23-pre3-testplatform,lib/zlib_inflate/inflate,1734
linux-2.4.23-pre3-testplatform,lib/zlib_inflate/infutil,248
linux-2.4.23-pre3-testplatform,lib/zlib_inflate/infblock,1714
linux-2.4.23-pre3-testplatform,lib/zlib_inflate/infcodes,1134
linux-2.4.23-pre3-testplatform,lib/vsprintf,2441
linux-2.4.23-pre3-testplatform,lib/bust_spinlocks,46
linux-2.4.23-pre3-testplatform,lib/errno,0
linux-2.4.23-pre3-testplatform,lib/brlock,0
linux-2.4.23-pre3-testplatform,lib/zlib_deflate/deflate_syms,0
linux-2.4.23-pre3-testplatform,lib/zlib_deflate/deflate,3716
linux-2.4.23-pre3-testplatform,lib/zlib_deflate/deftree,6080
linux-2.4.23-pre3-testplatform,lib/dec_and_lock,0
linux-2.4.23-pre3-testplatform,lib/cmdline,174
linux-2.4.23-pre3-testplatform,lib/ctype,256
linux-2.4.23-pre3-testplatform,lib/dump_stack,66
linux-2.4.23-pre3-testplatform,lib/rbtree,584
linux-2.4.23-pre3-testplatform,lib/rwsem-spinlock,362
linux-2.4.23-pre3-testplatform,net/core/sock,2601
linux-2.4.23-pre3-testplatform,net/core/scm,698
linux-2.4.23-pre3-testplatform,net/core/iovec,660
linux-2.4.23-pre3-testplatform,net/core/skbuff,4285
linux-2.4.23-pre3-testplatform,net/core/ethtool,1658
linux-2.4.23-pre3-testplatform,net/core/datagram,1363
linux-2.4.23-pre3-testplatform,net/core/utils,189
linux-2.4.23-pre3-testplatform,net/core/dev_mcast,591
linux-2.4.23-pre3-testplatform,net/core/dst,608
linux-2.4.23-pre3-testplatform,net/core/neighbour,5601
linux-2.4.23-pre3-testplatform,net/core/dev,7198
linux-2.4.23-pre3-testplatform,net/core/rtnetlink,2237
linux-2.4.23-pre3-testplatform,net/socket,4762
linux-2.4.23-pre3-testplatform,net/802/p8023,78
linux-2.4.23-pre3-testplatform,net/ethernet/eth,453
linux-2.4.23-pre3-testplatform,net/8021q/vlan,1966
linux-2.4.23-pre3-testplatform,net/8021q/vlanproc,14
linux-2.4.23-pre3-testplatform,net/8021q/vlan_dev,2926
linux-2.4.23-pre3-testplatform,net/sunrpc/xdr,1292
linux-2.4.23-pre3-testplatform,net/sunrpc/auth_null,268
linux-2.4.23-pre3-testplatform,net/sunrpc/timer,126
linux-2.4.23-pre3-testplatform,net/sunrpc/auth,660
linux-2.4.23-pre3-testplatform,net/sunrpc/clnt,3364
linux-2.4.23-pre3-testplatform,net/sunrpc/svcsock,4076
linux-2.4.23-pre3-testplatform,net/sunrpc/xprt,4837
linux-2.4.23-pre3-testplatform,net/sunrpc/pmap_clnt,629
linux-2.4.23-pre3-testplatform,net/sunrpc/svcauth,472
linux-2.4.23-pre3-testplatform,net/sunrpc/auth_unix,674
linux-2.4.23-pre3-testplatform,net/sunrpc/sched,3404
linux-2.4.23-pre3-testplatform,net/sunrpc/svc,1629
linux-2.4.23-pre3-testplatform,net/sunrpc/sunrpc_syms,0
linux-2.4.23-pre3-testplatform,net/sched/sch_generic,1862
linux-2.4.23-pre3-testplatform,net/netlink/af_netlink,3220
linux-2.4.23-pre3-testplatform,net/ipv4/tcp_output,6872
linux-2.4.23-pre3-testplatform,net/ipv4/tcp_ipv4,9793
linux-2.4.23-pre3-testplatform,net/ipv4/tcp,12013
linux-2.4.23-pre3-testplatform,net/ipv4/route,7728
linux-2.4.23-pre3-testplatform,net/ipv4/ip_input,543
linux-2.4.23-pre3-testplatform,net/ipv4/sysctl_net_ipv4,0
linux-2.4.23-pre3-testplatform,net/ipv4/ip_options,2302
linux-2.4.23-pre3-testplatform,net/ipv4/tcp_timer,2670
linux-2.4.23-pre3-testplatform,net/ipv4/fib_hash,2621
linux-2.4.23-pre3-testplatform,net/ipv4/icmp,2982
linux-2.4.23-pre3-testplatform,net/ipv4/ip_fragment,2309
linux-2.4.23-pre3-testplatform,net/ipv4/proc,2558
linux-2.4.23-pre3-testplatform,net/ipv4/fib_semantics,2234
linux-2.4.23-pre3-testplatform,net/ipv4/igmp,7198
linux-2.4.23-pre3-testplatform,net/ipv4/fib_frontend,1848
linux-2.4.23-pre3-testplatform,net/ipv4/udp,3904
linux-2.4.23-pre3-testplatform,net/ipv4/af_inet,4025
linux-2.4.23-pre3-testplatform,net/ipv4/utils,52
linux-2.4.23-pre3-testplatform,net/ipv4/inetpeer,1386
linux-2.4.23-pre3-testplatform,net/ipv4/ip_forward,304
linux-2.4.23-pre3-testplatform,net/ipv4/protocol,374
linux-2.4.23-pre3-testplatform,net/ipv4/tcp_diag,2338
linux-2.4.23-pre3-testplatform,net/ipv4/tcp_input,15452
linux-2.4.23-pre3-testplatform,net/ipv4/ip_output,3243
linux-2.4.23-pre3-testplatform,net/ipv4/ip_sockglue,3548
linux-2.4.23-pre3-testplatform,net/ipv4/tcp_minisocks,3155
linux-2.4.23-pre3-testplatform,net/ipv4/raw,2572
linux-2.4.23-pre3-testplatform,net/ipv4/devinet,4043
linux-2.4.23-pre3-testplatform,net/ipv4/arp,3512
linux-2.4.23-pre3-testplatform,init/main,1090
linux-2.4.23-pre3-testplatform,init/do_mounts,3414
linux-2.4.23-pre3-testplatform,init/version,502
linux-2.4.23-pre3-testplatform,drivers/block/genhd,154
linux-2.4.23-pre3-testplatform,drivers/block/blkpg,800
linux-2.4.23-pre3-testplatform,drivers/block/ll_rw_blk,4093
linux-2.4.23-pre3-testplatform,drivers/block/elevator,472
linux-2.4.23-pre3-testplatform,drivers/net/loopback,272
linux-2.4.23-pre3-testplatform,drivers/net/net_init,559
linux-2.4.23-pre3-testplatform,drivers/net/Space,3364
linux-2.4.23-pre3-testplatform,drivers/net/auto_irq,48
linux-2.4.23-pre3-testplatform,drivers/net/setup,36
linux-2.4.23-pre3-testplatform,drivers/char/n_tty,3567
linux-2.4.23-pre3-testplatform,drivers/char/random,3888
linux-2.4.23-pre3-testplatform,drivers/char/mem,2000
linux-2.4.23-pre3-testplatform,drivers/char/tty_io,8257
linux-2.4.23-pre3-testplatform,drivers/char/pty,1343
linux-2.4.23-pre3-testplatform,drivers/char/tty_ioctl,1347
linux-2.4.23-pre3-testplatform,drivers/char/raw,1056
linux-2.4.23-pre3-testplatform,drivers/char/misc,692
linux-2.4.23-pre3-testplatform,kernel/sys,2943
linux-2.4.23-pre3-testplatform,kernel/resource,873
linux-2.4.23-pre3-testplatform,kernel/softirq,1506
linux-2.4.23-pre3-testplatform,kernel/signal,2695
linux-2.4.23-pre3-testplatform,kernel/fork,2561
linux-2.4.23-pre3-testplatform,kernel/acct,6
linux-2.4.23-pre3-testplatform,kernel/itimer,452
linux-2.4.23-pre3-testplatform,kernel/timer,2117
linux-2.4.23-pre3-testplatform,kernel/context,535
linux-2.4.23-pre3-testplatform,kernel/exit,1719
linux-2.4.23-pre3-testplatform,kernel/dma,12
linux-2.4.23-pre3-testplatform,kernel/module,739
linux-2.4.23-pre3-testplatform,kernel/ptrace,872
linux-2.4.23-pre3-testplatform,kernel/capability,64
linux-2.4.23-pre3-testplatform,kernel/printk,1620
linux-2.4.23-pre3-testplatform,kernel/kmod,576
linux-2.4.23-pre3-testplatform,kernel/exec_domain,583
linux-2.4.23-pre3-testplatform,kernel/sched,3105
linux-2.4.23-pre3-testplatform,kernel/time,1112
linux-2.4.23-pre3-testplatform,kernel/info,196
linux-2.4.23-pre3-testplatform,kernel/user,176
linux-2.4.23-pre3-testplatform,kernel/panic,530
linux-2.4.23-pre3-testplatform,kernel/sysctl,72
linux-2.4.23-pre3-testplatform,ipc/sem,3431
linux-2.4.23-pre3-testplatform,ipc/util,735
linux-2.4.23-pre3-testplatform,ipc/shm,2295
linux-2.4.23-pre3-testplatform,ipc/msg,1926
lwip-0.5.3.preproc,proj/unixsim/simhost,334
lwip-0.5.3.preproc,proj/unixsim/simnode,310
lwip-0.5.3.preproc,proj/unixsim/apps/fs,39805
lwip-0.5.3.preproc,proj/unixsim/apps/udpecho,120
lwip-0.5.3.preproc,proj/unixsim/apps/shell,7953
lwip-0.5.3.preproc,proj/unixsim/apps/httpd,539
lwip-0.5.3.preproc,proj/unixsim/apps/tcpecho,112
lwip-0.5.3.preproc,proj/unixsim/simrouter,454
lwip-0.5.3.preproc,src/netif/tcpdump,839
lwip-0.5.3.preproc,src/netif/loopif,80
lwip-0.5.3.preproc,src/netif/arp,676
lwip-0.5.3.preproc,src/core/tcp_output,1760
lwip-0.5.3.preproc,src/core/sys,248
lwip-0.5.3.preproc,src/core/tcp,2021
lwip-0.5.3.preproc,src/core/pbuf,1084
lwip-0.5.3.preproc,src/core/inet,256
lwip-0.5.3.preproc,src/core/stats,16
lwip-0.5.3.preproc,src/core/udp,692
lwip-0.5.3.preproc,src/core/mem,840
lwip-0.5.3.preproc,src/core/memp,644
lwip-0.5.3.preproc,src/core/tcp_input,3116
lwip-0.5.3.preproc,src/core/netif,196
lwip-0.5.3.preproc,src/core/ipv4/ip_addr,4
lwip-0.5.3.preproc,src/core/ipv4/icmp,492
lwip-0.5.3.preproc,src/core/ipv4/ip,908
lwip-0.5.3.preproc,src/api/err,0
lwip-0.5.3.preproc,src/api/api_msg,1200
lwip-0.5.3.preproc,src/api/api_lib,1420
lwip-0.5.3.preproc,src/api/tcpip,248
lwip-0.5.3.preproc,src/api/sockets,820
mpeg2dec-0.3.1,libvo/video_out_sdl,617
mpeg2dec-0.3.1,libvo/video_out_pgm,361
mpeg2dec-0.3.1,libvo/video_out_dx,0
mpeg2dec-0.3.1,libvo/video_out_null,148
mpeg2dec-0.3.1,libvo/video_out,146
mpeg2dec-0.3.1,libvo/video_out_x11,0
mpeg2dec-0.3.1,libvo/yuv2rgb,3652
mpeg2dec-0.3.1,libvo/yuv2rgb_mmx,0
mpeg2dec-0.3.1,libvo/yuv2rgb_mlib,0
mpeg2dec-0.3.1,src/getopt,2312
mpeg2dec-0.3.1,src/gettimeofday,0
mpeg2dec-0.3.1,src/extract_mpeg2,2636
mpeg2dec-0.3.1,src/mpeg2dec,3882
mpeg2dec-0.3.1,libmpeg2/idct_alpha,0
mpeg2dec-0.3.1,libmpeg2/cpu_accel,4
mpeg2dec-0.3.1,libmpeg2/motion_comp,4252
mpeg2dec-0.3.1,libmpeg2/motion_comp_alpha,0
mpeg2dec-0.3.1,libmpeg2/cpu_state,2
mpeg2dec-0.3.1,libmpeg2/idct_mmx,0
mpeg2dec-0.3.1,libmpeg2/decode,1636
mpeg2dec-0.3.1,libmpeg2/slice,13920
mpeg2dec-0.3.1,libmpeg2/idct_mlib,0
mpeg2dec-0.3.1,libmpeg2/idct_altivec,0
mpeg2dec-0.3.1,libmpeg2/motion_comp_mlib,0
mpeg2dec-0.3.1,libmpeg2/idct,1208
mpeg2dec-0.3.1,libmpeg2/header,3288
mpeg2dec-0.3.1,libmpeg2/motion_comp_altivec,0
mpeg2dec-0.3.1,libmpeg2/motion_comp_mmx,0
mpeg2dec-0.3.1,libmpeg2/alloc,84
mpgcut-1.1,mpgcut,8707
OpenTCP-1.0.4,bootp/bootp,968
OpenTCP-1.0.4,system,752
OpenTCP-1.0.4,tcp,3958
OpenTCP-1.0.4,smtp/smtp_client,1496
OpenTCP-1.0.4,smtp/smtpc_callbacks,22
OpenTCP-1.0.4,dns/dns,1008
OpenTCP-1.0.4,icmp,264
OpenTCP-1.0.4,timers,176
OpenTCP-1.0.4,ethernet,1472
OpenTCP-1.0.4,pop3/pop3_client,2571
OpenTCP-1.0.4,pop3/pop3c_callbacks,20
OpenTCP-1.0.4,ip,1328
OpenTCP-1.0.4,udp,1090
OpenTCP-1.0.4,dhcp/dhcpc,1752
OpenTCP-1.0.4,demo/udp_demo,184
OpenTCP-1.0.4,demo/main_demo,212
OpenTCP-1.0.4,demo/tcp_client_demo,284
OpenTCP-1.0.4,demo/tcp_server_demo,248
OpenTCP-1.0.4,tftp/tftps,620
OpenTCP-1.0.4,http/https_callbacks,584
OpenTCP-1.0.4,http/http_server,1012
OpenTCP-1.0.4,arp,1697
replaypc-0.4.0.preproc,dump-addressbook,361
replaypc-0.4.0.preproc,zipcode,347
replaypc-0.4.0.preproc,dump-guide,334
replaypc-0.4.0.preproc,rddnsclient,938
replaypc-0.4.0.preproc,headend,1530
replaypc-0.4.0.preproc,ndx-dump,3252
replaypc-0.4.0.preproc,addressbook,559
replaypc-0.4.0.preproc,rtv,528
replaypc-0.4.0.preproc,ndx,361
replaypc-0.4.0.preproc,dump-cg2,363
replaypc-0.4.0.preproc,dump-filedarray,380
replaypc-0.4.0.preproc,un-protect,1062
replaypc-0.4.0.preproc,dump-programset,481
replaypc-0.4.0.preproc,dump-channelset,260
replaypc-0.4.0.preproc,crypt-test,907
replaypc-0.4.0.preproc,guide,6038
replaypc-0.4.0.preproc,httpfsclient,1610
replaypc-0.4.0.preproc,program,4342
replaypc-0.4.0.preproc,bigfile,116
replaypc-0.4.0.preproc,rtvguide,1386
replaypc-0.4.0.preproc,httpclient,1660
replaypc-0.4.0.preproc,find-GOPs,152
replaypc-0.4.0.preproc,sleep,10
replaypc-0.4.0.preproc,cg,1587
replaypc-0.4.0.preproc,dump-replayshows,220
replaypc-0.4.0.preproc,rddns,433
replaypc-0.4.0.preproc,dump-replaychannels,226
replaypc-0.4.0.preproc,dump-headend,234
replaypc-0.4.0.preproc,channelset,159
replaypc-0.4.0.preproc,crypt,684
replaypc-0.4.0.preproc,mark-commercial,1750
replaypc-0.4.0.preproc,httpfs,5106
replaypc-0.4.0.preproc,filedarray,190
replaypc-0.4.0.preproc,build-ndx,344
replaypc-0.4.0.preproc,version-test,122
replaypc-0.4.0.preproc,dump,1213
replaypc-0.4.0.preproc,dump-zipcode2,206
replaypc-0.4.0.preproc,ReplayPC,3528
replaypc-0.4.0.preproc,guideclient,529
teem-1.6.0-src,src/air/sane,3142
teem-1.6.0-src,src/air/string,832
teem-1.6.0-src,src/air/754,1455
teem-1.6.0-src,src/air/array,438
teem-1.6.0-src,src/air/parseAir,4628
teem-1.6.0-src,src/air/threadAir,997
teem-1.6.0-src,src/air/endianAir,1340
teem-1.6.0-src,src/air/dio,1852
teem-1.6.0-src,src/air/enum,560
teem-1.6.0-src,src/air/miscAir,3512
teem-1.6.0-src,src/air/mop,1355
teem-1.6.0-src,src/air/test/doubleprint,562
teem-1.6.0-src,src/air/test/floatprint,548
teem-1.6.0-src,src/air/test/tline,361
teem-1.6.0-src,src/air/test/fp,1502
teem-1.6.0-src,src/air/test/tmop,555
teem-1.6.0-src,src/air/test/tok,250
teem-1.6.0-src,src/limn/hestLimn,966
teem-1.6.0-src,src/limn/qn,2493
teem-1.6.0-src,src/limn/splineEval,5473
teem-1.6.0-src,src/limn/splineMethods,4343
teem-1.6.0-src,src/limn/renderLimn,2775
teem-1.6.0-src,src/limn/obj,672
teem-1.6.0-src,src/limn/shapes,3328
teem-1.6.0-src,src/limn/methodsLimn,176
teem-1.6.0-src,src/limn/transform,2741
teem-1.6.0-src,src/limn/cam,4646
teem-1.6.0-src,src/limn/light,742
teem-1.6.0-src,src/limn/splineMisc,14254
teem-1.6.0-src,src/limn/env,1108
teem-1.6.0-src,src/limn/io,689
teem-1.6.0-src,src/limn/test/soid,3317
teem-1.6.0-src,src/limn/test/tps,2344
teem-1.6.0-src,src/limn/test/tcam,1156
teem-1.6.0-src,src/limn/test/tbc,1564
teem-1.6.0-src,src/limn/test/tcamanim,3067
teem-1.6.0-src,src/limn/test/light,440
teem-1.6.0-src,src/limn/test/map,254
teem-1.6.0-src,src/limn/test/tspline,1917
teem-1.6.0-src,src/limn/defaultsLimn,13
teem-1.6.0-src,src/bane/gkmsFlotsam,2882
teem-1.6.0-src,src/bane/trex,342
teem-1.6.0-src,src/bane/methodsBane,523
teem-1.6.0-src,src/bane/clip,1431
teem-1.6.0-src,src/bane/gkmsHvol,2706
teem-1.6.0-src,src/bane/gkmsScat,1456
teem-1.6.0-src,src/bane/valid,2206
teem-1.6.0-src,src/bane/gkmsMite,1112
teem-1.6.0-src,src/bane/gkmsOpac,3053
teem-1.6.0-src,src/bane/gkmsTxf,2916
teem-1.6.0-src,src/bane/hvol,6285
teem-1.6.0-src,src/bane/scat,685
teem-1.6.0-src,src/bane/measr,1694
teem-1.6.0-src,src/bane/trnsf,4023
teem-1.6.0-src,src/bane/gkmsPvg,2894
teem-1.6.0-src,src/bane/gkmsInfo,1257
teem-1.6.0-src,src/bane/defaultsBane,29
teem-1.6.0-src,src/bane/test/sigma,141
teem-1.6.0-src,src/bane/test/pos,525
teem-1.6.0-src,src/bane/test/tblah,937
teem-1.6.0-src,src/bane/test/opac,422
teem-1.6.0-src,src/bane/test/tinfo,465
teem-1.6.0-src,src/bane/inc,3629
teem-1.6.0-src,src/bane/rangeBane,1705
teem-1.6.0-src,src/alan/methodsAlan,1980
teem-1.6.0-src,src/alan/coreAlan,3783
teem-1.6.0-src,src/alan/enumsAlan,2480
teem-1.6.0-src,src/alan/test/tspot,855
teem-1.6.0-src,src/echo/sqd,6741
teem-1.6.0-src,src/echo/set,836
teem-1.6.0-src,src/echo/renderEcho,4334
teem-1.6.0-src,src/echo/bounds,5747
teem-1.6.0-src,src/echo/matter,296
teem-1.6.0-src,src/echo/methodsEcho,473
teem-1.6.0-src,src/echo/model,1072
teem-1.6.0-src,src/echo/intx,12610
teem-1.6.0-src,src/echo/enumsEcho,13168
teem-1.6.0-src,src/echo/list,1168
teem-1.6.0-src,src/echo/color,7404
teem-1.6.0-src,src/echo/lightEcho,637
teem-1.6.0-src,src/echo/objmethods,1052
teem-1.6.0-src,src/echo/test/test,874
teem-1.6.0-src,src/echo/test/trend,6917
teem-1.6.0-src,src/nrrd/methodsNrrd,3593
teem-1.6.0-src,src/nrrd/endianNrrd,495
teem-1.6.0-src,src/nrrd/format,640
teem-1.6.0-src,src/nrrd/simple,4095
teem-1.6.0-src,src/nrrd/encodingRaw,1784
teem-1.6.0-src,src/nrrd/encodingGzip,605
teem-1.6.0-src,src/nrrd/range,504
teem-1.6.0-src,src/nrrd/apply1D,7022
teem-1.6.0-src,src/nrrd/histogram,5429
teem-1.6.0-src,src/nrrd/hestNrrd,1023
teem-1.6.0-src,src/nrrd/keyvalue,621
teem-1.6.0-src,src/nrrd/measure,7668
teem-1.6.0-src,src/nrrd/formatPNG,674
teem-1.6.0-src,src/nrrd/encoding,620
teem-1.6.0-src,src/nrrd/winKernel,18840
teem-1.6.0-src,src/nrrd/gzio,0
teem-1.6.0-src,src/nrrd/encodingBzip2,530
teem-1.6.0-src,src/nrrd/reorder,7836
teem-1.6.0-src,src/nrrd/cc,9214
teem-1.6.0-src,src/nrrd/write,3578
teem-1.6.0-src,src/nrrd/comment,335
teem-1.6.0-src,src/nrrd/axis,2448
teem-1.6.0-src,src/nrrd/convertNrrd,2548
teem-1.6.0-src,src/nrrd/tmfKernel,114477
teem-1.6.0-src,src/nrrd/arraysNrrd,2368
teem-1.6.0-src,src/nrrd/formatText,2454
teem-1.6.0-src,src/nrrd/formatNRRD,3260
teem-1.6.0-src,src/nrrd/resampleNrrd,5656
teem-1.6.0-src,src/nrrd/enumsNrrd,86276
teem-1.6.0-src,src/nrrd/subset,2184
teem-1.6.0-src,src/nrrd/kernel,21934
teem-1.6.0-src,src/nrrd/defaultsNrrd,659
teem-1.6.0-src,src/nrrd/filt,4862
teem-1.6.0-src,src/nrrd/map,4575
teem-1.6.0-src,src/nrrd/formatPNM,2643
teem-1.6.0-src,src/nrrd/formatVTK,5039
teem-1.6.0-src,src/nrrd/superset,3904
teem-1.6.0-src,src/nrrd/iter,499
teem-1.6.0-src,src/nrrd/read,2471
teem-1.6.0-src,src/nrrd/encodingAscii,1353
teem-1.6.0-src,src/nrrd/encodingHex,1464
teem-1.6.0-src,src/nrrd/test/tread,252
teem-1.6.0-src,src/nrrd/test/typestest,368
teem-1.6.0-src,src/nrrd/test/minmax,268
teem-1.6.0-src,src/nrrd/test/convo,1637
teem-1.6.0-src,src/nrrd/test/tkernel,1675
teem-1.6.0-src,src/nrrd/test/tline,310
teem-1.6.0-src,src/nrrd/test/trand,149
teem-1.6.0-src,src/nrrd/test/kv,327
teem-1.6.0-src,src/nrrd/test/ax,2807
teem-1.6.0-src,src/nrrd/test/io,341
teem-1.6.0-src,src/nrrd/test/quadvol,1569
teem-1.6.0-src,src/nrrd/test/genvol,1495
teem-1.6.0-src,src/nrrd/ccmethods,1016
teem-1.6.0-src,src/nrrd/parseNrrd,5622
teem-1.6.0-src,src/nrrd/accessors,5507
teem-1.6.0-src,src/nrrd/formatEPS,2289
teem-1.6.0-src,src/nrrd/arith,4803
teem-1.6.0-src,src/hoover/defaultsHoover,19
teem-1.6.0-src,src/hoover/rays,3167
teem-1.6.0-src,src/hoover/stub,44
teem-1.6.0-src,src/hoover/methodsHoover,1586
teem-1.6.0-src,src/hest/methodsHest,1845
teem-1.6.0-src,src/hest/usage,2186
teem-1.6.0-src,src/hest/parseHest,10154
teem-1.6.0-src,src/hest/defaultsHest,12
teem-1.6.0-src,src/hest/test/strings,1087
teem-1.6.0-src,src/hest/test/ex0,401
teem-1.6.0-src,src/hest/test/ex3,1438
teem-1.6.0-src,src/hest/test/bday,974
teem-1.6.0-src,src/hest/test/ex5,721
teem-1.6.0-src,src/hest/test/ex4,1036
teem-1.6.0-src,src/hest/test/ex2,948
teem-1.6.0-src,src/hest/test/ex1,1055
teem-1.6.0-src,src/biff/test/test,212
teem-1.6.0-src,src/biff/biff,2159
teem-1.6.0-src,src/ten/tendShrink,916
teem-1.6.0-src,src/ten/tendSim,1308
teem-1.6.0-src,src/ten/defaultsTen,64
teem-1.6.0-src,src/ten/mod,2673
teem-1.6.0-src,src/ten/tendEvec,1610
teem-1.6.0-src,src/ten/tendMake,929
teem-1.6.0-src,src/ten/tendPoint,1488
teem-1.6.0-src,src/ten/chan,7445
teem-1.6.0-src,src/ten/tendAnhist,1127
teem-1.6.0-src,src/ten/tendEllipse,2317
teem-1.6.0-src,src/ten/tendSatin,5032
teem-1.6.0-src,src/ten/tendEpireg,4324
teem-1.6.0-src,src/ten/tendEvq,2129
teem-1.6.0-src,src/ten/tendEvaladd,944
teem-1.6.0-src,src/ten/tendSlice,969
teem-1.6.0-src,src/ten/tendEvalclamp,1232
teem-1.6.0-src,src/ten/glyph,4415
teem-1.6.0-src,src/ten/tendBmat,1297
teem-1.6.0-src,src/ten/tendAnplot,1601
teem-1.6.0-src,src/ten/tensor,5754
teem-1.6.0-src,src/ten/fiber,4030
teem-1.6.0-src,src/ten/tenGage,3273
teem-1.6.0-src,src/ten/tendSten,1302
teem-1.6.0-src,src/ten/tendFiber,2516
teem-1.6.0-src,src/ten/enumsTen,26184
teem-1.6.0-src,src/ten/tendEval,1556
teem-1.6.0-src,src/ten/tendEvecrgb,1839
teem-1.6.0-src,src/ten/tendEstim,3741
teem-1.6.0-src,src/ten/tendFlotsam,1258
teem-1.6.0-src,src/ten/tendGlyph,6416
teem-1.6.0-src,src/ten/fiberMethods,2441
teem-1.6.0-src,src/ten/miscTen,3157
teem-1.6.0-src,src/ten/tendNorm,1253
teem-1.6.0-src,src/ten/tendAnscale,1331
teem-1.6.0-src,src/ten/tendAnvol,1457
teem-1.6.0-src,src/ten/aniso,3171
teem-1.6.0-src,src/ten/tendEvalpow,855
teem-1.6.0-src,src/ten/test/tg,2355
teem-1.6.0-src,src/ten/test/tem,976
teem-1.6.0-src,src/ten/test/tt,2638
teem-1.6.0-src,src/ten/bimod,5377
teem-1.6.0-src,src/ten/tendExpand,1408
teem-1.6.0-src,src/ten/epireg,11987
teem-1.6.0-src,src/moss/hestMoss,1046
teem-1.6.0-src,src/moss/methodsMoss,952
teem-1.6.0-src,src/moss/sampler,1949
teem-1.6.0-src,src/moss/xform,2866
teem-1.6.0-src,src/moss/defaultsMoss,17
teem-1.6.0-src,src/moss/test/invert,296
teem-1.6.0-src,src/unrrdu/gamma,1286
teem-1.6.0-src,src/unrrdu/ccsettle,994
teem-1.6.0-src,src/unrrdu/axsplit,1080
teem-1.6.0-src,src/unrrdu/swap,821
teem-1.6.0-src,src/unrrdu/unquantize,1111
teem-1.6.0-src,src/unrrdu/flotsam,2654
teem-1.6.0-src,src/unrrdu/imap,2394
teem-1.6.0-src,src/unrrdu/jhisto,2497
teem-1.6.0-src,src/unrrdu/join,1428
teem-1.6.0-src,src/unrrdu/data,1248
teem-1.6.0-src,src/unrrdu/block,1094
teem-1.6.0-src,src/unrrdu/cmedian,2444
teem-1.6.0-src,src/unrrdu/ccadj,1129
teem-1.6.0-src,src/unrrdu/inset,1313
teem-1.6.0-src,src/unrrdu/resample,3302
teem-1.6.0-src,src/unrrdu/unblock,1098
teem-1.6.0-src,src/unrrdu/minmax,1078
teem-1.6.0-src,src/unrrdu/project,1833
teem-1.6.0-src,src/unrrdu/head,1358
teem-1.6.0-src,src/unrrdu/permute,973
teem-1.6.0-src,src/unrrdu/ccmerge,2591
teem-1.6.0-src,src/unrrdu/1op,1615
teem-1.6.0-src,src/unrrdu/ccfind,1645
teem-1.6.0-src,src/unrrdu/lut,1993
teem-1.6.0-src,src/unrrdu/crop,1348
teem-1.6.0-src,src/unrrdu/rmap,2433
teem-1.6.0-src,src/unrrdu/axdelete,1390
teem-1.6.0-src,src/unrrdu/histo,1438
teem-1.6.0-src,src/unrrdu/flip,782
teem-1.6.0-src,src/unrrdu/convert,1116
teem-1.6.0-src,src/unrrdu/slice,1197
teem-1.6.0-src,src/unrrdu/2op,2114
teem-1.6.0-src,src/unrrdu/dice,1686
teem-1.6.0-src,src/unrrdu/save,2658
teem-1.6.0-src,src/unrrdu/3op,2244
teem-1.6.0-src,src/unrrdu/axinfo,1365
teem-1.6.0-src,src/unrrdu/axmerge,1303
teem-1.6.0-src,src/unrrdu/histax,1259
teem-1.6.0-src,src/unrrdu/pad,1696
teem-1.6.0-src,src/unrrdu/dhisto,1286
teem-1.6.0-src,src/unrrdu/reshape,950
teem-1.6.0-src,src/unrrdu/shuffle,1588
teem-1.6.0-src,src/unrrdu/axinsert,1081
teem-1.6.0-src,src/unrrdu/splice,1325
teem-1.6.0-src,src/unrrdu/make,6138
teem-1.6.0-src,src/unrrdu/quantize,1562
teem-1.6.0-src,src/unrrdu/about,2711
teem-1.6.0-src,src/unrrdu/heq,1989
teem-1.6.0-src,src/mite/renderMite,1029
teem-1.6.0-src,src/mite/ray,3642
teem-1.6.0-src,src/mite/txf,7003
teem-1.6.0-src,src/mite/thread,266
teem-1.6.0-src,src/mite/user,803
teem-1.6.0-src,src/mite/defaultsMite,37
teem-1.6.0-src,src/hex/dehex,1219
teem-1.6.0-src,src/hex/enhex,701
teem-1.6.0-src,src/dye/methodsDye,1882
teem-1.6.0-src,src/dye/test/bow,550
teem-1.6.0-src,src/dye/test/conv,352
teem-1.6.0-src,src/dye/convertDye,3148
teem-1.6.0-src,src/gage/sclprint,889
teem-1.6.0-src,src/gage/vecGage,13480
teem-1.6.0-src,src/gage/sclfilter,8757
teem-1.6.0-src,src/gage/scl,19232
teem-1.6.0-src,src/gage/update,4112
teem-1.6.0-src,src/gage/ctx,4000
teem-1.6.0-src,src/gage/print,5153
teem-1.6.0-src,src/gage/filter,2971
teem-1.6.0-src,src/gage/st,2947
teem-1.6.0-src,src/gage/sclanswer,6801
teem-1.6.0-src,src/gage/vecprint,48
teem-1.6.0-src,src/gage/defaultsGage,53
teem-1.6.0-src,src/gage/pvl,1351
teem-1.6.0-src,src/gage/miscGage,5191
teem-1.6.0-src,src/gage/shape,2796
teem-1.6.0-src,src/ell/miscEll,987
teem-1.6.0-src,src/ell/genmat,2791
teem-1.6.0-src,src/ell/vecEll,1444
teem-1.6.0-src,src/ell/eigen,4220
teem-1.6.0-src,src/ell/quat,14810
teem-1.6.0-src,src/ell/cubicEll,1964
teem-1.6.0-src,src/ell/mat,24292
teem-1.6.0-src,src/ell/test/sort3,606
teem-1.6.0-src,src/ell/test/invert,625
teem-1.6.0-src,src/ell/test/tq,5203
ttt-0.10.1.preproc,src/engine,1456
ttt-0.10.1.preproc,src/parse,1027
ttt-0.10.1.preproc,src/main,937
ttt-0.10.1.preproc,src/util,1684
ttt-0.10.1.preproc,src/ttt,4301
ttt-0.10.1.preproc,src/connect4,2897
unrarlib-0.4.0,samples/unix/getfile/getfile,725
unrarlib-0.4.0,samples/unix/listarchive/listarchive,906
unrarlib-0.4.0,unrarlib/unrarlib,9464
zlib-1.1.4,compress,110
zlib-1.1.4,crc32,1240
zlib-1.1.4,zutil,203
zlib-1.1.4,inffast,838
zlib-1.1.4,uncompr,90
zlib-1.1.4,adler32,222
zlib-1.1.4,deflate,4208
zlib-1.1.4,inftrees,6305
zlib-1.1.4,gzio,2495
zlib-1.1.4,trees,7476
zlib-1.1.4,inflate,1315
zlib-1.1.4,infutil,248
zlib-1.1.4,infblock,1930
zlib-1.1.4,infcodes,1186
