size
"2",,"","","","","arm-none-eabi-gcc (GCC) 5.3.0"
"","-Os -std=gnu89 -marm -mcpu=arm966e-s -mno-thumb-interwork"
bzip2-1.0.2,compress,8907
bzip2-1.0.2,huffman,1316
bzip2-1.0.2,blocksort,6911
bzip2-1.0.2,crctable,1024
bzip2-1.0.2,decompress,9971
bzip2-1.0.2,bzip2,18561
bzip2-1.0.2,randtable,2048
bzip2-1.0.2,bzip2recover,3797
bzip2-1.0.2,bzlib,11471
cg_compiler_opensrc,cpp,7510
cg_compiler_opensrc,parser,16263
cg_compiler_opensrc,atom,3696
cg_compiler_opensrc,constfold,4812
cg_compiler_opensrc,printutils,10935
cg_compiler_opensrc,cgstruct,140
cg_compiler_opensrc,binding,1703
cg_compiler_opensrc,symbols,7161
cg_compiler_opensrc,compile,14414
cg_compiler_opensrc,memory,620
cg_compiler_opensrc,tokenize,678
cg_compiler_opensrc,inline,3018
cg_compiler_opensrc,semantic,4834
cg_compiler_opensrc,scanner,6959
cg_compiler_opensrc,stdlib,3222
cg_compiler_opensrc,support,26331
cg_compiler_opensrc,check,3733
cg_compiler_opensrc,tokens,3257
cg_compiler_opensrc,cgcmain,2527
cg_compiler_opensrc,support_iter,2390
cg_compiler_opensrc,hal,3007
cg_compiler_opensrc,generic_hal,2635
compiler,main,2702
compiler,parser,4868
compiler,scanner,3807
compiler,cg,3051
compiler,vam,4287
compiler,vas,6834
flex-2.5.31,parse,9438
flex-2.5.31,skel,94034
flex-2.5.31,tables,2253
flex-2.5.31,libmain,20
flex-2.5.31,regex,655
flex-2.5.31,main,21774
flex-2.5.31,ecs,576
flex-2.5.31,scan,46176
flex-2.5.31,tblcmp,3900
flex-2.5.31,sym,995
flex-2.5.31,ccl,1392
flex-2.5.31,yylex,1360
flex-2.5.31,nfa,4076
flex-2.5.31,filter,2401
flex-2.5.31,buf,1095
flex-2.5.31,gen,24682
flex-2.5.31,tables_shared,36
flex-2.5.31,options,2610
flex-2.5.31,libyywrap,8
flex-2.5.31,dfa,7830
flex-2.5.31,scanopt,3874
flex-2.5.31,misc,6138
jikespg-1.3,src/ctabs,50008
jikespg-1.3,src/main,6455
jikespg-1.3,src/mkfirst,15972
jikespg-1.3,src/mkstates,3258
jikespg-1.3,src/spacetab,22272
jikespg-1.3,src/partset,1796
jikespg-1.3,src/tabutil,14558
jikespg-1.3,src/prntstat,3748
jikespg-1.3,src/lpgparse,49485
jikespg-1.3,src/timetab,10868
jikespg-1.3,src/remsp,8662
jikespg-1.3,src/globals,268
jikespg-1.3,src/resolve,13516
jikespg-1.3,src/mkred,7492
jikespg-1.3,src/produce,12513
jikespg-1.3,src/ptables,3651
jikespg-1.3,src/lpgutil,5319
jpeg-6b,wrjpgcom,3935
jpeg-6b,jcdctmgr,1600
jpeg-6b,jddctmgr,920
jpeg-6b,jerror,5646
jpeg-6b,jdmainct,1824
jpeg-6b,jidctfst,1036
jpeg-6b,jfdctfst,528
jpeg-6b,jfdctint,768
jpeg-6b,jidctint,1464
jpeg-6b,jdmarker,7584
jpeg-6b,rdgif,93
jpeg-6b,jctrans,1636
jpeg-6b,djpeg,6663
jpeg-6b,jdapistd,1204
jpeg-6b,wrrle,0
jpeg-6b,jdtrans,440
jpeg-6b,jccolor,1708
jpeg-6b,cjpeg,6093
jpeg-6b,wrgif,3940
jpeg-6b,jcparam,3640
jpeg-6b,jchuff,4004
jpeg-6b,jdcolor,1420
jpeg-6b,jcomapi,184
jpeg-6b,jdphuff,3488
jpeg-6b,jccoefct,2148
jpeg-6b,jcapimin,1024
jpeg-6b,rdcolmap,1752
jpeg-6b,jdpostct,1036
jpeg-6b,transupp,5352
jpeg-6b,jdhuff,3044
jpeg-6b,wrtarga,1296
jpeg-6b,jcsample,2468
jpeg-6b,jdatasrc,420
jpeg-6b,jcmainct,480
jpeg-6b,wrbmp,3728
jpeg-6b,rdbmp,2536
jpeg-6b,jcinit,224
jpeg-6b,rdrle,0
jpeg-6b,jquant2,4948
jpeg-6b,jdinput,1572
jpeg-6b,rdjpgcom,2663
jpeg-6b,jdsample,1852
jpeg-6b,jdmaster,2240
jpeg-6b,ansi2knr,3100
jpeg-6b,jdmerge,1632
jpeg-6b,jdatadst,356
jpeg-6b,jcmaster,3344
jpeg-6b,jcapistd,652
jpeg-6b,jcprepct,1540
jpeg-6b,jpegtran,4204
jpeg-6b,jidctflt,1624
jpeg-6b,jmemnobs,72
jpeg-6b,rdswitch,2348
jpeg-6b,wrppm,758
jpeg-6b,jidctred,1480
jpeg-6b,rdppm,2180
jpeg-6b,jdcoefct,3956
jpeg-6b,jquant1,3320
jpeg-6b,jfdctflt,1172
jpeg-6b,jdapimin,1432
jpeg-6b,jcmarker,2264
jpeg-6b,rdtarga,2240
jpeg-6b,jcphuff,3316
jpeg-6b,jmemmgr,3874
jpeg-6b,jutils,452
jpeg-6b,cdjpeg,148
libmspack,mspack/system,894
libmspack,mspack/chmd,4172
libmspack,mspack/hlpc,12
libmspack,mspack/qtmc,0
libmspack,mspack/kwajd,12
libmspack,mspack/chmc,12
libmspack,mspack/litc,12
libmspack,mspack/qtmd,6148
libmspack,mspack/lzxc,0
libmspack,mspack/cabc,12
libmspack,mspack/litd,12
libmspack,mspack/hlpd,12
libmspack,mspack/mszipc,0
libmspack,mspack/lzxd,7428
libmspack,mspack/cabd,7208
libmspack,mspack/mszipd,36
libmspack,mspack/kwajc,12
libmspack,mspack/szddd,12
libmspack,mspack/szddc,12
libmspack,test/cabd_md5,1321
libmspack,test/cabextract_md5,25246
libmspack,test/md5,3620
libmspack,test/chmd_md5,1234
libmspack,test/cabrip,531
libmspack,test/cabd_test,10472
libpng-1.2.5,pngtest,7204
libpng-1.2.5,png2pnm,2969
libpng-1.2.5,pngrtran,20912
libpng-1.2.5,pngrio,329
libpng-1.2.5,pngwtran,1972
libpng-1.2.5,pngget,3148
libpng-1.2.5,pngtrans,2344
libpng-1.2.5,pngread,7518
libpng-1.2.5,pnm2png,3413
libpng-1.2.5,pngerror,1075
libpng-1.2.5,png,2953
libpng-1.2.5,pngwio,361
libpng-1.2.5,pngwrite,6965
libpng-1.2.5,pngpread,6647
libpng-1.2.5,pngwutil,13493
libpng-1.2.5,pngset,6949
libpng-1.2.5,pngrutil,16815
libpng-1.2.5,pngmem,549
linux-2.4.23-pre3-testplatform,arch/testplatform/mm/init,1868
linux-2.4.23-pre3-testplatform,arch/testplatform/mm/ioremap,739
linux-2.4.23-pre3-testplatform,arch/testplatform/mm/fault,470
linux-2.4.23-pre3-testplatform,arch/testplatform/mm/extable,88
linux-2.4.23-pre3-testplatform,arch/testplatform/lib/checksum,8
linux-2.4.23-pre3-testplatform,arch/testplatform/lib/strcmp,8
linux-2.4.23-pre3-testplatform,arch/testplatform/lib/misaligned,144
linux-2.4.23-pre3-testplatform,arch/testplatform/lib/memcpy,8
linux-2.4.23-pre3-testplatform,arch/testplatform/lib/delay,8
linux-2.4.23-pre3-testplatform,arch/testplatform/lib/strncpy,8
linux-2.4.23-pre3-testplatform,arch/testplatform/lib/memset,8
linux-2.4.23-pre3-testplatform,arch/testplatform/lib/uaccess,24
linux-2.4.23-pre3-testplatform,arch/testplatform/kernel/s390_ext,724
linux-2.4.23-pre3-testplatform,arch/testplatform/kernel/sys_s390,1005
linux-2.4.23-pre3-testplatform,arch/testplatform/kernel/cpcmd,4
linux-2.4.23-pre3-testplatform,arch/testplatform/kernel/init_task,16384
linux-2.4.23-pre3-testplatform,arch/testplatform/kernel/signal,3992
linux-2.4.23-pre3-testplatform,arch/testplatform/kernel/ebcdic,1536
linux-2.4.23-pre3-testplatform,arch/testplatform/kernel/entry,36
linux-2.4.23-pre3-testplatform,arch/testplatform/kernel/head,4
linux-2.4.23-pre3-testplatform,arch/testplatform/kernel/ptrace,1580
linux-2.4.23-pre3-testplatform,arch/testplatform/kernel/irq,36
linux-2.4.23-pre3-testplatform,arch/testplatform/kernel/bitmap,3
linux-2.4.23-pre3-testplatform,arch/testplatform/kernel/semaphore,304
linux-2.4.23-pre3-testplatform,arch/testplatform/kernel/time,20
linux-2.4.23-pre3-testplatform,arch/testplatform/kernel/s390fpu,28
linux-2.4.23-pre3-testplatform,arch/testplatform/kernel/debug,4134
linux-2.4.23-pre3-testplatform,arch/testplatform/kernel/needed,32
linux-2.4.23-pre3-testplatform,arch/testplatform/kernel/setup,2240
linux-2.4.23-pre3-testplatform,arch/testplatform/kernel/traps,4142
linux-2.4.23-pre3-testplatform,arch/testplatform/kernel/process,1187
linux-2.4.23-pre3-testplatform,arch/testplatform/kernel/reipl,4
linux-2.4.23-pre3-testplatform,fs/char_dev,451
linux-2.4.23-pre3-testplatform,fs/namespace,4911
linux-2.4.23-pre3-testplatform,fs/xattr,952
linux-2.4.23-pre3-testplatform,fs/attr,830
linux-2.4.23-pre3-testplatform,fs/partitions/msdos,428
linux-2.4.23-pre3-testplatform,fs/partitions/check,1711
linux-2.4.23-pre3-testplatform,fs/exec,4816
linux-2.4.23-pre3-testplatform,fs/locks,8132
linux-2.4.23-pre3-testplatform,fs/iobuf,1107
linux-2.4.23-pre3-testplatform,fs/binfmt_script,464
linux-2.4.23-pre3-testplatform,fs/dnotify,620
linux-2.4.23-pre3-testplatform,fs/fcntl,1746
linux-2.4.23-pre3-testplatform,fs/pipe,2430
linux-2.4.23-pre3-testplatform,fs/quota,3210
linux-2.4.23-pre3-testplatform,fs/nfsd/nfsctl,887
linux-2.4.23-pre3-testplatform,fs/nfsd/vfs,8228
linux-2.4.23-pre3-testplatform,fs/nfsd/nfscache,1907
linux-2.4.23-pre3-testplatform,fs/nfsd/nfssvc,1482
linux-2.4.23-pre3-testplatform,fs/nfsd/stats,44
linux-2.4.23-pre3-testplatform,fs/nfsd/lockd,280
linux-2.4.23-pre3-testplatform,fs/nfsd/auth,140
linux-2.4.23-pre3-testplatform,fs/nfsd/nfsproc,3615
linux-2.4.23-pre3-testplatform,fs/nfsd/export,5277
linux-2.4.23-pre3-testplatform,fs/nfsd/nfsxdr,2312
linux-2.4.23-pre3-testplatform,fs/nfsd/nfs3xdr,5048
linux-2.4.23-pre3-testplatform,fs/nfsd/nfs3proc,3262
linux-2.4.23-pre3-testplatform,fs/nfsd/nfsfh,5102
linux-2.4.23-pre3-testplatform,fs/fifo,768
linux-2.4.23-pre3-testplatform,fs/ramfs/inode,1427
linux-2.4.23-pre3-testplatform,fs/filesystems,0
linux-2.4.23-pre3-testplatform,fs/file_table,1007
linux-2.4.23-pre3-testplatform,fs/block_dev,3833
linux-2.4.23-pre3-testplatform,fs/readdir,1693
linux-2.4.23-pre3-testplatform,fs/binfmt_elf,0
linux-2.4.23-pre3-testplatform,fs/inode,5121
linux-2.4.23-pre3-testplatform,fs/nfs/unlink,820
linux-2.4.23-pre3-testplatform,fs/nfs/symlink,440
linux-2.4.23-pre3-testplatform,fs/nfs/proc,1764
linux-2.4.23-pre3-testplatform,fs/nfs/write,5842
linux-2.4.23-pre3-testplatform,fs/nfs/inode,6676
linux-2.4.23-pre3-testplatform,fs/nfs/file,1088
linux-2.4.23-pre3-testplatform,fs/nfs/dir,4868
linux-2.4.23-pre3-testplatform,fs/nfs/nfs3xdr,5656
linux-2.4.23-pre3-testplatform,fs/nfs/pagelist,2475
linux-2.4.23-pre3-testplatform,fs/nfs/read,2176
linux-2.4.23-pre3-testplatform,fs/nfs/flushd,588
linux-2.4.23-pre3-testplatform,fs/nfs/nfs2xdr,3864
linux-2.4.23-pre3-testplatform,fs/nfs/nfs3proc,3072
linux-2.4.23-pre3-testplatform,fs/devices,990
linux-2.4.23-pre3-testplatform,fs/lockd/svcproc,2992
linux-2.4.23-pre3-testplatform,fs/lockd/svcshare,448
linux-2.4.23-pre3-testplatform,fs/lockd/xdr,3963
linux-2.4.23-pre3-testplatform,fs/lockd/svc4proc,2940
linux-2.4.23-pre3-testplatform,fs/lockd/clntproc,3035
linux-2.4.23-pre3-testplatform,fs/lockd/svcsubs,1287
linux-2.4.23-pre3-testplatform,fs/lockd/mon,1078
linux-2.4.23-pre3-testplatform,fs/lockd/host,1716
linux-2.4.23-pre3-testplatform,fs/lockd/xdr4,3904
linux-2.4.23-pre3-testplatform,fs/lockd/svc,1656
linux-2.4.23-pre3-testplatform,fs/lockd/svclock,2383
linux-2.4.23-pre3-testplatform,fs/lockd/clntlock,972
linux-2.4.23-pre3-testplatform,fs/lockd/lockd_syms,0
linux-2.4.23-pre3-testplatform,fs/file,773
linux-2.4.23-pre3-testplatform,fs/jbd/commit,4606
linux-2.4.23-pre3-testplatform,fs/jbd/journal,8287
linux-2.4.23-pre3-testplatform,fs/jbd/transaction,10276
linux-2.4.23-pre3-testplatform,fs/jbd/checkpoint,3482
linux-2.4.23-pre3-testplatform,fs/jbd/revoke,2351
linux-2.4.23-pre3-testplatform,fs/jbd/recovery,2222
linux-2.4.23-pre3-testplatform,fs/bad_inode,256
linux-2.4.23-pre3-testplatform,fs/stat,716
linux-2.4.23-pre3-testplatform,fs/open,4024
linux-2.4.23-pre3-testplatform,fs/super,3610
linux-2.4.23-pre3-testplatform,fs/select,2344
linux-2.4.23-pre3-testplatform,fs/seq_file,2344
linux-2.4.23-pre3-testplatform,fs/namei,9629
linux-2.4.23-pre3-testplatform,fs/read_write,2364
linux-2.4.23-pre3-testplatform,fs/ioctl,508
linux-2.4.23-pre3-testplatform,fs/buffer,12265
linux-2.4.23-pre3-testplatform,fs/dcache,4658
linux-2.4.23-pre3-testplatform,fs/ext3/fsync,277
linux-2.4.23-pre3-testplatform,fs/ext3/ialloc,2635
linux-2.4.23-pre3-testplatform,fs/ext3/symlink,112
linux-2.4.23-pre3-testplatform,fs/ext3/inode,10613
linux-2.4.23-pre3-testplatform,fs/ext3/file,376
linux-2.4.23-pre3-testplatform,fs/ext3/balloc,4276
linux-2.4.23-pre3-testplatform,fs/ext3/bitmap,148
linux-2.4.23-pre3-testplatform,fs/ext3/dir,1044
linux-2.4.23-pre3-testplatform,fs/ext3/super,9652
linux-2.4.23-pre3-testplatform,fs/ext3/namei,6675
linux-2.4.23-pre3-testplatform,fs/ext3/ioctl,811
linux-2.4.23-pre3-testplatform,mm/swap,426
linux-2.4.23-pre3-testplatform,mm/vmalloc,2279
linux-2.4.23-pre3-testplatform,mm/numa,908
linux-2.4.23-pre3-testplatform,mm/mmap,5139
linux-2.4.23-pre3-testplatform,mm/mprotect,1954
linux-2.4.23-pre3-testplatform,mm/bootmem,1763
linux-2.4.23-pre3-testplatform,mm/memory,6682
linux-2.4.23-pre3-testplatform,mm/swapfile,7196
linux-2.4.23-pre3-testplatform,mm/shmem,6847
linux-2.4.23-pre3-testplatform,mm/mlock,1464
linux-2.4.23-pre3-testplatform,mm/filemap,13893
linux-2.4.23-pre3-testplatform,mm/page_io,663
linux-2.4.23-pre3-testplatform,mm/page_alloc,4223
linux-2.4.23-pre3-testplatform,mm/slab,3918
linux-2.4.23-pre3-testplatform,mm/swap_state,1163
linux-2.4.23-pre3-testplatform,mm/oom_kill,675
linux-2.4.23-pre3-testplatform,mm/vmscan,2682
linux-2.4.23-pre3-testplatform,mm/mremap,2206
linux-2.4.23-pre3-testplatform,lib/string,892
linux-2.4.23-pre3-testplatform,lib/zlib_inflate/inffast,1046
linux-2.4.23-pre3-testplatform,lib/zlib_inflate/inflate_syms,0
linux-2.4.23-pre3-testplatform,lib/zlib_inflate/inftrees,6757
linux-2.4.23-pre3-testplatform,lib/zlib_inflate/inflate,2930
linux-2.4.23-pre3-testplatform,lib/zlib_inflate/infutil,392
linux-2.4.23-pre3-testplatform,lib/zlib_inflate/infblock,2562
linux-2.4.23-pre3-testplatform,lib/zlib_inflate/infcodes,1654
linux-2.4.23-pre3-testplatform,lib/vsprintf,3873
linux-2.4.23-pre3-testplatform,lib/bust_spinlocks,78
linux-2.4.23-pre3-testplatform,lib/errno,0
linux-2.4.23-pre3-testplatform,lib/brlock,0
linux-2.4.23-pre3-testplatform,lib/zlib_deflate/deflate_syms,0
linux-2.4.23-pre3-testplatform,lib/zlib_deflate/deflate,6244
linux-2.4.23-pre3-testplatform,lib/zlib_deflate/deftree,8516
linux-2.4.23-pre3-testplatform,lib/dec_and_lock,0
linux-2.4.23-pre3-testplatform,lib/cmdline,316
linux-2.4.23-pre3-testplatform,lib/ctype,256
linux-2.4.23-pre3-testplatform,lib/dump_stack,66
linux-2.4.23-pre3-testplatform,lib/rbtree,1120
linux-2.4.23-pre3-testplatform,lib/rwsem-spinlock,624
linux-2.4.23-pre3-testplatform,net/core/sock,4153
linux-2.4.23-pre3-testplatform,net/core/scm,1112
linux-2.4.23-pre3-testplatform,net/core/iovec,1088
linux-2.4.23-pre3-testplatform,net/core/skbuff,6233
linux-2.4.23-pre3-testplatform,net/core/ethtool,2728
linux-2.4.23-pre3-testplatform,net/core/datagram,2047
linux-2.4.23-pre3-testplatform,net/core/utils,289
linux-2.4.23-pre3-testplatform,net/core/dev_mcast,973
linux-2.4.23-pre3-testplatform,net/core/dst,1016
linux-2.4.23-pre3-testplatform,net/core/neighbour,8977
linux-2.4.23-pre3-testplatform,net/core/dev,10346
linux-2.4.23-pre3-testplatform,net/core/rtnetlink,3337
linux-2.4.23-pre3-testplatform,net/socket,7294
linux-2.4.23-pre3-testplatform,net/802/p8023,134
linux-2.4.23-pre3-testplatform,net/ethernet/eth,697
linux-2.4.23-pre3-testplatform,net/8021q/vlan,2670
linux-2.4.23-pre3-testplatform,net/8021q/vlanproc,28
linux-2.4.23-pre3-testplatform,net/8021q/vlan_dev,4090
linux-2.4.23-pre3-testplatform,net/sunrpc/xdr,2028
linux-2.4.23-pre3-testplatform,net/sunrpc/auth_null,376
linux-2.4.23-pre3-testplatform,net/sunrpc/timer,184
linux-2.4.23-pre3-testplatform,net/sunrpc/auth,1096
linux-2.4.23-pre3-testplatform,net/sunrpc/clnt,4660
linux-2.4.23-pre3-testplatform,net/sunrpc/svcsock,6076
linux-2.4.23-pre3-testplatform,net/sunrpc/xprt,7185
linux-2.4.23-pre3-testplatform,net/sunrpc/pmap_clnt,849
linux-2.4.23-pre3-testplatform,net/sunrpc/svcauth,708
linux-2.4.23-pre3-testplatform,net/sunrpc/auth_unix,1054
linux-2.4.23-pre3-testplatform,net/sunrpc/sched,4972
linux-2.4.23-pre3-testplatform,net/sunrpc/svc,2369
linux-2.4.23-pre3-testplatform,net/sunrpc/sunrpc_syms,0
linux-2.4.23-pre3-testplatform,net/sched/sch_generic,2630
linux-2.4.23-pre3-testplatform,net/netlink/af_netlink,4852
linux-2.4.23-pre3-testplatform,net/ipv4/tcp_output,9940
linux-2.4.23-pre3-testplatform,net/ipv4/tcp_ipv4,14713
linux-2.4.23-pre3-testplatform,net/ipv4/tcp,17837
linux-2.4.23-pre3-testplatform,net/ipv4/route,12276
linux-2.4.23-pre3-testplatform,net/ipv4/ip_input,931
linux-2.4.23-pre3-testplatform,net/ipv4/sysctl_net_ipv4,0
linux-2.4.23-pre3-testplatform,net/ipv4/ip_options,3750
linux-2.4.23-pre3-testplatform,net/ipv4/tcp_timer,3822
linux-2.4.23-pre3-testplatform,net/ipv4/fib_hash,4185
linux-2.4.23-pre3-testplatform,net/ipv4/icmp,4270
linux-2.4.23-pre3-testplatform,net/ipv4/ip_fragment,3337
linux-2.4.23-pre3-testplatform,net/ipv4/proc,2850
linux-2.4.23-pre3-testplatform,net/ipv4/fib_semantics,3630
linux-2.4.23-pre3-testplatform,net/ipv4/igmp,11834
linux-2.4.23-pre3-testplatform,net/ipv4/fib_frontend,2980
linux-2.4.23-pre3-testplatform,net/ipv4/udp,5864
linux-2.4.23-pre3-testplatform,net/ipv4/af_inet,6225
linux-2.4.23-pre3-testplatform,net/ipv4/utils,100
linux-2.4.23-pre3-testplatform,net/ipv4/inetpeer,2178
linux-2.4.23-pre3-testplatform,net/ipv4/ip_forward,508
linux-2.4.23-pre3-testplatform,net/ipv4/protocol,554
linux-2.4.23-pre3-testplatform,net/ipv4/tcp_diag,3754
linux-2.4.23-pre3-testplatform,net/ipv4/tcp_input,22092
linux-2.4.23-pre3-testplatform,net/ipv4/ip_output,4911
linux-2.4.23-pre3-testplatform,net/ipv4/ip_sockglue,5788
linux-2.4.23-pre3-testplatform,net/ipv4/tcp_minisocks,4811
linux-2.4.23-pre3-testplatform,net/ipv4/raw,3808
linux-2.4.23-pre3-testplatform,net/ipv4/devinet,6115
linux-2.4.23-pre3-testplatform,net/ipv4/arp,5136
linux-2.4.23-pre3-testplatform,init/main,1498
linux-2.4.23-pre3-testplatform,init/do_mounts,3686
linux-2.4.23-pre3-testplatform,init/version,502
linux-2.4.23-pre3-testplatform,drivers/block/genhd,288
linux-2.4.23-pre3-testplatform,drivers/block/blkpg,1252
linux-2.4.23-pre3-testplatform,drivers/block/ll_rw_blk,6121
linux-2.4.23-pre3-testplatform,drivers/block/elevator,820
linux-2.4.23-pre3-testplatform,drivers/net/loopback,416
linux-2.4.23-pre3-testplatform,drivers/net/net_init,803
linux-2.4.23-pre3-testplatform,drivers/net/Space,3500
linux-2.4.23-pre3-testplatform,drivers/net/auto_irq,72
linux-2.4.23-pre3-testplatform,drivers/net/setup,52
linux-2.4.23-pre3-testplatform,drivers/char/n_tty,5215
linux-2.4.23-pre3-testplatform,drivers/char/random,5568
linux-2.4.23-pre3-testplatform,drivers/char/mem,2860
linux-2.4.23-pre3-testplatform,drivers/char/tty_io,11597
linux-2.4.23-pre3-testplatform,drivers/char/pty,1839
linux-2.4.23-pre3-testplatform,drivers/char/tty_ioctl,2083
linux-2.4.23-pre3-testplatform,drivers/char/raw,1588
linux-2.4.23-pre3-testplatform,drivers/char/misc,1044
linux-2.4.23-pre3-testplatform,kernel/sys,4643
linux-2.4.23-pre3-testplatform,kernel/resource,1285
linux-2.4.23-pre3-testplatform,kernel/softirq,1910
linux-2.4.23-pre3-testplatform,kernel/signal,4183
linux-2.4.23-pre3-testplatform,kernel/fork,3613
linux-2.4.23-pre3-testplatform,kernel/acct,8
linux-2.4.23-pre3-testplatform,kernel/itimer,744
linux-2.4.23-pre3-testplatform,kernel/timer,3085
linux-2.4.23-pre3-testplatform,kernel/context,759
linux-2.4.23-pre3-testplatform,kernel/exit,2547
linux-2.4.23-pre3-testplatform,kernel/dma,20
linux-2.4.23-pre3-testplatform,kernel/module,979
linux-2.4.23-pre3-testplatform,kernel/ptrace,1316
linux-2.4.23-pre3-testplatform,kernel/capability,88
linux-2.4.23-pre3-testplatform,kernel/printk,2524
linux-2.4.23-pre3-testplatform,kernel/kmod,860
linux-2.4.23-pre3-testplatform,kernel/exec_domain,855
linux-2.4.23-pre3-testplatform,kernel/sched,4641
linux-2.4.23-pre3-testplatform,kernel/time,1708
linux-2.4.23-pre3-testplatform,kernel/info,340
linux-2.4.23-pre3-testplatform,kernel/user,256
linux-2.4.23-pre3-testplatform,kernel/panic,654
linux-2.4.23-pre3-testplatform,kernel/sysctl,100
linux-2.4.23-pre3-testplatform,ipc/sem,5319
linux-2.4.23-pre3-testplatform,ipc/util,1135
linux-2.4.23-pre3-testplatform,ipc/shm,3507
linux-2.4.23-pre3-testplatform,ipc/msg,2934
lwip-0.5.3.preproc,proj/unixsim/simhost,414
lwip-0.5.3.preproc,proj/unixsim/simnode,382
lwip-0.5.3.preproc,proj/unixsim/apps/fs,39845
lwip-0.5.3.preproc,proj/unixsim/apps/udpecho,160
lwip-0.5.3.preproc,proj/unixsim/apps/shell,9985
lwip-0.5.3.preproc,proj/unixsim/apps/httpd,859
lwip-0.5.3.preproc,proj/unixsim/apps/tcpecho,160
lwip-0.5.3.preproc,proj/unixsim/simrouter,554
lwip-0.5.3.preproc,src/netif/tcpdump,1767
lwip-0.5.3.preproc,src/netif/loopif,140
lwip-0.5.3.preproc,src/netif/arp,1668
lwip-0.5.3.preproc,src/core/tcp_output,3216
lwip-0.5.3.preproc,src/core/sys,460
lwip-0.5.3.preproc,src/core/tcp,3577
lwip-0.5.3.preproc,src/core/pbuf,1796
lwip-0.5.3.preproc,src/core/inet,480
lwip-0.5.3.preproc,src/core/stats,24
lwip-0.5.3.preproc,src/core/udp,1368
lwip-0.5.3.preproc,src/core/mem,1260
lwip-0.5.3.preproc,src/core/memp,904
lwip-0.5.3.preproc,src/core/tcp_input,5748
lwip-0.5.3.preproc,src/core/netif,636
lwip-0.5.3.preproc,src/core/ipv4/ip_addr,4
lwip-0.5.3.preproc,src/core/ipv4/icmp,948
lwip-0.5.3.preproc,src/core/ipv4/ip,1832
lwip-0.5.3.preproc,src/api/err,0
lwip-0.5.3.preproc,src/api/api_msg,2076
lwip-0.5.3.preproc,src/api/api_lib,2684
lwip-0.5.3.preproc,src/api/tcpip,380
lwip-0.5.3.preproc,src/api/sockets,1352
mpeg2dec-0.3.1,libvo/video_out_sdl,853
mpeg2dec-0.3.1,libvo/video_out_pgm,553
mpeg2dec-0.3.1,libvo/video_out_dx,0
mpeg2dec-0.3.1,libvo/video_out_null,252
mpeg2dec-0.3.1,libvo/video_out,150
mpeg2dec-0.3.1,libvo/video_out_x11,0
mpeg2dec-0.3.1,libvo/yuv2rgb,4564
mpeg2dec-0.3.1,libvo/yuv2rgb_mmx,0
mpeg2dec-0.3.1,libvo/yuv2rgb_mlib,0
mpeg2dec-0.3.1,src/getopt,3416
mpeg2dec-0.3.1,src/gettimeofday,0
mpeg2dec-0.3.1,src/extract_mpeg2,3816
mpeg2dec-0.3.1,src/mpeg2dec,5470
mpeg2dec-0.3.1,libmpeg2/idct_alpha,0
mpeg2dec-0.3.1,libmpeg2/cpu_accel,8
mpeg2dec-0.3.1,libmpeg2/motion_comp,6488
mpeg2dec-0.3.1,libmpeg2/motion_comp_alpha,0
mpeg2dec-0.3.1,libmpeg2/cpu_state,4
mpeg2dec-0.3.1,libmpeg2/idct_mmx,0
mpeg2dec-0.3.1,libmpeg2/decode,2272
mpeg2dec-0.3.1,libmpeg2/slice,17156
mpeg2dec-0.3.1,libmpeg2/idct_mlib,0
mpeg2dec-0.3.1,libmpeg2/idct_altivec,0
mpeg2dec-0.3.1,libmpeg2/motion_comp_mlib,0
mpeg2dec-0.3.1,libmpeg2/idct,1760
mpeg2dec-0.3.1,libmpeg2/header,4364
mpeg2dec-0.3.1,libmpeg2/motion_comp_altivec,0
mpeg2dec-0.3.1,libmpeg2/motion_comp_mmx,0
mpeg2dec-0.3.1,libmpeg2/alloc,140
mpgcut-1.1,mpgcut,11803
OpenTCP-1.0.4,bootp/bootp,1580
OpenTCP-1.0.4,system,1320
OpenTCP-1.0.4,tcp,6154
OpenTCP-1.0.4,smtp/smtp_client,2428
OpenTCP-1.0.4,smtp/smtpc_callbacks,44
OpenTCP-1.0.4,dns/dns,1664
OpenTCP-1.0.4,icmp,420
OpenTCP-1.0.4,timers,280
OpenTCP-1.0.4,ethernet,2232
OpenTCP-1.0.4,pop3/pop3_client,4103
OpenTCP-1.0.4,pop3/pop3c_callbacks,36
OpenTCP-1.0.4,ip,2056
OpenTCP-1.0.4,udp,1810
OpenTCP-1.0.4,dhcp/dhcpc,2800
OpenTCP-1.0.4,demo/udp_demo,296
OpenTCP-1.0.4,demo/main_demo,312
OpenTCP-1.0.4,demo/tcp_client_demo,448
OpenTCP-1.0.4,demo/tcp_server_demo,400
OpenTCP-1.0.4,tftp/tftps,1028
OpenTCP-1.0.4,http/https_callbacks,664
OpenTCP-1.0.4,http/http_server,1620
OpenTCP-1.0.4,arp,2681
replaypc-0.4.0.preproc,dump-addressbook,493
replaypc-0.4.0.preproc,zipcode,399
replaypc-0.4.0.preproc,dump-guide,490
replaypc-0.4.0.preproc,rddnsclient,1210
replaypc-0.4.0.preproc,headend,1674
replaypc-0.4.0.preproc,ndx-dump,4120
replaypc-0.4.0.preproc,addressbook,727
replaypc-0.4.0.preproc,rtv,916
replaypc-0.4.0.preproc,ndx,533
replaypc-0.4.0.preproc,dump-cg2,503
replaypc-0.4.0.preproc,dump-filedarray,496
replaypc-0.4.0.preproc,un-protect,1294
replaypc-0.4.0.preproc,dump-programset,637
replaypc-0.4.0.preproc,dump-channelset,360
replaypc-0.4.0.preproc,crypt-test,1103
replaypc-0.4.0.preproc,guide,7450
replaypc-0.4.0.preproc,httpfsclient,2142
replaypc-0.4.0.preproc,program,4490
replaypc-0.4.0.preproc,bigfile,196
replaypc-0.4.0.preproc,rtvguide,1650
replaypc-0.4.0.preproc,httpclient,2412
replaypc-0.4.0.preproc,find-GOPs,200
replaypc-0.4.0.preproc,sleep,12
replaypc-0.4.0.preproc,cg,2231
replaypc-0.4.0.preproc,dump-replayshows,302
replaypc-0.4.0.preproc,rddns,541
replaypc-0.4.0.preproc,dump-replaychannels,318
replaypc-0.4.0.preproc,dump-headend,338
replaypc-0.4.0.preproc,channelset,211
replaypc-0.4.0.preproc,crypt,952
replaypc-0.4.0.preproc,mark-commercial,2150
replaypc-0.4.0.preproc,httpfs,6594
replaypc-0.4.0.preproc,filedarray,246
replaypc-0.4.0.preproc,build-ndx,484
replaypc-0.4.0.preproc,version-test,158
replaypc-0.4.0.preproc,dump,1649
replaypc-0.4.0.preproc,dump-zipcode2,294
replaypc-0.4.0.preproc,ReplayPC,4316
replaypc-0.4.0.preproc,guideclient,717
teem-1.6.0-src,src/air/sane,3294
teem-1.6.0-src,src/air/string,1448
teem-1.6.0-src,src/air/754,2111
teem-1.6.0-src,src/air/array,804
teem-1.6.0-src,src/air/parseAir,5364
teem-1.6.0-src,src/air/threadAir,1205
teem-1.6.0-src,src/air/endianAir,1340
teem-1.6.0-src,src/air/dio,1876
teem-1.6.0-src,src/air/enum,876
teem-1.6.0-src,src/air/miscAir,4792
teem-1.6.0-src,src/air/mop,1731
teem-1.6.0-src,src/air/test/doubleprint,698
teem-1.6.0-src,src/air/test/floatprint,708
teem-1.6.0-src,src/air/test/tline,489
teem-1.6.0-src,src/air/test/fp,1870
teem-1.6.0-src,src/air/test/tmop,759
teem-1.6.0-src,src/air/test/tok,326
teem-1.6.0-src,src/limn/hestLimn,1222
teem-1.6.0-src,src/limn/qn,3361
teem-1.6.0-src,src/limn/splineEval,7629
teem-1.6.0-src,src/limn/splineMethods,5691
teem-1.6.0-src,src/limn/renderLimn,3807
teem-1.6.0-src,src/limn/obj,1104
teem-1.6.0-src,src/limn/shapes,5036
teem-1.6.0-src,src/limn/methodsLimn,284
teem-1.6.0-src,src/limn/transform,3933
teem-1.6.0-src,src/limn/cam,6218
teem-1.6.0-src,src/limn/light,1030
teem-1.6.0-src,src/limn/splineMisc,14850
teem-1.6.0-src,src/limn/env,1440
teem-1.6.0-src,src/limn/io,889
teem-1.6.0-src,src/limn/test/soid,4621
teem-1.6.0-src,src/limn/test/tps,3488
teem-1.6.0-src,src/limn/test/tcam,1400
teem-1.6.0-src,src/limn/test/tbc,2076
teem-1.6.0-src,src/limn/test/tcamanim,3959
teem-1.6.0-src,src/limn/test/light,620
teem-1.6.0-src,src/limn/test/map,388
teem-1.6.0-src,src/limn/test/tspline,2469
teem-1.6.0-src,src/limn/defaultsLimn,13
teem-1.6.0-src,src/bane/gkmsFlotsam,3554
teem-1.6.0-src,src/bane/trex,422
teem-1.6.0-src,src/bane/methodsBane,695
teem-1.6.0-src,src/bane/clip,1567
teem-1.6.0-src,src/bane/gkmsHvol,3298
teem-1.6.0-src,src/bane/gkmsScat,1844
teem-1.6.0-src,src/bane/valid,2906
teem-1.6.0-src,src/bane/gkmsMite,1416
teem-1.6.0-src,src/bane/gkmsOpac,3705
teem-1.6.0-src,src/bane/gkmsTxf,3716
teem-1.6.0-src,src/bane/hvol,8449
teem-1.6.0-src,src/bane/scat,921
teem-1.6.0-src,src/bane/measr,1742
teem-1.6.0-src,src/bane/trnsf,5439
teem-1.6.0-src,src/bane/gkmsPvg,3730
teem-1.6.0-src,src/bane/gkmsInfo,1545
teem-1.6.0-src,src/bane/defaultsBane,29
teem-1.6.0-src,src/bane/test/sigma,213
teem-1.6.0-src,src/bane/test/pos,697
teem-1.6.0-src,src/bane/test/tblah,1221
teem-1.6.0-src,src/bane/test/opac,586
teem-1.6.0-src,src/bane/test/tinfo,625
teem-1.6.0-src,src/bane/inc,4393
teem-1.6.0-src,src/bane/rangeBane,1993
teem-1.6.0-src,src/alan/methodsAlan,2800
teem-1.6.0-src,src/alan/coreAlan,5367
teem-1.6.0-src,src/alan/enumsAlan,2480
teem-1.6.0-src,src/alan/test/tspot,1207
teem-1.6.0-src,src/echo/sqd,8933
teem-1.6.0-src,src/echo/set,1064
teem-1.6.0-src,src/echo/renderEcho,5886
teem-1.6.0-src,src/echo/bounds,6879
teem-1.6.0-src,src/echo/matter,492
teem-1.6.0-src,src/echo/methodsEcho,793
teem-1.6.0-src,src/echo/model,1508
teem-1.6.0-src,src/echo/intx,17034
teem-1.6.0-src,src/echo/enumsEcho,13168
teem-1.6.0-src,src/echo/list,1628
teem-1.6.0-src,src/echo/color,10460
teem-1.6.0-src,src/echo/lightEcho,897
teem-1.6.0-src,src/echo/objmethods,1480
teem-1.6.0-src,src/echo/test/test,1178
teem-1.6.0-src,src/echo/test/trend,9169
teem-1.6.0-src,src/nrrd/methodsNrrd,4909
teem-1.6.0-src,src/nrrd/endianNrrd,827
teem-1.6.0-src,src/nrrd/format,704
teem-1.6.0-src,src/nrrd/simple,5359
teem-1.6.0-src,src/nrrd/encodingRaw,2252
teem-1.6.0-src,src/nrrd/encodingGzip,621
teem-1.6.0-src,src/nrrd/range,780
teem-1.6.0-src,src/nrrd/apply1D,9494
teem-1.6.0-src,src/nrrd/histogram,7465
teem-1.6.0-src,src/nrrd/hestNrrd,1343
teem-1.6.0-src,src/nrrd/keyvalue,997
teem-1.6.0-src,src/nrrd/measure,11780
teem-1.6.0-src,src/nrrd/formatPNG,742
teem-1.6.0-src,src/nrrd/encoding,660
teem-1.6.0-src,src/nrrd/winKernel,25968
teem-1.6.0-src,src/nrrd/gzio,0
teem-1.6.0-src,src/nrrd/encodingBzip2,554
teem-1.6.0-src,src/nrrd/reorder,10660
teem-1.6.0-src,src/nrrd/cc,13406
teem-1.6.0-src,src/nrrd/write,4946
teem-1.6.0-src,src/nrrd/comment,579
teem-1.6.0-src,src/nrrd/axis,3852
teem-1.6.0-src,src/nrrd/convertNrrd,3288
teem-1.6.0-src,src/nrrd/tmfKernel,155057
teem-1.6.0-src,src/nrrd/arraysNrrd,2368
teem-1.6.0-src,src/nrrd/formatText,3166
teem-1.6.0-src,src/nrrd/formatNRRD,4244
teem-1.6.0-src,src/nrrd/resampleNrrd,8056
teem-1.6.0-src,src/nrrd/enumsNrrd,86276
teem-1.6.0-src,src/nrrd/subset,3032
teem-1.6.0-src,src/nrrd/kernel,30554
teem-1.6.0-src,src/nrrd/defaultsNrrd,807
teem-1.6.0-src,src/nrrd/filt,7294
teem-1.6.0-src,src/nrrd/map,6283
teem-1.6.0-src,src/nrrd/formatPNM,3523
teem-1.6.0-src,src/nrrd/formatVTK,6407
teem-1.6.0-src,src/nrrd/superset,5436
teem-1.6.0-src,src/nrrd/iter,863
teem-1.6.0-src,src/nrrd/read,3379
teem-1.6.0-src,src/nrrd/encodingAscii,1705
teem-1.6.0-src,src/nrrd/encodingHex,1620
teem-1.6.0-src,src/nrrd/test/tread,348
teem-1.6.0-src,src/nrrd/test/typestest,412
teem-1.6.0-src,src/nrrd/test/minmax,356
teem-1.6.0-src,src/nrrd/test/convo,2405
teem-1.6.0-src,src/nrrd/test/tkernel,2191
teem-1.6.0-src,src/nrrd/test/tline,442
teem-1.6.0-src,src/nrrd/test/trand,201
teem-1.6.0-src,src/nrrd/test/kv,439
teem-1.6.0-src,src/nrrd/test/ax,3429
teem-1.6.0-src,src/nrrd/test/io,489
teem-1.6.0-src,src/nrrd/test/quadvol,2185
teem-1.6.0-src,src/nrrd/test/genvol,2035
teem-1.6.0-src,src/nrrd/ccmethods,1416
teem-1.6.0-src,src/nrrd/parseNrrd,7190
teem-1.6.0-src,src/nrrd/accessors,8231
teem-1.6.0-src,src/nrrd/formatEPS,2821
teem-1.6.0-src,src/nrrd/arith,6903
teem-1.6.0-src,src/hoover/defaultsHoover,19
teem-1.6.0-src,src/hoover/rays,4435
teem-1.6.0-src,src/hoover/stub,80
teem-1.6.0-src,src/hoover/methodsHoover,2010
teem-1.6.0-src,src/hest/methodsHest,2805
teem-1.6.0-src,src/hest/usage,3426
teem-1.6.0-src,src/hest/parseHest,14114
teem-1.6.0-src,src/hest/defaultsHest,12
teem-1.6.0-src,src/hest/test/strings,1215
teem-1.6.0-src,src/hest/test/ex0,537
teem-1.6.0-src,src/hest/test/ex3,1774
teem-1.6.0-src,src/hest/test/bday,1298
teem-1.6.0-src,src/hest/test/ex5,993
teem-1.6.0-src,src/hest/test/ex4,1308
teem-1.6.0-src,src/hest/test/ex2,1192
teem-1.6.0-src,src/hest/test/ex1,1335
teem-1.6.0-src,src/biff/test/test,244
teem-1.6.0-src,src/biff/biff,2851
teem-1.6.0-src,src/ten/tendShrink,1172
teem-1.6.0-src,src/ten/tendSim,1648
teem-1.6.0-src,src/ten/defaultsTen,64
teem-1.6.0-src,src/ten/mod,3733
teem-1.6.0-src,src/ten/tendEvec,2134
teem-1.6.0-src,src/ten/tendMake,1193
teem-1.6.0-src,src/ten/tendPoint,1956
teem-1.6.0-src,src/ten/chan,10181
teem-1.6.0-src,src/ten/tendAnhist,1435
teem-1.6.0-src,src/ten/tendEllipse,3025
teem-1.6.0-src,src/ten/tendSatin,6704
teem-1.6.0-src,src/ten/tendEpireg,5084
teem-1.6.0-src,src/ten/tendEvq,2477
teem-1.6.0-src,src/ten/tendEvaladd,1220
teem-1.6.0-src,src/ten/tendSlice,1293
teem-1.6.0-src,src/ten/tendEvalclamp,1532
teem-1.6.0-src,src/ten/glyph,6215
teem-1.6.0-src,src/ten/tendBmat,1561
teem-1.6.0-src,src/ten/tendAnplot,1913
teem-1.6.0-src,src/ten/tensor,7746
teem-1.6.0-src,src/ten/fiber,5382
teem-1.6.0-src,src/ten/tenGage,4513
teem-1.6.0-src,src/ten/tendSten,1626
teem-1.6.0-src,src/ten/tendFiber,3068
teem-1.6.0-src,src/ten/enumsTen,26184
teem-1.6.0-src,src/ten/tendEval,2080
teem-1.6.0-src,src/ten/tendEvecrgb,2235
teem-1.6.0-src,src/ten/tendEstim,4401
teem-1.6.0-src,src/ten/tendFlotsam,1598
teem-1.6.0-src,src/ten/tendGlyph,7672
teem-1.6.0-src,src/ten/fiberMethods,3177
teem-1.6.0-src,src/ten/miscTen,4353
teem-1.6.0-src,src/ten/tendNorm,1573
teem-1.6.0-src,src/ten/tendAnscale,1667
teem-1.6.0-src,src/ten/tendAnvol,1765
teem-1.6.0-src,src/ten/aniso,4547
teem-1.6.0-src,src/ten/tendEvalpow,1131
teem-1.6.0-src,src/ten/test/tg,3171
teem-1.6.0-src,src/ten/test/tem,1224
teem-1.6.0-src,src/ten/test/tt,3522
teem-1.6.0-src,src/ten/bimod,7065
teem-1.6.0-src,src/ten/tendExpand,1716
teem-1.6.0-src,src/ten/epireg,16631
teem-1.6.0-src,src/moss/hestMoss,1310
teem-1.6.0-src,src/moss/methodsMoss,1304
teem-1.6.0-src,src/moss/sampler,2809
teem-1.6.0-src,src/moss/xform,3902
teem-1.6.0-src,src/moss/defaultsMoss,17
teem-1.6.0-src,src/moss/test/invert,392
teem-1.6.0-src,src/unrrdu/gamma,1638
teem-1.6.0-src,src/unrrdu/ccsettle,1366
teem-1.6.0-src,src/unrrdu/axsplit,1404
teem-1.6.0-src,src/unrrdu/swap,1117
teem-1.6.0-src,src/unrrdu/unquantize,1483
teem-1.6.0-src,src/unrrdu/flotsam,3326
teem-1.6.0-src,src/unrrdu/imap,2902
teem-1.6.0-src,src/unrrdu/jhisto,3105
teem-1.6.0-src,src/unrrdu/join,1756
teem-1.6.0-src,src/unrrdu/data,1508
teem-1.6.0-src,src/unrrdu/block,1366
teem-1.6.0-src,src/unrrdu/cmedian,2944
teem-1.6.0-src,src/unrrdu/ccadj,1425
teem-1.6.0-src,src/unrrdu/inset,1709
teem-1.6.0-src,src/unrrdu/resample,3846
teem-1.6.0-src,src/unrrdu/unblock,1430
teem-1.6.0-src,src/unrrdu/minmax,1406
teem-1.6.0-src,src/unrrdu/project,2197
teem-1.6.0-src,src/unrrdu/head,1770
teem-1.6.0-src,src/unrrdu/permute,1293
teem-1.6.0-src,src/unrrdu/ccmerge,3059
teem-1.6.0-src,src/unrrdu/1op,2007
teem-1.6.0-src,src/unrrdu/ccfind,2081
teem-1.6.0-src,src/unrrdu/lut,2473
teem-1.6.0-src,src/unrrdu/crop,1732
teem-1.6.0-src,src/unrrdu/rmap,2913
teem-1.6.0-src,src/unrrdu/axdelete,1826
teem-1.6.0-src,src/unrrdu/histo,1854
teem-1.6.0-src,src/unrrdu/flip,1078
teem-1.6.0-src,src/unrrdu/convert,1420
teem-1.6.0-src,src/unrrdu/slice,1585
teem-1.6.0-src,src/unrrdu/2op,2574
teem-1.6.0-src,src/unrrdu/dice,2118
teem-1.6.0-src,src/unrrdu/save,3138
teem-1.6.0-src,src/unrrdu/3op,2756
teem-1.6.0-src,src/unrrdu/axinfo,1809
teem-1.6.0-src,src/unrrdu/axmerge,1667
teem-1.6.0-src,src/unrrdu/histax,1675
teem-1.6.0-src,src/unrrdu/pad,2144
teem-1.6.0-src,src/unrrdu/dhisto,1634
teem-1.6.0-src,src/unrrdu/reshape,1254
teem-1.6.0-src,src/unrrdu/shuffle,2036
teem-1.6.0-src,src/unrrdu/axinsert,1409
teem-1.6.0-src,src/unrrdu/splice,1737
teem-1.6.0-src,src/unrrdu/make,7482
teem-1.6.0-src,src/unrrdu/quantize,1926
teem-1.6.0-src,src/unrrdu/about,2887
teem-1.6.0-src,src/unrrdu/heq,2425
teem-1.6.0-src,src/mite/renderMite,1365
teem-1.6.0-src,src/mite/ray,4694
teem-1.6.0-src,src/mite/txf,7907
teem-1.6.0-src,src/mite/thread,378
teem-1.6.0-src,src/mite/user,1019
teem-1.6.0-src,src/mite/defaultsMite,37
teem-1.6.0-src,src/hex/dehex,1431
teem-1.6.0-src,src/hex/enhex,901
teem-1.6.0-src,src/dye/methodsDye,2302
teem-1.6.0-src,src/dye/test/bow,738
teem-1.6.0-src,src/dye/test/conv,476
teem-1.6.0-src,src/dye/convertDye,4452
teem-1.6.0-src,src/gage/sclprint,1093
teem-1.6.0-src,src/gage/vecGage,14568
teem-1.6.0-src,src/gage/sclfilter,12773
teem-1.6.0-src,src/gage/scl,19232
teem-1.6.0-src,src/gage/update,5784
teem-1.6.0-src,src/gage/ctx,5424
teem-1.6.0-src,src/gage/print,7093
teem-1.6.0-src,src/gage/filter,4103
teem-1.6.0-src,src/gage/st,4195
teem-1.6.0-src,src/gage/sclanswer,9497
teem-1.6.0-src,src/gage/vecprint,52
teem-1.6.0-src,src/gage/defaultsGage,53
teem-1.6.0-src,src/gage/pvl,1859
teem-1.6.0-src,src/gage/miscGage,5439
teem-1.6.0-src,src/gage/shape,3820
teem-1.6.0-src,src/ell/miscEll,1251
teem-1.6.0-src,src/ell/genmat,4063
teem-1.6.0-src,src/ell/vecEll,2088
teem-1.6.0-src,src/ell/eigen,5864
teem-1.6.0-src,src/ell/quat,21194
teem-1.6.0-src,src/ell/cubicEll,2824
teem-1.6.0-src,src/ell/mat,34260
teem-1.6.0-src,src/ell/test/sort3,878
teem-1.6.0-src,src/ell/test/invert,861
teem-1.6.0-src,src/ell/test/tq,7615
ttt-0.10.1.preproc,src/engine,2292
ttt-0.10.1.preproc,src/parse,1455
ttt-0.10.1.preproc,src/main,1369
ttt-0.10.1.preproc,src/util,1948
ttt-0.10.1.preproc,src/ttt,6113
ttt-0.10.1.preproc,src/connect4,3993
unrarlib-0.4.0,samples/unix/getfile/getfile,837
unrarlib-0.4.0,samples/unix/listarchive/listarchive,1026
unrarlib-0.4.0,unrarlib/unrarlib,13076
zlib-1.1.4,compress,178
zlib-1.1.4,crc32,1320
zlib-1.1.4,zutil,215
zlib-1.1.4,inffast,1110
zlib-1.1.4,uncompr,146
zlib-1.1.4,adler32,368
zlib-1.1.4,deflate,6784
zlib-1.1.4,inftrees,6929
zlib-1.1.4,gzio,4087
zlib-1.1.4,trees,9684
zlib-1.1.4,inflate,2275
zlib-1.1.4,infutil,392
zlib-1.1.4,infblock,2990
zlib-1.1.4,infcodes,1718
